Customer ID,Customer Name,Segment,Country,State,City,Postal Code,Region
CUST-00001,Kiran Reddy,Home Office,India,Delhi,Dwarka,877572,North
CUST-00002,Anita Iyer,Consumer,India,Goa,Panaji,542417,West
CUST-00003,Arun Menon,Small Business,India,Bihar,Gaya,781453,East
CUST-00004,Arun Gupta,Home Office,India,Bihar,Patna,543143,East
CUST-00005,Divya Iyer,Home Office,India,Andhra Pradesh,Guntur,201414,South
CUST-00006,Anita Mishra,Small Business,India,Rajasthan,Jaipur,230889,West
CUST-00007,Ashok Pillai,Consumer,India,Rajasthan,Udaipur,301629,West
CUST-00008,Karthik Rao,Home Office,India,Haryana,Gurugram,498591,North
CUST-00009,Pooja Menon,Consumer,India,Odisha,Bhubaneswar,379946,East
CUST-00010,Sneha Mishra,Corporate,India,Andhra Pradesh,Guntur,383060,South
CUST-00011,Anjali Sharma,Home Office,India,Kerala,Thiruvananthapuram,520651,South
CUST-00012,Ravi Verma,Small Business,India,Tamil Nadu,Salem,787277,South
CUST-00013,Suresh Nair,Home Office,India,Tamil Nadu,Madurai,881177,South
CUST-00014,POOJA RAO,Small Business,India,Haryana,Panchkula,634277,North
CUST-00015,Divya Nair,Small Business,India,West Bengal,Howrah,267753,East
CUST-00016,Manoj Patel,Consumer,India,Rajasthan,Jodhpur,112038,West
CUST-00017,KIRAN VERMA,Small Business,India,Haryana,Faridabad,407757,North
CUST-00018,Anita Patel,Corporate,India,Gujarat,Surat,898975,West
CUST-00019,Naveen Menon,Corporate,India,Uttar Pradesh,Lucknow,492077,North
CUST-00020,Arun Verma,Consumer,India,Gujarat,Ahmedabad,120422,West
CUST-00021,Meena Rao,Consumer,India,Punjab,Ludhiana,352572,North
CUST-00022,Vijay Nair,Small Business,India,Haryana,Panchkula,791798,North
CUST-00023,Lakshmi Das,Corporate,India,Tamil Nadu,Salem,665492,South
CUST-00024,  pooja mishra  ,Consumer,India,Gujarat,Vadodara,573417,West
CUST-00025,Neha Rao,Consumer,India,Goa,Panaji,330914,West
CUST-00026,Ashok Sharma,Corporate,India,Kerala,Kozhikode,174299,South
CUST-00027,Anita Joshi,Small Business,India,Tamil Nadu,Madurai,922733,South
CUST-00028,Kavya Pillai,Small Business,India,Maharashtra,Mumbai,531071,West
CUST-00029,Kiran Reddy,Home Office,India,Punjab,Ludhiana,522179,North
CUST-00030,Neha Mishra,Corporate,India,Haryana,Panchkula,542374,North
CUST-00031,Manoj Reddy,Consumer,India,Punjab,Ludhiana,783823,North
CUST-00032,Sneha Das,Corporate,India,Gujarat,Ahmedabad,604740,West
CUST-00033,Arun Chatterjee,Small Business,India,Karnataka,Bengaluru,922157,South
CUST-00034,Shalini Joshi,Home Office,India,Uttar Pradesh,Lucknow,299122,North
CUST-00035,Priya Verma,Small Business,India,Punjab,Ludhiana,152578,North
CUST-00036,Arjun Iyer,Consumer,India,Uttar Pradesh,Kanpur,171849,North
CUST-00037,Ashok Rao,Consumer,India,Goa,Panaji,723398,West
CUST-00038,Arjun Verma,Home Office,India,Karnataka,Bengaluru,314181,South
CUST-00039,,Consumer,India,Kerala,Thiruvananthapuram,888387,South
CUST-00040,Lakshmi Reddy,Corporate,India,Punjab,Amritsar,663750,North
CUST-00041,Karthik Rao,Corporate,India,Andhra Pradesh,Vijayawada,398830,South
CUST-00042,Shalini Kumar,Home Office,India,Odisha,Bhubaneswar,956795,East
CUST-00043,Suresh Reddy,Corporate,India,Haryana,Gurugram,878480,North
CUST-00044,Vikram Patel,Home Office,India,Gujarat,Surat,612262,West
CUST-00045,Kavya Patel,Home Office,India,Delhi,Rohini,103717,North
CUST-00046,Anita Mishra,Small Business,India,Rajasthan,Jodhpur,839945,West
CUST-00047,Ravi Nair,Home Office,India,Rajasthan,Jaipur,137778,West
CUST-00048,Meena Pillai,Corporate,India,Delhi,Rohini,475190,North
CUST-00049,Neha Das,Corporate,India,West Bengal,Kolkata,885884,East
CUST-00050,Shalini Gupta,Corporate,India,Telangana,Warangal,125990,South
CUST-00051,SHALINI RAO,Consumer,India,Karnataka,Mysuru,266931,South
CUST-00052,Deepa Rao,Small Business,India,Tamil Nadu,Chennai,956253,South
CUST-00053,Anjali Kumar,Small Business,India,Odisha,Bhubaneswar,302511,East
CUST-00054,Suresh Pillai,Small Business,India,West Bengal,Siliguri,634150,East
CUST-00055,Arun Reddy,Home Office,India,Karnataka,Bengaluru,287241,South
CUST-00056,Shalini Verma,Consumer,India,Maharashtra,Mumbai,735656,West
CUST-00057,Ravi Das,Corporate,India,Delhi,New Delhi,645175,North
CUST-00058,Rahul Verma,Consumer,India,Odisha,Bhubaneswar,989208,East
CUST-00059,Kavya Verma,Home Office,India,Telangana,Hyderabad,831076,South
CUST-00060,Sanjay Gupta,Home Office,India,West Bengal,Kolkata,696750,East
CUST-00061,Vikram Das,Home Office,India,Goa,Panaji,736130,West
CUST-00062,Deepa Gupta,Home Office,India,Odisha,Bhubaneswar,188914,East
CUST-00063,  naveen rao  ,Corporate,India,Odisha,Cuttack,425498,East
CUST-00064,Deepa Iyer,Corporate,India,Maharashtra,Nagpur,534572,West
CUST-00065,Rohan Kumar,Small Business,India,Haryana,Gurugram,916232,North
CUST-00066,Manoj Sharma,Consumer,India,Rajasthan,Jodhpur,361303,West
CUST-00067,Neha Verma,Small Business,India,Maharashtra,Pune,742412,West
CUST-00068,Anita Joshi,Corporate,India,Maharashtra,Pune,371782,West
CUST-00069,Deepa Rao,Consumer,India,Karnataka,Mysuru,561239,South
CUST-00070,Ashok Iyer,Corporate,India,Haryana,Panchkula,258157,North
CUST-00071,Kavya Das,Small Business,India,Kerala,Kozhikode,668969,South
CUST-00072,,Small Business,India,Rajasthan,Udaipur,498858,West
CUST-00073,Pooja Singh,Small Business,India,Andhra Pradesh,Guntur,994905,South
CUST-00074,ASHOK RAO,Home Office,India,Gujarat,Ahmedabad,330080,West
CUST-00075,Rahul Chatterjee,Small Business,India,Jharkhand,Ranchi,273061,East
CUST-00076,Radha Chatterjee,Consumer,India,Goa,Panaji,691807,West
CUST-00077,Sneha Sharma,Home Office,India,Karnataka,Bengaluru,497519,South
CUST-00078,Sanjay Patel,Consumer,India,Telangana,Warangal,364525,South
CUST-00079,Pooja Rao,Consumer,India,West Bengal,Siliguri,171951,East
CUST-00080,Arun Nair,Small Business,India,Tamil Nadu,Madurai,232352,South
CUST-00081,Ravi Patel,Consumer,India,Andhra Pradesh,Vijayawada,275939,South
CUST-00082,Ganesh Kumar,Small Business,India,Kerala,Kochi,703766,South
CUST-00083,Ravi Rao,Home Office,India,Haryana,Gurugram,831059,North
CUST-00084,Ganesh Sharma,Small Business,India,Andhra Pradesh,Visakhapatnam,658623,South
CUST-00085,Arun Das,Small Business,India,Gujarat,Ahmedabad,210665,West
CUST-00086,Ravi Nair,Home Office,India,Maharashtra,Mumbai,284692,West
CUST-00087,Manoj Das,Home Office,India,Jharkhand,Ranchi,721254,East
CUST-00088,Suresh Mishra,Small Business,India,Tamil Nadu,Madurai,886931,South
CUST-00089,Deepa Verma,Corporate,India,Uttar Pradesh,Kanpur,611233,North
CUST-00090,Lakshmi Patel,Corporate,India,Rajasthan,Jodhpur,110644,West
CUST-00091,VIJAY RAO,Small Business,India,Bihar,Patna,599219,East
CUST-00092,Meena Rao,Corporate,India,Telangana,Hyderabad,825391,South
CUST-00093,Arjun Pillai,Home Office,India,Maharashtra,Mumbai,882169,West
CUST-00094,Anjali Reddy,Home Office,India,Jharkhand,Ranchi,301939,East
CUST-00095,Sneha Menon,Small Business,India,Tamil Nadu,Salem,874483,South
CUST-00096,Lakshmi Singh,Corporate,India,Haryana,Gurugram,973074,North
CUST-00097,Ravi Nair,Consumer,India,Karnataka,Mysuru,147726,South
CUST-00098,Preethi Joshi,Home Office,India,Haryana,Gurugram,112861,North
CUST-00099,Priya Patel,Consumer,India,Maharashtra,Nashik,219629,West
CUST-00100,Priya Nair,Home Office,India,Uttar Pradesh,Lucknow,950544,North
CUST-00101,Kavya Rao,Small Business,India,Gujarat,Vadodara,498855,West
CUST-00102,Kavya Singh,Consumer,India,Rajasthan,Udaipur,751194,West
CUST-00103,Vikram Menon,Consumer,India,Karnataka,Bengaluru,792509,South
CUST-00104,Arun Das,Small Business,India,Maharashtra,Pune,822858,West
CUST-00105,Ravi Mishra,Corporate,India,Punjab,Amritsar,820775,North
CUST-00106,Swathi Menon,Corporate,India,Maharashtra,Mumbai,220351,West
CUST-00107,Karthik Sharma,Home Office,India,Uttar Pradesh,Noida,931131,North
CUST-00108,Manoj Reddy,Home Office,India,Maharashtra,Nagpur,822131,West
CUST-00109,Deepa Mishra,Consumer,India,Punjab,Jalandhar,727086,North
CUST-00110,Arun Iyer,Consumer,India,Tamil Nadu,Coimbatore,807053,South
CUST-00111,Priya Gupta,Small Business,India,Maharashtra,Nashik,644173,West
CUST-00112,Kiran Joshi,Home Office,India,Punjab,Jalandhar,592841,North
CUST-00113,Sneha Verma,Small Business,India,Telangana,Warangal,827369,South
CUST-00114,Neha Sharma,Home Office,India,Maharashtra,Nagpur,192337,West
CUST-00115,Preethi Kumar,Small Business,India,Odisha,Bhubaneswar,668950,East
CUST-00116,Vijay Joshi,Consumer,India,West Bengal,Howrah,563513,East
CUST-00117,  manoj joshi  ,Corporate,India,Haryana,Faridabad,130271,North
CUST-00118,Kavya Iyer,Consumer,India,Tamil Nadu,Coimbatore,982277,South
CUST-00119,Deepa Singh,Home Office,India,Gujarat,Surat,839677,West
CUST-00120,Manoj Nair,Corporate,India,Andhra Pradesh,Guntur,299869,South
CUST-00121,Kavya Verma,Consumer,India,Gujarat,Surat,380150,West
CUST-00122,Swathi Joshi,Small Business,India,Uttar Pradesh,Lucknow,568238,North
CUST-00123,Manoj Verma,Corporate,India,Tamil Nadu,Chennai,831380,South
CUST-00124,Priya Verma,Small Business,India,Jharkhand,Jamshedpur,595951,East
CUST-00125,Rohan Joshi,Home Office,India,Delhi,Rohini,232378,North
CUST-00126,Arjun Mishra,Corporate,India,Delhi,New Delhi,857537,North
CUST-00127,Deepa Patel,Small Business,India,Kerala,Kozhikode,753534,South
CUST-00128,PREETHI CHATTERJEE,Small Business,India,Kerala,Thiruvananthapuram,757246,South
CUST-00129,Karthik Rao,Home Office,India,West Bengal,Howrah,817644,East
CUST-00130,DIVYA REDDY,Home Office,India,Maharashtra,Pune,274446,West
CUST-00131,Shalini Sharma,Home Office,India,Karnataka,Hubballi,475876,South
CUST-00132,Swathi Gupta,Consumer,India,Uttar Pradesh,Noida,283573,North
CUST-00133,Deepa Nair,Home Office,India,Tamil Nadu,Coimbatore,583550,South
CUST-00134,Manoj Singh,Corporate,India,Odisha,Cuttack,673149,East
CUST-00135,Meena Das,Small Business,India,Bihar,Patna,362246,East
CUST-00136,Deepa Reddy,Home Office,India,Tamil Nadu,Madurai,499889,South
CUST-00137,Naveen Chatterjee,Consumer,India,Karnataka,Mysuru,108491,South
CUST-00138,Ashok Singh,Home Office,India,Tamil Nadu,Coimbatore,736553,South
CUST-00139,Vijay Nair,Consumer,India,West Bengal,Howrah,201883,East
CUST-00140,Anita Nair,Home Office,India,Punjab,Jalandhar,409445,North
CUST-00141,Neha Pillai,Home Office,India,Gujarat,Vadodara,626169,West
CUST-00142,Deepa Singh,Consumer,India,Jharkhand,Jamshedpur,455168,East
CUST-00143,ANJALI CHATTERJEE,Consumer,India,Rajasthan,Jodhpur,483542,West
CUST-00144,Neha Reddy,Home Office,India,Maharashtra,Nagpur,486490,West
CUST-00145,Divya Rao,Home Office,India,Maharashtra,Nashik,126240,West
CUST-00146,NAVEEN MISHRA,Small Business,India,Bihar,Patna,416869,East
CUST-00147,Priya Singh,Consumer,India,Gujarat,Ahmedabad,221761,West
CUST-00148,Pooja Das,Corporate,India,Goa,Panaji,878325,West
CUST-00149,Lakshmi Das,Home Office,India,Karnataka,Mysuru,134305,South
CUST-00150,Pooja Reddy,Home Office,India,Odisha,Cuttack,485178,East
CUST-00151,  preethi mishra  ,Corporate,India,Punjab,Jalandhar,794963,North
CUST-00152,Shalini Verma,Corporate,India,Tamil Nadu,Madurai,232040,South
CUST-00153,Vikram Rao,Corporate,India,Kerala,Kozhikode,911984,South
CUST-00154,Rohan Nair,Corporate,India,Rajasthan,Jaipur,362829,West
CUST-00155,Pooja Rao,Consumer,India,Goa,Panaji,439498,West
CUST-00156,Arjun Reddy,Small Business,India,Jharkhand,Jamshedpur,166645,East
CUST-00157,Manoj Rao,Home Office,India,West Bengal,Kolkata,145471,East
CUST-00158,Deepa Chatterjee,Consumer,India,Maharashtra,Mumbai,819425,West
CUST-00159,Karthik Verma,Consumer,India,Goa,Margao,255539,West
CUST-00160,Ravi Verma,Home Office,India,Andhra Pradesh,Guntur,726410,South
CUST-00161,Ravi Reddy,Corporate,India,West Bengal,Siliguri,782535,East
CUST-00162,Naveen Mishra,Consumer,India,Telangana,Hyderabad,536196,South
CUST-00163,Rohan Joshi,Consumer,India,Punjab,Amritsar,195656,North
CUST-00164,Shalini Nair,Home Office,India,Rajasthan,Jodhpur,162894,West
CUST-00165,Vijay Das,Home Office,India,Jharkhand,Ranchi,153945,East
CUST-00166,Vikram Nair,Corporate,India,Odisha,Bhubaneswar,605612,East
CUST-00167,Divya Patel,Small Business,India,Rajasthan,Udaipur,337144,West
CUST-00168,Lakshmi Kumar,Home Office,India,Goa,Margao,789786,West
CUST-00169,Radha Verma,Corporate,India,Andhra Pradesh,Visakhapatnam,106402,South
CUST-00170,Rohan Kumar,Corporate,India,Punjab,Jalandhar,882354,North
CUST-00171,Meena Verma,Consumer,India,Rajasthan,Udaipur,725185,West
CUST-00172,Priya Iyer,Small Business,India,Karnataka,Mysuru,564637,South
CUST-00173,Vijay Reddy,Consumer,India,Andhra Pradesh,Visakhapatnam,550797,South
CUST-00174,Swathi Singh,Small Business,India,Delhi,Rohini,331230,North
CUST-00175,Vikram Nair,Home Office,India,Karnataka,Bengaluru,403507,South
CUST-00176,Rohan Chatterjee,Corporate,India,Rajasthan,Jaipur,837852,West
CUST-00177,Karthik Chatterjee,Small Business,India,Jharkhand,Jamshedpur,144357,East
CUST-00178,Ganesh Das,Small Business,India,Rajasthan,Udaipur,524068,West
CUST-00179,Sneha Mishra,Consumer,India,Bihar,Patna,479430,East
CUST-00180,Sanjay Iyer,Home Office,India,Telangana,Hyderabad,425346,South
CUST-00181,Kiran Reddy,Corporate,India,Gujarat,Vadodara,634723,West
CUST-00182,Naveen Nair,Corporate,India,Tamil Nadu,Madurai,207798,South
CUST-00183,Vijay Iyer,Small Business,India,Uttar Pradesh,Kanpur,910389,North
CUST-00184,Swathi Verma,Corporate,India,West Bengal,Howrah,431495,East
CUST-00185,Shalini Patel,Home Office,India,Goa,Panaji,158900,West
CUST-00186,Priya Pillai,Consumer,India,Karnataka,Hubballi,180458,South
CUST-00187,Neha Sharma,Corporate,India,Maharashtra,Pune,949153,West
CUST-00188,Priya Mishra,Home Office,India,Haryana,Gurugram,950360,North
CUST-00189,Priya Rao,Small Business,India,Bihar,Gaya,559022,East
CUST-00190,Radha Singh,Home Office,India,Andhra Pradesh,Guntur,528625,South
CUST-00191,Rahul Iyer,Small Business,India,Kerala,Kozhikode,199096,South
CUST-00192,Radha Nair,Corporate,India,Kerala,Kozhikode,185461,South
CUST-00193,Swathi Chatterjee,Consumer,India,Haryana,Panchkula,723945,North
CUST-00194,Naveen Nair,Consumer,India,Odisha,Bhubaneswar,836971,East
CUST-00195,Pooja Singh,Home Office,India,Uttar Pradesh,Kanpur,324597,North
CUST-00196,Rohan Nair,Consumer,India,Punjab,Amritsar,410160,North
CUST-00197,Arjun Sharma,Corporate,India,Odisha,Bhubaneswar,453123,East
CUST-00198,Ravi Gupta,Consumer,India,Jharkhand,Ranchi,558933,East
CUST-00199,Manoj Singh,Small Business,India,Jharkhand,Jamshedpur,921874,East
CUST-00200,Shalini Joshi,Small Business,India,Tamil Nadu,Chennai,485709,South
CUST-00201,Arjun Das,Corporate,India,Uttar Pradesh,Noida,956572,North
CUST-00202,Kiran Joshi,Consumer,India,Andhra Pradesh,Vijayawada,681478,South
CUST-00203,Karthik Gupta,Corporate,India,Karnataka,Mysuru,571145,South
CUST-00204,Naveen Mishra,Small Business,India,Andhra Pradesh,Visakhapatnam,127965,South
CUST-00205,Karthik Pillai,Home Office,India,Tamil Nadu,Coimbatore,129556,South
CUST-00206,Shalini Nair,Home Office,India,Haryana,Panchkula,140163,North
CUST-00207,VIJAY JOSHI,Consumer,India,Maharashtra,Pune,745239,West
CUST-00208,Vikram Nair,Small Business,India,Rajasthan,Jodhpur,862560,West
CUST-00209,Priya Rao,Small Business,India,Telangana,Warangal,769989,South
CUST-00210,  neha kumar  ,Corporate,India,West Bengal,Howrah,640410,East
CUST-00211,Pooja Rao,Corporate,India,Rajasthan,Udaipur,536802,West
CUST-00212,Karthik Kumar,Consumer,India,Andhra Pradesh,Guntur,592972,South
CUST-00213,Arun Pillai,Corporate,India,Punjab,Amritsar,461551,North
CUST-00214,Anita Verma,Home Office,India,Haryana,Panchkula,146489,North
CUST-00215,Vijay Mishra,Corporate,India,Bihar,Patna,601776,East
CUST-00216,Manoj Sharma,Consumer,India,Karnataka,Hubballi,311383,South
CUST-00217,Meena Chatterjee,Home Office,India,Rajasthan,Jaipur,596395,West
CUST-00218,Preethi Sharma,Home Office,India,West Bengal,Siliguri,448048,East
CUST-00219,Anita Mishra,Corporate,India,Andhra Pradesh,Guntur,455505,South
CUST-00220,Arjun Patel,Small Business,India,Punjab,Jalandhar,862400,North
CUST-00221,Neha Singh,Consumer,India,Kerala,Thiruvananthapuram,207581,South
CUST-00222,RAVI DAS,Small Business,India,Uttar Pradesh,Noida,823270,North
CUST-00223,Preethi Pillai,Home Office,India,West Bengal,Kolkata,556068,East
CUST-00224,Swathi Chatterjee,Corporate,India,Andhra Pradesh,Vijayawada,638009,South
CUST-00225,Shalini Mishra,Consumer,India,Delhi,Rohini,232361,North
CUST-00226,Ganesh Sharma,Small Business,India,Goa,Margao,260891,West
CUST-00227,Ganesh Nair,Small Business,India,Gujarat,Vadodara,484774,West
CUST-00228,Arun Gupta,Small Business,India,Gujarat,Ahmedabad,642895,West
CUST-00229,Ravi Mishra,Home Office,India,Tamil Nadu,Salem,741599,South
CUST-00230,Rohan Iyer,Small Business,India,Maharashtra,Pune,281043,West
CUST-00231,Rahul Pillai,Home Office,India,Bihar,Gaya,168093,East
CUST-00232,Radha Gupta,Corporate,India,Andhra Pradesh,Vijayawada,633469,South
CUST-00233,Shalini Joshi,Home Office,India,Delhi,Dwarka,478427,North
CUST-00234,Ashok Iyer,Small Business,India,Punjab,Amritsar,424314,North
CUST-00235,Vijay Das,Corporate,India,Rajasthan,Udaipur,177333,West
CUST-00236,Swathi Pillai,Corporate,India,Haryana,Panchkula,969325,North
CUST-00237,Preethi Sharma,Corporate,India,Haryana,Faridabad,643269,North
CUST-00238,Anjali Pillai,Consumer,India,Gujarat,Vadodara,397846,West
CUST-00239,Rohan Singh,Consumer,India,West Bengal,Kolkata,659392,East
CUST-00240,Rohan Gupta,Home Office,India,Odisha,Bhubaneswar,754813,East
CUST-00241,Arun Iyer,Home Office,India,Delhi,Rohini,772612,North
CUST-00242,Kiran Kumar,Home Office,India,Gujarat,Ahmedabad,757629,West
CUST-00243,Shalini Chatterjee,Consumer,India,Kerala,Kochi,575575,South
CUST-00244,Manoj Menon,Corporate,India,Kerala,Kozhikode,736129,South
CUST-00245,Preethi Pillai,Home Office,India,Telangana,Hyderabad,237118,South
CUST-00246,Divya Patel,Corporate,India,Maharashtra,Pune,359961,West
CUST-00247,Lakshmi Das,Home Office,India,Tamil Nadu,Madurai,267457,South
CUST-00248,Sneha Joshi,Small Business,India,Gujarat,Surat,589491,West
CUST-00249,Sanjay Mishra,Home Office,India,Tamil Nadu,Madurai,325595,South
CUST-00250,Naveen Joshi,Consumer,India,Karnataka,Hubballi,662761,South
CUST-00251,Anita Pillai,Consumer,India,Telangana,Hyderabad,483713,South
CUST-00252,Neha Singh,Small Business,India,Punjab,Amritsar,505116,North
CUST-00253,Swathi Reddy,Small Business,India,Haryana,Panchkula,201377,North
CUST-00254,POOJA NAIR,Small Business,India,Tamil Nadu,Chennai,731728,South
CUST-00255,Rohan Verma,Small Business,India,Maharashtra,Nashik,644559,West
CUST-00256,Radha Verma,Home Office,India,Uttar Pradesh,Noida,512042,North
CUST-00257,Deepa Singh,Consumer,India,Maharashtra,Nashik,955374,West
CUST-00258,Ganesh Singh,Consumer,India,Jharkhand,Ranchi,821466,East
CUST-00259,Vijay Rao,Small Business,India,Jharkhand,Ranchi,153849,East
CUST-00260,Naveen Chatterjee,Corporate,India,Uttar Pradesh,Lucknow,961574,North
CUST-00261,Arun Mishra,Corporate,India,Kerala,Thiruvananthapuram,539122,South
CUST-00262,Lakshmi Joshi,Consumer,India,Jharkhand,Jamshedpur,862736,East
CUST-00263,Swathi Joshi,Home Office,India,Gujarat,Vadodara,495129,West
CUST-00264,Neha Pillai,Home Office,India,Odisha,Cuttack,909489,East
CUST-00265,Neha Singh,Home Office,India,Tamil Nadu,Coimbatore,412071,South
CUST-00266,Deepa Pillai,Home Office,India,Rajasthan,Jodhpur,934042,West
CUST-00267,Ashok Chatterjee,Corporate,India,Andhra Pradesh,Visakhapatnam,910616,South
CUST-00268,Pooja Mishra,Small Business,India,West Bengal,Siliguri,368900,East
CUST-00269,Neha Patel,Corporate,India,Haryana,Panchkula,214532,North
CUST-00270,Kiran Rao,Small Business,India,Punjab,Ludhiana,205065,North
CUST-00271,Rohan Kumar,Small Business,India,Rajasthan,Jodhpur,265613,West
CUST-00272,Kiran Menon,Home Office,India,Karnataka,Hubballi,436768,South
CUST-00273,Ganesh Rao,Consumer,India,Rajasthan,Jaipur,874568,West
CUST-00274,Sneha Sharma,Small Business,India,Telangana,Hyderabad,926236,South
CUST-00275,Meena Sharma,Consumer,India,Delhi,New Delhi,412886,North
CUST-00276,Kiran Joshi,Small Business,India,Haryana,Panchkula,992400,North
CUST-00277,Anita Mishra,Corporate,India,West Bengal,Siliguri,369761,East
CUST-00278,Swathi Menon,Small Business,India,Uttar Pradesh,Kanpur,740632,North
CUST-00279,Swathi Reddy,Small Business,India,Uttar Pradesh,Kanpur,247442,North
CUST-00280,Anjali Mishra,Home Office,India,Karnataka,Mysuru,445637,South
CUST-00281,Pooja Rao,Consumer,India,Punjab,Ludhiana,800224,North
CUST-00282,Radha Singh,Home Office,India,Bihar,Patna,223119,East
CUST-00283,Deepa Nair,Home Office,India,Maharashtra,Nagpur,884056,West
CUST-00284,Neha Menon,Consumer,India,Tamil Nadu,Madurai,813390,South
CUST-00285,Radha Reddy,Corporate,India,Punjab,Ludhiana,969032,North
CUST-00286,Arjun Mishra,Corporate,India,Haryana,Faridabad,813341,North
CUST-00287,Manoj Sharma,Small Business,India,Maharashtra,Nagpur,238353,West
CUST-00288,SHALINI SINGH,Small Business,India,Jharkhand,Ranchi,122827,East
CUST-00289,Vikram Iyer,Home Office,India,Delhi,Rohini,544278,North
CUST-00290,Ashok Iyer,Home Office,India,Maharashtra,Nashik,133276,West
CUST-00291,Anita Das,Small Business,India,Andhra Pradesh,Vijayawada,501058,South
CUST-00292,Swathi Nair,Consumer,India,West Bengal,Siliguri,464663,East
CUST-00293,Anita Rao,Consumer,India,Delhi,New Delhi,892911,North
CUST-00294,Kavya Chatterjee,Small Business,India,Tamil Nadu,Coimbatore,359535,South
CUST-00295,Anita Reddy,Small Business,India,Delhi,Rohini,948799,North
CUST-00296,Anjali Menon,Consumer,India,Punjab,Amritsar,205797,North
CUST-00297,Anjali Sharma,Corporate,India,Telangana,Hyderabad,560285,South
CUST-00298,Rohan Singh,Home Office,India,Tamil Nadu,Coimbatore,955413,South
CUST-00299,Anjali Singh,Corporate,India,Uttar Pradesh,Lucknow,792282,North
CUST-00300,GANESH GUPTA,Small Business,India,West Bengal,Howrah,811721,East
CUST-00301,Pooja Chatterjee,Small Business,India,Gujarat,Vadodara,434217,West
CUST-00302,Neha Joshi,Corporate,India,Tamil Nadu,Madurai,990598,South
CUST-00303,Radha Sharma,Small Business,India,Rajasthan,Jodhpur,532723,West
CUST-00304,Vikram Verma,Small Business,India,West Bengal,Siliguri,182911,East
CUST-00305,Vikram Sharma,Consumer,India,Karnataka,Mysuru,495489,South
CUST-00306,Anita Menon,Home Office,India,Maharashtra,Nashik,319036,West
CUST-00307,Vikram Reddy,Small Business,India,Jharkhand,Jamshedpur,890973,East
CUST-00308,Sanjay Rao,Home Office,India,Rajasthan,Jodhpur,437237,West
CUST-00309,Suresh Pillai,Small Business,India,Gujarat,Surat,621433,West
CUST-00310,Naveen Verma,Home Office,India,Tamil Nadu,Salem,488712,South
CUST-00311,Rohan Kumar,Small Business,India,Karnataka,Bengaluru,680189,South
CUST-00312,Ganesh Rao,Home Office,India,Gujarat,Ahmedabad,677390,West
CUST-00313,Kiran Joshi,Home Office,India,Maharashtra,Nagpur,276405,West
CUST-00314,Radha Sharma,Consumer,India,Gujarat,Vadodara,135466,West
CUST-00315,KAVYA NAIR,Consumer,India,West Bengal,Howrah,342675,East
CUST-00316,ARJUN MISHRA,Small Business,India,Andhra Pradesh,Vijayawada,163386,South
CUST-00317,Neha Das,Home Office,India,Delhi,New Delhi,117538,North
CUST-00318,Ravi Das,Consumer,India,Uttar Pradesh,Kanpur,212214,North
CUST-00319,Suresh Pillai,Small Business,India,Karnataka,Mysuru,933551,South
CUST-00320,Anjali Rao,Consumer,India,Kerala,Kochi,817269,South
CUST-00321,KARTHIK CHATTERJEE,Small Business,India,Andhra Pradesh,Guntur,495490,South
CUST-00322,Sneha Iyer,Small Business,India,Gujarat,Ahmedabad,986392,West
CUST-00323,Divya Sharma,Small Business,India,Tamil Nadu,Coimbatore,321686,South
CUST-00324,Suresh Sharma,Home Office,India,Uttar Pradesh,Kanpur,991737,North
CUST-00325,Naveen Chatterjee,Corporate,India,Punjab,Amritsar,413814,North
CUST-00326,Swathi Verma,Corporate,India,Andhra Pradesh,Guntur,892313,South
CUST-00327,Anita Pillai,Small Business,India,Punjab,Ludhiana,202430,North
CUST-00328,Lakshmi Chatterjee,Home Office,India,Kerala,Thiruvananthapuram,131064,South
CUST-00329,Neha Chatterjee,Small Business,India,Maharashtra,Mumbai,294760,West
CUST-00330,Ravi Iyer,Corporate,India,Punjab,Jalandhar,380989,North
CUST-00331,,Consumer,India,Andhra Pradesh,Vijayawada,211726,South
CUST-00332,Meena Mishra,Home Office,India,Andhra Pradesh,Vijayawada,898329,South
CUST-00333,Neha Das,Consumer,India,Haryana,Gurugram,127537,North
CUST-00334,Rahul Chatterjee,Small Business,India,Delhi,New Delhi,406024,North
CUST-00335,Ashok Rao,Corporate,India,Rajasthan,Udaipur,646417,West
CUST-00336,Suresh Joshi,Corporate,India,Uttar Pradesh,Lucknow,166340,North
CUST-00337,Karthik Pillai,Small Business,India,Karnataka,Bengaluru,358568,South
CUST-00338,Meena Kumar,Small Business,India,Telangana,Hyderabad,448354,South
CUST-00339,Naveen Nair,Corporate,India,Kerala,Kochi,436241,South
CUST-00340,Rahul Singh,Small Business,India,Jharkhand,Jamshedpur,828716,East
CUST-00341,Suresh Chatterjee,Corporate,India,Andhra Pradesh,Vijayawada,219420,South
CUST-00342,Neha Kumar,Corporate,India,Jharkhand,Ranchi,584045,East
CUST-00343,Naveen Das,Corporate,India,Odisha,Cuttack,623557,East
CUST-00344,Ravi Das,Small Business,India,Andhra Pradesh,Guntur,177558,South
CUST-00345,Arjun Das,Home Office,India,Rajasthan,Jaipur,138551,West
CUST-00346,Radha Iyer,Corporate,India,Haryana,Gurugram,906306,North
CUST-00347,Priya Chatterjee,Small Business,India,Kerala,Kozhikode,934908,South
CUST-00348,Anita Rao,Small Business,India,Maharashtra,Pune,492292,West
CUST-00349,Rohan Pillai,Consumer,India,Delhi,Dwarka,606222,North
CUST-00350,Naveen Nair,Home Office,India,Andhra Pradesh,Visakhapatnam,427040,South
CUST-00351,Deepa Reddy,Small Business,India,Maharashtra,Pune,857065,West
CUST-00352,Divya Kumar,Consumer,India,Kerala,Kozhikode,779445,South
CUST-00353,Anjali Gupta,Home Office,India,Rajasthan,Jodhpur,267914,West
CUST-00354,Sanjay Gupta,Small Business,India,Uttar Pradesh,Kanpur,771590,North
CUST-00355,Manoj Das,Corporate,India,Andhra Pradesh,Guntur,104666,South
CUST-00356,Karthik Reddy,Home Office,India,Rajasthan,Jaipur,296041,West
CUST-00357,Preethi Joshi,Home Office,India,Gujarat,Vadodara,770153,West
CUST-00358,Pooja Pillai,Corporate,India,Maharashtra,Nagpur,747351,West
CUST-00359,Lakshmi Iyer,Home Office,India,Odisha,Cuttack,240454,East
CUST-00360,Ravi Nair,Small Business,India,Gujarat,Surat,507333,West
CUST-00361,Deepa Gupta,Small Business,India,Rajasthan,Jodhpur,274971,West
CUST-00362,Lakshmi Sharma,Small Business,India,Andhra Pradesh,Visakhapatnam,110048,South
CUST-00363,Arjun Joshi,Small Business,India,Telangana,Warangal,817956,South
CUST-00364,Karthik Kumar,Consumer,India,Tamil Nadu,Coimbatore,406278,South
CUST-00365,Manoj Joshi,Consumer,India,Rajasthan,Jodhpur,635618,West
CUST-00366,Pooja Sharma,Corporate,India,Jharkhand,Ranchi,562806,East
CUST-00367,Vijay Rao,Small Business,India,Kerala,Kochi,133796,South
CUST-00368,Preethi Reddy,Home Office,India,Tamil Nadu,Madurai,320073,South
CUST-00369,Lakshmi Nair,Corporate,India,Tamil Nadu,Salem,953047,South
CUST-00370,Lakshmi Gupta,Home Office,India,Kerala,Thiruvananthapuram,838253,South
CUST-00371,Ashok Reddy,Small Business,India,Haryana,Panchkula,886530,North
CUST-00372,Rohan Nair,Home Office,India,Tamil Nadu,Madurai,253347,South
CUST-00373,Deepa Nair,Home Office,India,Rajasthan,Udaipur,763121,West
CUST-00374,Shalini Iyer,Home Office,India,Telangana,Hyderabad,640659,South
CUST-00375,Deepa Verma,Consumer,India,Goa,Panaji,102593,West
CUST-00376,Pooja Iyer,Corporate,India,Rajasthan,Jaipur,517035,West
CUST-00377,Rahul Singh,Corporate,India,Kerala,Kozhikode,673896,South
CUST-00378,Swathi Sharma,Small Business,India,Delhi,Rohini,204411,North
CUST-00379,Manoj Kumar,Corporate,India,Maharashtra,Mumbai,312146,West
CUST-00380,Ashok Patel,Home Office,India,Punjab,Jalandhar,786385,North
CUST-00381,Sneha Sharma,Home Office,India,Telangana,Hyderabad,755993,South
CUST-00382,Karthik Reddy,Small Business,India,Delhi,New Delhi,323788,North
CUST-00383,Manoj Kumar,Home Office,India,Delhi,New Delhi,829386,North
CUST-00384,Rohan Joshi,Small Business,India,Punjab,Amritsar,340068,North
CUST-00385,Pooja Singh,Corporate,India,Haryana,Panchkula,501312,North
CUST-00386,Ganesh Kumar,Corporate,India,West Bengal,Kolkata,781595,East
CUST-00387,Rohan Das,Small Business,India,West Bengal,Kolkata,819916,East
CUST-00388,Vijay Reddy,Small Business,India,Goa,Panaji,865470,West
CUST-00389,Anjali Patel,Corporate,India,West Bengal,Siliguri,188341,East
CUST-00390,Vijay Kumar,Corporate,India,Odisha,Bhubaneswar,416302,East
CUST-00391,Meena Sharma,Small Business,India,Tamil Nadu,Madurai,618927,South
CUST-00392,Arjun Kumar,Corporate,India,Andhra Pradesh,Vijayawada,431845,South
CUST-00393,Neha Gupta,Consumer,India,Maharashtra,Nashik,907788,West
CUST-00394,Priya Sharma,Home Office,India,Telangana,Hyderabad,631219,South
CUST-00395,Ravi Chatterjee,Corporate,India,Punjab,Jalandhar,771652,North
CUST-00396,Vikram Nair,Small Business,India,Rajasthan,Jaipur,442622,West
CUST-00397,Kiran Iyer,Small Business,India,Kerala,Kochi,832614,South
CUST-00398,Karthik Das,Consumer,India,Haryana,Faridabad,575394,North
CUST-00399,Divya Kumar,Consumer,India,Bihar,Gaya,243876,East
CUST-00400,Shalini Patel,Corporate,India,Uttar Pradesh,Noida,489933,North
CUST-00401,Divya Kumar,Small Business,India,Kerala,Kozhikode,946313,South
CUST-00402,Ganesh Iyer,Home Office,India,Gujarat,Ahmedabad,577309,West
CUST-00403,  sneha patel  ,Consumer,India,Haryana,Gurugram,701790,North
CUST-00404,Preethi Kumar,Small Business,India,Tamil Nadu,Madurai,148215,South
CUST-00405,Preethi Sharma,Small Business,India,Rajasthan,Jodhpur,942127,West
CUST-00406,Rahul Patel,Home Office,India,Punjab,Amritsar,699298,North
CUST-00407,Anjali Sharma,Small Business,India,Telangana,Hyderabad,172274,South
CUST-00408,Karthik Mishra,Corporate,India,Delhi,New Delhi,486839,North
CUST-00409,Anjali Mishra,Small Business,India,Andhra Pradesh,Vijayawada,720432,South
CUST-00410,Neha Rao,Small Business,India,Uttar Pradesh,Lucknow,106687,North
CUST-00411,Ravi Kumar,Small Business,India,Kerala,Kozhikode,101533,South
CUST-00412,Arjun Rao,Consumer,India,Telangana,Warangal,615929,South
CUST-00413,Priya Rao,Home Office,India,Gujarat,Vadodara,533121,West
CUST-00414,Arjun Nair,Small Business,India,West Bengal,Howrah,959793,East
CUST-00415,Rohan Rao,Home Office,India,Karnataka,Hubballi,373668,South
CUST-00416,Rahul Verma,Corporate,India,Maharashtra,Pune,385166,West
CUST-00417,Ganesh Reddy,Corporate,India,Uttar Pradesh,Lucknow,210790,North
CUST-00418,Pooja Menon,Small Business,India,Maharashtra,Pune,423284,West
CUST-00419,Swathi Singh,Consumer,India,Bihar,Gaya,830729,East
CUST-00420,Ravi Rao,Consumer,India,Andhra Pradesh,Visakhapatnam,515492,South
CUST-00421,Arun Chatterjee,Corporate,India,Maharashtra,Pune,682959,West
CUST-00422,Divya Kumar,Corporate,India,Punjab,Ludhiana,970708,North
CUST-00423,Kiran Iyer,Home Office,India,Goa,Panaji,714590,West
CUST-00424,Vikram Mishra,Home Office,India,Haryana,Panchkula,196446,North
CUST-00425,Radha Das,Small Business,India,Jharkhand,Ranchi,514186,East
CUST-00426,VIKRAM GUPTA,Small Business,India,Karnataka,Mysuru,393448,South
CUST-00427,Lakshmi Rao,Small Business,India,West Bengal,Siliguri,409440,East
CUST-00428,Suresh Chatterjee,Corporate,India,Haryana,Panchkula,539599,North
CUST-00429,Shalini Kumar,Home Office,India,Andhra Pradesh,Guntur,919898,South
CUST-00430,  ganesh verma  ,Corporate,India,Andhra Pradesh,Guntur,383572,South
CUST-00431,Shalini Patel,Small Business,India,Punjab,Ludhiana,947935,North
CUST-00432,Sneha Reddy,Corporate,India,Tamil Nadu,Madurai,788772,South
CUST-00433,Priya Rao,Small Business,India,Rajasthan,Udaipur,987624,West
CUST-00434,SNEHA RAO,Home Office,India,Goa,Panaji,433451,West
CUST-00435,Ravi Pillai,Corporate,India,Rajasthan,Udaipur,690984,West
CUST-00436,Ashok Joshi,Corporate,India,Rajasthan,Jaipur,424065,West
CUST-00437,Anjali Kumar,Consumer,India,Gujarat,Vadodara,601207,West
CUST-00438,Rahul Gupta,Consumer,India,Kerala,Thiruvananthapuram,162448,South
CUST-00439,Divya Pillai,Small Business,India,Punjab,Amritsar,491738,North
CUST-00440,Sneha Das,Home Office,India,West Bengal,Howrah,610866,East
CUST-00441,Radha Pillai,Corporate,India,Tamil Nadu,Coimbatore,797860,South
CUST-00442,Sneha Kumar,Small Business,India,Bihar,Patna,700660,East
CUST-00443,Sneha Verma,Consumer,India,West Bengal,Kolkata,331625,East
CUST-00444,Anjali Pillai,Consumer,India,Kerala,Thiruvananthapuram,276042,South
CUST-00445,Rahul Mishra,Corporate,India,Delhi,New Delhi,378095,North
CUST-00446,Divya Kumar,Small Business,India,Punjab,Ludhiana,504684,North
CUST-00447,Deepa Chatterjee,Small Business,India,Andhra Pradesh,Visakhapatnam,672547,South
CUST-00448,KIRAN RAO,Consumer,India,Uttar Pradesh,Noida,573209,North
CUST-00449,Arun Verma,Consumer,India,Karnataka,Bengaluru,209812,South
CUST-00450,Karthik Iyer,Small Business,India,Kerala,Kozhikode,722886,South
CUST-00451,Lakshmi Das,Consumer,India,Uttar Pradesh,Noida,156157,North
CUST-00452,NEHA PATEL,Home Office,India,Odisha,Bhubaneswar,395198,East
CUST-00453,,Home Office,India,Uttar Pradesh,Lucknow,157152,North
CUST-00454,KARTHIK SINGH,Small Business,India,Odisha,Bhubaneswar,755455,East
CUST-00455,Sneha Singh,Consumer,India,Punjab,Jalandhar,596574,North
CUST-00456,Swathi Patel,Small Business,India,Punjab,Jalandhar,773045,North
CUST-00457,Manoj Sharma,Small Business,India,Karnataka,Bengaluru,561101,South
CUST-00458,Rohan Reddy,Home Office,India,Punjab,Jalandhar,800596,North
CUST-00459,Anjali Sharma,Small Business,India,Andhra Pradesh,Guntur,958160,South
CUST-00460,  ganesh rao  ,Consumer,India,Maharashtra,Nashik,413369,West
CUST-00461,Ganesh Nair,Small Business,India,Haryana,Faridabad,893969,North
CUST-00462,Shalini Menon,Small Business,India,Haryana,Panchkula,144748,North
CUST-00463,Naveen Nair,Home Office,India,Goa,Margao,370413,West
CUST-00464,  sanjay chatterjee  ,Home Office,India,Rajasthan,Jodhpur,441968,West
CUST-00465,Ravi Das,Corporate,India,Haryana,Faridabad,534574,North
CUST-00466,Divya Reddy,Consumer,India,Rajasthan,Udaipur,917411,West
CUST-00467,Ashok Das,Small Business,India,Karnataka,Bengaluru,501650,South
CUST-00468,Sanjay Nair,Small Business,India,West Bengal,Kolkata,738221,East
CUST-00469,ANJALI SHARMA,Home Office,India,Jharkhand,Jamshedpur,598302,East
CUST-00470,Naveen Singh,Small Business,India,Kerala,Kochi,393964,South
CUST-00471,Anjali Nair,Small Business,India,Kerala,Kochi,879850,South
CUST-00472,Lakshmi Iyer,Corporate,India,Tamil Nadu,Chennai,563173,South
CUST-00473,Arjun Pillai,Corporate,India,Punjab,Ludhiana,640299,North
CUST-00474,Vijay Kumar,Corporate,India,Uttar Pradesh,Kanpur,302127,North
CUST-00475,Radha Pillai,Home Office,India,Bihar,Gaya,308781,East
CUST-00476,Radha Reddy,Corporate,India,Odisha,Cuttack,132047,East
CUST-00477,Preethi Joshi,Home Office,India,Goa,Panaji,678115,West
CUST-00478,Naveen Iyer,Small Business,India,Karnataka,Hubballi,128783,South
CUST-00479,  vikram rao  ,Corporate,India,West Bengal,Siliguri,336047,East
CUST-00480,VIJAY KUMAR,Corporate,India,Maharashtra,Nashik,238741,West
CUST-00481,Suresh Singh,Home Office,India,Bihar,Gaya,843826,East
CUST-00482,SURESH MENON,Small Business,India,Maharashtra,Nagpur,416822,West
CUST-00483,Swathi Pillai,Home Office,India,Rajasthan,Jodhpur,778787,West
CUST-00484,Suresh Verma,Home Office,India,Karnataka,Mysuru,373832,South
CUST-00485,Priya Chatterjee,Corporate,India,Odisha,Bhubaneswar,435109,East
CUST-00486,Suresh Das,Consumer,India,Telangana,Hyderabad,507135,South
CUST-00487,Rahul Rao,Small Business,India,Odisha,Cuttack,660605,East
CUST-00488,Preethi Gupta,Corporate,India,Odisha,Bhubaneswar,685365,East
CUST-00489,Anita Gupta,Consumer,India,Odisha,Cuttack,451936,East
CUST-00490,Kavya Verma,Home Office,India,Andhra Pradesh,Vijayawada,373216,South
CUST-00491,Kiran Iyer,Consumer,India,Maharashtra,Nashik,303993,West
CUST-00492,Priya Nair,Home Office,India,Haryana,Panchkula,310026,North
CUST-00493,Manoj Nair,Corporate,India,Kerala,Thiruvananthapuram,850432,South
CUST-00494,Sneha Verma,Consumer,India,West Bengal,Howrah,160831,East
CUST-00495,Ganesh Gupta,Consumer,India,Gujarat,Ahmedabad,923353,West
CUST-00496,Kavya Joshi,Consumer,India,Andhra Pradesh,Guntur,104895,South
CUST-00497,Ashok Verma,Consumer,India,Gujarat,Vadodara,299834,West
CUST-00498,Ravi Pillai,Consumer,India,Kerala,Kochi,235193,South
CUST-00499,Naveen Sharma,Small Business,India,Kerala,Kochi,404955,South
CUST-00500,Ashok Nair,Home Office,India,Kerala,Kozhikode,613989,South
CUST-00501,Shalini Chatterjee,Corporate,India,Delhi,Dwarka,339513,North
CUST-00502,Ganesh Gupta,Consumer,India,Haryana,Faridabad,484398,North
CUST-00503,LAKSHMI SHARMA,Consumer,India,Goa,Margao,150290,West
CUST-00504,Ravi Reddy,Small Business,India,Telangana,Warangal,565897,South
CUST-00505,Vikram Kumar,Consumer,India,Kerala,Kochi,541315,South
CUST-00506,Rohan Das,Consumer,India,Haryana,Gurugram,636435,North
CUST-00507,Lakshmi Menon,Corporate,India,Karnataka,Bengaluru,971889,South
CUST-00508,NEHA JOSHI,Small Business,India,Tamil Nadu,Salem,821634,South
CUST-00509,Swathi Iyer,Small Business,India,Haryana,Faridabad,975804,North
CUST-00510,Anita Reddy,Corporate,India,Karnataka,Bengaluru,775636,South
CUST-00511,Priya Reddy,Home Office,India,Uttar Pradesh,Kanpur,141360,North
CUST-00512,Divya Reddy,Corporate,India,Delhi,Rohini,110142,North
CUST-00513,Manoj Patel,Home Office,India,Jharkhand,Ranchi,197466,East
CUST-00514,Manoj Patel,Small Business,India,Andhra Pradesh,Guntur,823415,South
CUST-00515,Divya Nair,Consumer,India,Bihar,Patna,861697,East
CUST-00516,Radha Joshi,Small Business,India,Rajasthan,Udaipur,811346,West
CUST-00517,Arun Nair,Consumer,India,Maharashtra,Nashik,611833,West
CUST-00518,Kiran Verma,Corporate,India,Delhi,New Delhi,838793,North
CUST-00519,Arjun Reddy,Corporate,India,Maharashtra,Mumbai,793856,West
CUST-00520,Rohan Sharma,Corporate,India,Delhi,New Delhi,774652,North
CUST-00521,Sneha Iyer,Corporate,India,Gujarat,Ahmedabad,436208,West
CUST-00522,Neha Chatterjee,Corporate,India,Telangana,Hyderabad,956794,South
CUST-00523,  karthik joshi  ,Consumer,India,Maharashtra,Pune,431414,West
CUST-00524,Sanjay Das,Consumer,India,Delhi,Rohini,684194,North
CUST-00525,Kiran Singh,Corporate,India,Gujarat,Surat,689648,West
CUST-00526,Naveen Sharma,Small Business,India,Tamil Nadu,Coimbatore,985331,South
CUST-00527,  ravi pillai  ,Consumer,India,Bihar,Gaya,574514,East
CUST-00528,POOJA SINGH,Home Office,India,Rajasthan,Jodhpur,647341,West
CUST-00529,Sneha Joshi,Small Business,India,Haryana,Panchkula,961760,North
CUST-00530,Radha Chatterjee,Corporate,India,Tamil Nadu,Salem,579247,South
CUST-00531,RADHA REDDY,Corporate,India,Maharashtra,Pune,579605,West
CUST-00532,Anita Sharma,Small Business,India,Rajasthan,Jodhpur,553834,West
CUST-00533,Ravi Gupta,Corporate,India,Jharkhand,Ranchi,954845,East
CUST-00534,Rahul Chatterjee,Corporate,India,Telangana,Warangal,738576,South
CUST-00535,Manoj Nair,Home Office,India,Haryana,Panchkula,532794,North
CUST-00536,Anita Menon,Home Office,India,Tamil Nadu,Chennai,319899,South
CUST-00537,Ravi Gupta,Home Office,India,Gujarat,Surat,668843,West
CUST-00538,  ganesh das  ,Home Office,India,Odisha,Cuttack,884197,East
CUST-00539,Divya Kumar,Consumer,India,Andhra Pradesh,Guntur,252386,South
CUST-00540,Sneha Singh,Corporate,India,Odisha,Cuttack,362732,East
CUST-00541,Vijay Sharma,Small Business,India,Andhra Pradesh,Visakhapatnam,953568,South
CUST-00542,Preethi Rao,Small Business,India,Jharkhand,Jamshedpur,778553,East
CUST-00543,Meena Sharma,Small Business,India,Andhra Pradesh,Guntur,506380,South
CUST-00544,Neha Sharma,Home Office,India,Delhi,New Delhi,879794,North
CUST-00545,Manoj Rao,Home Office,India,West Bengal,Howrah,838857,East
CUST-00546,Vijay Menon,Corporate,India,Karnataka,Hubballi,570616,South
CUST-00547,Anita Reddy,Small Business,India,Andhra Pradesh,Guntur,142608,South
CUST-00548,Preethi Patel,Small Business,India,Delhi,New Delhi,446620,North
CUST-00549,Rahul Sharma,Home Office,India,West Bengal,Howrah,745512,East
CUST-00550,Shalini Verma,Corporate,India,Gujarat,Vadodara,330646,West
CUST-00551,Neha Chatterjee,Corporate,India,Punjab,Jalandhar,466375,North
CUST-00552,Meena Menon,Small Business,India,West Bengal,Kolkata,656268,East
CUST-00553,Arun Reddy,Small Business,India,Odisha,Bhubaneswar,462814,East
CUST-00554,Anjali Sharma,Small Business,India,Odisha,Cuttack,436526,East
CUST-00555,Neha Singh,Home Office,India,Delhi,Dwarka,641975,North
CUST-00556,Meena Menon,Consumer,India,Kerala,Thiruvananthapuram,638857,South
CUST-00557,Neha Kumar,Corporate,India,West Bengal,Howrah,168652,East
CUST-00558,Kavya Reddy,Small Business,India,Tamil Nadu,Salem,663876,South
CUST-00559,Rohan Kumar,Home Office,India,Maharashtra,Nagpur,851690,West
CUST-00560,Suresh Iyer,Corporate,India,Rajasthan,Udaipur,961530,West
CUST-00561,Sanjay Das,Small Business,India,Kerala,Thiruvananthapuram,117711,South
CUST-00562,Lakshmi Iyer,Consumer,India,Jharkhand,Jamshedpur,714054,East
CUST-00563,Divya Singh,Consumer,India,Odisha,Cuttack,415989,East
CUST-00564,Naveen Kumar,Corporate,India,Maharashtra,Nashik,263917,West
CUST-00565,Neha Singh,Home Office,India,West Bengal,Howrah,251074,East
CUST-00566,ANITA PILLAI,Corporate,India,Delhi,New Delhi,680412,North
CUST-00567,Lakshmi Chatterjee,Consumer,India,Rajasthan,Jaipur,674122,West
CUST-00568,Pooja Menon,Corporate,India,Telangana,Warangal,777308,South
CUST-00569,Vikram Reddy,Consumer,India,Uttar Pradesh,Kanpur,803571,North
CUST-00570,Manoj Iyer,Consumer,India,Karnataka,Hubballi,804313,South
CUST-00571,Rahul Pillai,Corporate,India,Haryana,Panchkula,803904,North
CUST-00572,Rahul Joshi,Home Office,India,Maharashtra,Pune,444295,West
CUST-00573,Shalini Verma,Consumer,India,Maharashtra,Mumbai,276831,West
CUST-00574,Kiran Das,Home Office,India,Karnataka,Mysuru,980919,South
CUST-00575,Manoj Mishra,Home Office,India,Andhra Pradesh,Visakhapatnam,912402,South
CUST-00576,Karthik Patel,Corporate,India,Haryana,Panchkula,664781,North
CUST-00577,Karthik Kumar,Consumer,India,Gujarat,Surat,762308,West
CUST-00578,Vikram Sharma,Small Business,India,Rajasthan,Jodhpur,373276,West
CUST-00579,Ashok Singh,Consumer,India,Haryana,Panchkula,587274,North
CUST-00580,Preethi Gupta,Small Business,India,Gujarat,Surat,247189,West
CUST-00581,PREETHI NAIR,Small Business,India,Jharkhand,Jamshedpur,867562,East
CUST-00582,VIJAY JOSHI,Home Office,India,Tamil Nadu,Coimbatore,165914,South
CUST-00583,VIKRAM PILLAI,Small Business,India,Andhra Pradesh,Guntur,592489,South
CUST-00584,Kiran Verma,Home Office,India,Haryana,Gurugram,837920,North
CUST-00585,Sneha Chatterjee,Home Office,India,West Bengal,Siliguri,496905,East
CUST-00586,Suresh Chatterjee,Small Business,India,Tamil Nadu,Coimbatore,641455,South
CUST-00587,Deepa Kumar,Small Business,India,Gujarat,Surat,245718,West
CUST-00588,Vikram Nair,Home Office,India,Uttar Pradesh,Kanpur,265001,North
CUST-00589,Kavya Verma,Small Business,India,Jharkhand,Ranchi,218844,East
CUST-00590,Kiran Das,Consumer,India,Delhi,Dwarka,355506,North
CUST-00591,Arjun Sharma,Consumer,India,Rajasthan,Udaipur,253999,West
CUST-00592,Sanjay Kumar,Home Office,India,Jharkhand,Ranchi,863336,East
CUST-00593,Deepa Joshi,Small Business,India,Uttar Pradesh,Noida,330019,North
CUST-00594,Sneha Patel,Home Office,India,Uttar Pradesh,Noida,859364,North
CUST-00595,Sanjay Chatterjee,Consumer,India,Haryana,Panchkula,213844,North
CUST-00596,  kavya nair  ,Corporate,India,Goa,Margao,200976,West
CUST-00597,  shalini reddy  ,Corporate,India,Punjab,Jalandhar,605666,North
CUST-00598,Vijay Das,Home Office,India,Gujarat,Vadodara,541119,West
CUST-00599,Shalini Joshi,Consumer,India,Andhra Pradesh,Guntur,467544,South
CUST-00600,RADHA IYER,Small Business,India,Karnataka,Hubballi,727354,South
CUST-00601,Anita Kumar,Consumer,India,Rajasthan,Udaipur,647923,West
CUST-00602,Shalini Verma,Consumer,India,Telangana,Warangal,479867,South
CUST-00603,Preethi Das,Home Office,India,Rajasthan,Udaipur,483405,West
CUST-00604,Neha Joshi,Small Business,India,Uttar Pradesh,Kanpur,488196,North
CUST-00605,Ravi Chatterjee,Consumer,India,Jharkhand,Jamshedpur,244775,East
CUST-00606,Sneha Reddy,Small Business,India,Tamil Nadu,Salem,633036,South
CUST-00607,Swathi Sharma,Consumer,India,Uttar Pradesh,Noida,508004,North
CUST-00608,  lakshmi das  ,Home Office,India,Punjab,Jalandhar,167193,North
CUST-00609,Sanjay Chatterjee,Home Office,India,West Bengal,Kolkata,788049,East
CUST-00610,Naveen Gupta,Small Business,India,West Bengal,Howrah,618382,East
CUST-00611,Arjun Singh,Corporate,India,Tamil Nadu,Chennai,135241,South
CUST-00612,Kiran Kumar,Home Office,India,Uttar Pradesh,Noida,191061,North
CUST-00613,Ganesh Menon,Consumer,India,Gujarat,Vadodara,116112,West
CUST-00614,Neha Pillai,Home Office,India,Andhra Pradesh,Visakhapatnam,955129,South
CUST-00615,Sanjay Kumar,Small Business,India,Karnataka,Bengaluru,283537,South
CUST-00616,Rahul Reddy,Home Office,India,Gujarat,Surat,370211,West
CUST-00617,Vijay Rao,Small Business,India,Kerala,Kozhikode,913274,South
CUST-00618,Deepa Reddy,Small Business,India,Karnataka,Bengaluru,170835,South
CUST-00619,Anjali Verma,Consumer,India,Telangana,Warangal,470248,South
CUST-00620,Sanjay Verma,Corporate,India,Punjab,Amritsar,681489,North
CUST-00621,Suresh Gupta,Corporate,India,Jharkhand,Jamshedpur,816289,East
CUST-00622,Preethi Patel,Corporate,India,Tamil Nadu,Salem,340341,South
CUST-00623,Vijay Reddy,Small Business,India,Haryana,Faridabad,182300,North
CUST-00624,Priya Joshi,Home Office,India,Andhra Pradesh,Vijayawada,750817,South
CUST-00625,Preethi Patel,Home Office,India,Gujarat,Ahmedabad,291755,West
CUST-00626,Arjun Das,Consumer,India,Maharashtra,Nashik,667036,West
CUST-00627,SNEHA MISHRA,Small Business,India,Haryana,Faridabad,832162,North
CUST-00628,Swathi Menon,Consumer,India,Andhra Pradesh,Guntur,709231,South
CUST-00629,Neha Patel,Small Business,India,Tamil Nadu,Madurai,382495,South
CUST-00630,Kavya Menon,Home Office,India,Telangana,Warangal,834750,South
CUST-00631,Ganesh Nair,Corporate,India,Rajasthan,Udaipur,819335,West
CUST-00632,Neha Das,Corporate,India,Andhra Pradesh,Guntur,305587,South
CUST-00633,Arun Gupta,Corporate,India,Telangana,Warangal,623866,South
CUST-00634,Anita Verma,Home Office,India,Gujarat,Ahmedabad,414608,West
CUST-00635,Ravi Gupta,Home Office,India,Punjab,Ludhiana,325933,North
CUST-00636,Rahul Patel,Home Office,India,Andhra Pradesh,Vijayawada,477808,South
CUST-00637,Swathi Menon,Corporate,India,Rajasthan,Udaipur,703869,West
CUST-00638,Arjun Joshi,Consumer,India,Jharkhand,Jamshedpur,568640,East
CUST-00639,Rohan Gupta,Home Office,India,West Bengal,Howrah,946952,East
CUST-00640,Radha Iyer,Home Office,India,Punjab,Jalandhar,269868,North
CUST-00641,Suresh Chatterjee,Home Office,India,Karnataka,Mysuru,566509,South
CUST-00642,Sneha Gupta,Corporate,India,Delhi,Dwarka,231113,North
CUST-00643,Karthik Menon,Consumer,India,Uttar Pradesh,Noida,516332,North
CUST-00644,Priya Kumar,Consumer,India,Telangana,Hyderabad,649435,South
CUST-00645,Radha Chatterjee,Corporate,India,Kerala,Kochi,340497,South
CUST-00646,Arjun Gupta,Home Office,India,Delhi,Dwarka,136862,North
CUST-00647,Preethi Patel,Corporate,India,Rajasthan,Jodhpur,566453,West
CUST-00648,Lakshmi Mishra,Small Business,India,West Bengal,Howrah,885290,East
CUST-00649,Pooja Joshi,Consumer,India,Rajasthan,Jaipur,338161,West
CUST-00650,  meena kumar  ,Corporate,India,Delhi,New Delhi,648736,North
CUST-00651,Radha Joshi,Consumer,India,Maharashtra,Nashik,414164,West
CUST-00652,Shalini Kumar,Corporate,India,Rajasthan,Jodhpur,491794,West
CUST-00653,Sneha Chatterjee,Home Office,India,Andhra Pradesh,Guntur,331307,South
CUST-00654,Shalini Patel,Home Office,India,Karnataka,Hubballi,779956,South
CUST-00655,Meena Reddy,Small Business,India,West Bengal,Howrah,577461,East
CUST-00656,Arun Nair,Consumer,India,Punjab,Ludhiana,660957,North
CUST-00657,RAVI MISHRA,Corporate,India,Jharkhand,Ranchi,108602,East
CUST-00658,Vikram Verma,Small Business,India,Telangana,Warangal,426711,South
CUST-00659,Rahul Iyer,Home Office,India,Uttar Pradesh,Lucknow,158760,North
CUST-00660,Vikram Patel,Consumer,India,Andhra Pradesh,Guntur,968485,South
CUST-00661,Vijay Mishra,Consumer,India,Tamil Nadu,Madurai,873449,South
CUST-00662,Swathi Menon,Home Office,India,Maharashtra,Nashik,508024,West
CUST-00663,Anita Reddy,Home Office,India,Karnataka,Bengaluru,604605,South
CUST-00664,Vikram Reddy,Small Business,India,Tamil Nadu,Madurai,763653,South
CUST-00665,Divya Chatterjee,Consumer,India,Tamil Nadu,Madurai,109363,South
CUST-00666,Rohan Pillai,Corporate,India,Punjab,Jalandhar,360804,North
CUST-00667,Vijay Sharma,Corporate,India,Punjab,Ludhiana,472787,North
CUST-00668,Anjali Verma,Home Office,India,Rajasthan,Jodhpur,926867,West
CUST-00669,RAVI CHATTERJEE,Corporate,India,Andhra Pradesh,Visakhapatnam,859587,South
CUST-00670,Ravi Mishra,Small Business,India,Rajasthan,Jodhpur,409030,West
CUST-00671,Anita Mishra,Corporate,India,Karnataka,Mysuru,971733,South
CUST-00672,Suresh Pillai,Small Business,India,Maharashtra,Nagpur,100754,West
CUST-00673,Pooja Rao,Consumer,India,Kerala,Thiruvananthapuram,856027,South
CUST-00674,Arjun Joshi,Home Office,India,Rajasthan,Jodhpur,261618,West
CUST-00675,ARJUN IYER,Corporate,India,Delhi,Rohini,975763,North
CUST-00676,Divya Joshi,Consumer,India,Tamil Nadu,Chennai,203550,South
CUST-00677,Arjun Patel,Corporate,India,Punjab,Ludhiana,484150,North
CUST-00678,Vikram Joshi,Consumer,India,Punjab,Jalandhar,590795,North
CUST-00679,Naveen Pillai,Home Office,India,Bihar,Gaya,161132,East
CUST-00680,Karthik Menon,Consumer,India,Gujarat,Vadodara,201836,West
CUST-00681,Arjun Rao,Corporate,India,Rajasthan,Udaipur,755700,West
CUST-00682,Vijay Pillai,Small Business,India,Odisha,Cuttack,581003,East
CUST-00683,Sanjay Verma,Small Business,India,Odisha,Bhubaneswar,265860,East
CUST-00684,Rahul Pillai,Small Business,India,Telangana,Warangal,901305,South
CUST-00685,Neha Menon,Home Office,India,Andhra Pradesh,Guntur,902903,South
CUST-00686,Arun Sharma,Consumer,India,Karnataka,Hubballi,724702,South
CUST-00687,Meena Rao,Home Office,India,Tamil Nadu,Salem,997287,South
CUST-00688,Suresh Nair,Small Business,India,Haryana,Gurugram,139569,North
CUST-00689,Ganesh Rao,Home Office,India,Tamil Nadu,Coimbatore,368691,South
CUST-00690,Anita Iyer,Small Business,India,Jharkhand,Ranchi,440464,East
CUST-00691,Ganesh Reddy,Home Office,India,Goa,Margao,773452,West
CUST-00692,Vijay Sharma,Small Business,India,Kerala,Kozhikode,464831,South
CUST-00693,Anjali Kumar,Small Business,India,West Bengal,Howrah,915182,East
CUST-00694,Ganesh Nair,Corporate,India,Kerala,Thiruvananthapuram,626806,South
CUST-00695,Manoj Iyer,Home Office,India,Tamil Nadu,Coimbatore,552917,South
CUST-00696,Deepa Sharma,Home Office,India,Rajasthan,Jodhpur,518582,West
CUST-00697,Rohan Nair,Corporate,India,Maharashtra,Nashik,686464,West
CUST-00698,Lakshmi Rao,Home Office,India,Tamil Nadu,Madurai,175124,South
CUST-00699,Karthik Reddy,Small Business,India,Odisha,Bhubaneswar,533672,East
CUST-00700,Kiran Kumar,Home Office,India,Kerala,Kochi,277477,South
CUST-00701,Rohan Mishra,Corporate,India,Delhi,Rohini,957915,North
CUST-00702,Preethi Iyer,Consumer,India,Haryana,Faridabad,875507,North
CUST-00703,Naveen Singh,Consumer,India,Delhi,New Delhi,459946,North
CUST-00704,Anita Menon,Home Office,India,Tamil Nadu,Salem,672967,South
CUST-00705,Ravi Kumar,Consumer,India,Andhra Pradesh,Guntur,711324,South
CUST-00706,Ravi Patel,Consumer,India,Punjab,Ludhiana,587546,North
CUST-00707,Radha Pillai,Home Office,India,Haryana,Gurugram,120005,North
CUST-00708,Sanjay Reddy,Consumer,India,Kerala,Thiruvananthapuram,608205,South
CUST-00709,Radha Kumar,Home Office,India,Delhi,Rohini,359409,North
CUST-00710,Pooja Pillai,Home Office,India,Andhra Pradesh,Visakhapatnam,755602,South
CUST-00711,  shalini sharma  ,Small Business,India,West Bengal,Howrah,370196,East
CUST-00712,Neha Patel,Home Office,India,Tamil Nadu,Coimbatore,259077,South
CUST-00713,Sanjay Rao,Corporate,India,Telangana,Warangal,352036,South
CUST-00714,Manoj Nair,Corporate,India,Tamil Nadu,Salem,784167,South
CUST-00715,Rohan Singh,Corporate,India,Bihar,Patna,839389,East
CUST-00716,Kiran Gupta,Consumer,India,Kerala,Thiruvananthapuram,171108,South
CUST-00717,Arun Verma,Home Office,India,Telangana,Warangal,531228,South
CUST-00718,Radha Patel,Corporate,India,Uttar Pradesh,Lucknow,916953,North
CUST-00719,  lakshmi patel  ,Corporate,India,Goa,Margao,694587,West
CUST-00720,Karthik Joshi,Small Business,India,Haryana,Panchkula,626725,North
CUST-00721,Deepa Joshi,Corporate,India,Haryana,Panchkula,271742,North
CUST-00722,Radha Patel,Corporate,India,Telangana,Warangal,333365,South
CUST-00723,Manoj Joshi,Small Business,India,Bihar,Patna,440677,East
CUST-00724,Lakshmi Chatterjee,Small Business,India,Jharkhand,Ranchi,428096,East
CUST-00725,Arjun Sharma,Small Business,India,Gujarat,Vadodara,214626,West
CUST-00726,  anjali chatterjee  ,Small Business,India,Jharkhand,Jamshedpur,141158,East
CUST-00727,Meena Mishra,Home Office,India,Telangana,Hyderabad,419348,South
CUST-00728,Priya Nair,Small Business,India,Maharashtra,Nagpur,970206,West
CUST-00729,Ganesh Nair,Home Office,India,Telangana,Hyderabad,533648,South
CUST-00730,Ravi Menon,Home Office,India,Maharashtra,Nagpur,194560,West
CUST-00731,Sneha Reddy,Small Business,India,Punjab,Jalandhar,219710,North
CUST-00732,Anita Gupta,Small Business,India,Andhra Pradesh,Guntur,677079,South
CUST-00733,Preethi Nair,Corporate,India,Uttar Pradesh,Noida,251631,North
CUST-00734,Anita Mishra,Corporate,India,Karnataka,Hubballi,756883,South
CUST-00735,  lakshmi patel  ,Small Business,India,Delhi,New Delhi,580921,North
CUST-00736,Ashok Joshi,Small Business,India,Tamil Nadu,Madurai,327408,South
CUST-00737,Arun Rao,Corporate,India,Rajasthan,Jodhpur,391622,West
CUST-00738,Priya Nair,Home Office,India,Delhi,Rohini,799396,North
CUST-00739,Sneha Gupta,Corporate,India,Odisha,Cuttack,398194,East
CUST-00740,Priya Iyer,Home Office,India,Kerala,Kochi,438503,South
CUST-00741,Naveen Iyer,Corporate,India,Karnataka,Hubballi,593687,South
CUST-00742,Kavya Menon,Consumer,India,Bihar,Patna,319205,East
CUST-00743,Karthik Joshi,Home Office,India,Jharkhand,Ranchi,822106,East
CUST-00744,Ganesh Pillai,Small Business,India,Haryana,Panchkula,744129,North
CUST-00745,,Corporate,India,Bihar,Gaya,404598,East
CUST-00746,Arun Mishra,Consumer,India,West Bengal,Howrah,935434,East
CUST-00747,  kavya das  ,Home Office,India,Delhi,Rohini,450006,North
CUST-00748,Vikram Singh,Consumer,India,Karnataka,Bengaluru,928580,South
CUST-00749,Arun Reddy,Home Office,India,Odisha,Cuttack,449472,East
CUST-00750,Naveen Gupta,Home Office,India,Tamil Nadu,Chennai,446569,South
CUST-00751,Priya Nair,Small Business,India,Maharashtra,Nashik,262934,West
CUST-00752,Shalini Das,Home Office,India,Jharkhand,Jamshedpur,158743,East
CUST-00753,Arun Menon,Home Office,India,Rajasthan,Udaipur,818791,West
CUST-00754,Rohan Patel,Small Business,India,Delhi,Dwarka,455627,North
CUST-00755,  sanjay gupta  ,Home Office,India,Goa,Margao,222520,West
CUST-00756,Kavya Iyer,Home Office,India,Gujarat,Ahmedabad,349185,West
CUST-00757,Meena Gupta,Consumer,India,Haryana,Faridabad,492393,North
CUST-00758,Arun Joshi,Corporate,India,Gujarat,Surat,261562,West
CUST-00759,Meena Verma,Consumer,India,Uttar Pradesh,Lucknow,906859,North
CUST-00760,Rohan Menon,Small Business,India,Jharkhand,Ranchi,138328,East
CUST-00761,Meena Sharma,Consumer,India,Odisha,Cuttack,989322,East
CUST-00762,Vijay Singh,Home Office,India,Delhi,Dwarka,705615,North
CUST-00763,Meena Patel,Small Business,India,Rajasthan,Jaipur,434652,West
CUST-00764,Divya Kumar,Consumer,India,West Bengal,Kolkata,686810,East
CUST-00765,Rohan Singh,Corporate,India,Rajasthan,Udaipur,356717,West
CUST-00766,Manoj Sharma,Small Business,India,Haryana,Panchkula,130401,North
CUST-00767,Karthik Das,Small Business,India,Telangana,Hyderabad,287677,South
CUST-00768,Ravi Iyer,Corporate,India,Maharashtra,Nagpur,695370,West
CUST-00769,Divya Mishra,Small Business,India,Kerala,Kochi,817727,South
CUST-00770,Ashok Patel,Corporate,India,Andhra Pradesh,Vijayawada,511122,South
CUST-00771,Ashok Verma,Consumer,India,Maharashtra,Nagpur,611187,West
CUST-00772,Preethi Gupta,Home Office,India,Karnataka,Hubballi,905245,South
CUST-00773,Naveen Reddy,Consumer,India,Kerala,Thiruvananthapuram,683165,South
CUST-00774,Kavya Rao,Corporate,India,West Bengal,Kolkata,355528,East
CUST-00775,Naveen Das,Home Office,India,Maharashtra,Mumbai,694764,West
CUST-00776,Karthik Joshi,Small Business,India,Haryana,Faridabad,720928,North
CUST-00777,Meena Chatterjee,Consumer,India,Punjab,Amritsar,727320,North
CUST-00778,Rahul Joshi,Consumer,India,West Bengal,Siliguri,792232,East
CUST-00779,Ashok Kumar,Corporate,India,Uttar Pradesh,Lucknow,792984,North
CUST-00780,Manoj Menon,Home Office,India,Tamil Nadu,Salem,814622,South
CUST-00781,Radha Das,Consumer,India,Bihar,Gaya,460987,East
CUST-00782,  preethi nair  ,Home Office,India,Karnataka,Hubballi,165442,South
CUST-00783,Neha Pillai,Consumer,India,Haryana,Faridabad,395917,North
CUST-00784,Rahul Chatterjee,Small Business,India,Telangana,Hyderabad,500099,South
CUST-00785,Vikram Chatterjee,Small Business,India,Andhra Pradesh,Vijayawada,980764,South
CUST-00786,Rohan Kumar,Consumer,India,Punjab,Amritsar,779885,North
CUST-00787,Rohan Iyer,Small Business,India,Haryana,Panchkula,773440,North
CUST-00788,Radha Das,Small Business,India,West Bengal,Kolkata,288531,East
CUST-00789,Pooja Rao,Consumer,India,Uttar Pradesh,Kanpur,545405,North
CUST-00790,ARJUN PATEL,Home Office,India,Telangana,Warangal,672696,South
CUST-00791,Deepa Pillai,Small Business,India,Haryana,Faridabad,708455,North
CUST-00792,Arjun Patel,Consumer,India,Maharashtra,Nagpur,642060,West
CUST-00793,Kiran Iyer,Home Office,India,Odisha,Cuttack,764469,East
CUST-00794,Arun Joshi,Small Business,India,Maharashtra,Nagpur,637566,West
CUST-00795,Shalini Singh,Consumer,India,Karnataka,Hubballi,275645,South
CUST-00796,Shalini Patel,Small Business,India,Punjab,Ludhiana,759868,North
CUST-00797,Meena Kumar,Consumer,India,Karnataka,Hubballi,608307,South
CUST-00798,SURESH NAIR,Home Office,India,West Bengal,Kolkata,394620,East
CUST-00799,Divya Gupta,Corporate,India,Goa,Panaji,874863,West
CUST-00800,Shalini Rao,Consumer,India,Gujarat,Ahmedabad,289592,West
CUST-00801,Radha Nair,Small Business,India,Gujarat,Ahmedabad,889327,West
CUST-00802,Kiran Gupta,Home Office,India,Tamil Nadu,Salem,705822,South
CUST-00803,Priya Gupta,Small Business,India,Maharashtra,Nagpur,518114,West
CUST-00804,Neha Rao,Small Business,India,Andhra Pradesh,Guntur,816712,South
CUST-00805,  arun singh  ,Home Office,India,Maharashtra,Pune,500560,West
CUST-00806,Radha Pillai,Home Office,India,Maharashtra,Mumbai,740140,West
CUST-00807,Kiran Chatterjee,Corporate,India,Maharashtra,Nagpur,910707,West
CUST-00808,  rahul gupta  ,Consumer,India,Kerala,Thiruvananthapuram,674213,South
CUST-00809,Divya Reddy,Home Office,India,Odisha,Cuttack,567604,East
CUST-00810,Arun Iyer,Corporate,India,Punjab,Ludhiana,722999,North
CUST-00811,Divya Iyer,Small Business,India,Goa,Margao,236217,West
CUST-00812,Sneha Reddy,Home Office,India,Bihar,Patna,293213,East
CUST-00813,Manoj Patel,Home Office,India,Maharashtra,Mumbai,825846,West
CUST-00814,Priya Chatterjee,Consumer,India,Andhra Pradesh,Guntur,448813,South
CUST-00815,Karthik Joshi,Small Business,India,Tamil Nadu,Chennai,739947,South
CUST-00816,Vijay Das,Consumer,India,Tamil Nadu,Salem,743790,South
CUST-00817,KARTHIK IYER,Home Office,India,Rajasthan,Udaipur,862886,West
CUST-00818,Deepa Nair,Consumer,India,West Bengal,Siliguri,771440,East
CUST-00819,Ravi Verma,Consumer,India,Telangana,Hyderabad,702553,South
CUST-00820,KAVYA CHATTERJEE,Consumer,India,Jharkhand,Ranchi,918871,East
CUST-00821,Ravi Joshi,Home Office,India,Haryana,Faridabad,694798,North
CUST-00822,Kiran Iyer,Home Office,India,Andhra Pradesh,Vijayawada,660596,South
CUST-00823,Kiran Menon,Consumer,India,Uttar Pradesh,Kanpur,681409,North
CUST-00824,Sanjay Reddy,Home Office,India,West Bengal,Howrah,822303,East
CUST-00825,Vikram Nair,Consumer,India,Delhi,Rohini,302472,North
CUST-00826,KARTHIK SINGH,Small Business,India,Gujarat,Ahmedabad,659876,West
CUST-00827,Rahul Sharma,Consumer,India,Kerala,Kozhikode,926045,South
CUST-00828,Arjun Mishra,Corporate,India,Odisha,Cuttack,662625,East
CUST-00829,  anita nair  ,Consumer,India,Gujarat,Ahmedabad,785592,West
CUST-00830,Ravi Nair,Consumer,India,Delhi,New Delhi,280616,North
CUST-00831,Lakshmi Gupta,Consumer,India,Goa,Panaji,167064,West
CUST-00832,Karthik Menon,Small Business,India,Maharashtra,Mumbai,453729,West
CUST-00833,Rohan Verma,Consumer,India,Tamil Nadu,Salem,901351,South
CUST-00834,Rohan Das,Home Office,India,Uttar Pradesh,Noida,830119,North
CUST-00835,PRIYA NAIR,Small Business,India,Haryana,Gurugram,929478,North
CUST-00836,Deepa Iyer,Corporate,India,Delhi,New Delhi,107574,North
CUST-00837,Meena Das,Small Business,India,Bihar,Patna,946632,East
CUST-00838,ARJUN MISHRA,Corporate,India,Telangana,Warangal,350875,South
CUST-00839,SNEHA JOSHI,Home Office,India,West Bengal,Kolkata,192296,East
CUST-00840,Anjali Menon,Consumer,India,Haryana,Faridabad,655953,North
CUST-00841,Arjun Rao,Corporate,India,Maharashtra,Nagpur,907750,West
CUST-00842,SWATHI JOSHI,Corporate,India,Gujarat,Ahmedabad,284888,West
CUST-00843,Kiran Pillai,Small Business,India,Karnataka,Hubballi,319770,South
CUST-00844,Manoj Sharma,Consumer,India,Haryana,Gurugram,876383,North
CUST-00845,Deepa Reddy,Small Business,India,Punjab,Amritsar,346729,North
CUST-00846,Swathi Verma,Consumer,India,Tamil Nadu,Coimbatore,916814,South
CUST-00847,Preethi Menon,Consumer,India,Andhra Pradesh,Guntur,331381,South
CUST-00848,Rohan Menon,Corporate,India,West Bengal,Kolkata,577092,East
CUST-00849,Kiran Pillai,Home Office,India,Karnataka,Mysuru,312033,South
CUST-00850,Rohan Reddy,Small Business,India,Maharashtra,Nagpur,580854,West
CUST-00851,Lakshmi Gupta,Corporate,India,West Bengal,Howrah,741233,East
CUST-00852,Kavya Joshi,Small Business,India,Tamil Nadu,Salem,720317,South
CUST-00853,Anita Rao,Small Business,India,Tamil Nadu,Madurai,443194,South
CUST-00854,Rohan Kumar,Consumer,India,Telangana,Warangal,146372,South
CUST-00855,Kavya Chatterjee,Consumer,India,Maharashtra,Nashik,949049,West
CUST-00856,Arun Das,Home Office,India,Tamil Nadu,Salem,239158,South
CUST-00857,  deepa singh  ,Small Business,India,Uttar Pradesh,Noida,837468,North
CUST-00858,Manoj Mishra,Small Business,India,Haryana,Panchkula,837290,North
CUST-00859,  ravi kumar  ,Small Business,India,West Bengal,Howrah,174132,East
CUST-00860,Kavya Patel,Corporate,India,Bihar,Patna,742254,East
CUST-00861,Anita Sharma,Home Office,India,Gujarat,Surat,807424,West
CUST-00862,Lakshmi Sharma,Corporate,India,Andhra Pradesh,Vijayawada,484232,South
CUST-00863,Vijay Menon,Corporate,India,Haryana,Panchkula,451199,North
CUST-00864,Vijay Menon,Corporate,India,Jharkhand,Jamshedpur,897846,East
CUST-00865,Kavya Patel,Home Office,India,Punjab,Ludhiana,166447,North
CUST-00866,Divya Joshi,Home Office,India,Bihar,Gaya,657742,East
CUST-00867,Ravi Iyer,Consumer,India,Tamil Nadu,Chennai,580115,South
CUST-00868,Karthik Reddy,Consumer,India,Uttar Pradesh,Noida,389346,North
CUST-00869,Arjun Kumar,Corporate,India,Karnataka,Hubballi,536770,South
CUST-00870,Arun Singh,Consumer,India,Tamil Nadu,Chennai,166007,South
CUST-00871,Kiran Verma,Home Office,India,Telangana,Warangal,706815,South
CUST-00872,Swathi Mishra,Corporate,India,Maharashtra,Nagpur,418853,West
CUST-00873,Anjali Joshi,Consumer,India,Andhra Pradesh,Vijayawada,402143,South
CUST-00874,Lakshmi Gupta,Home Office,India,Bihar,Gaya,661320,East
CUST-00875,Ashok Nair,Consumer,India,Uttar Pradesh,Noida,349461,North
CUST-00876,Suresh Pillai,Consumer,India,Uttar Pradesh,Kanpur,315120,North
CUST-00877,Manoj Gupta,Consumer,India,Rajasthan,Jaipur,416208,West
CUST-00878,Rohan Mishra,Consumer,India,Kerala,Thiruvananthapuram,263633,South
CUST-00879,Kiran Singh,Corporate,India,Maharashtra,Nashik,403905,West
CUST-00880,Rahul Reddy,Consumer,India,Jharkhand,Ranchi,602248,East
CUST-00881,Sanjay Rao,Consumer,India,Maharashtra,Pune,474754,West
CUST-00882,Arjun Rao,Consumer,India,Karnataka,Mysuru,305222,South
CUST-00883,Karthik Chatterjee,Home Office,India,Tamil Nadu,Chennai,614290,South
CUST-00884,Swathi Pillai,Small Business,India,Telangana,Hyderabad,255132,South
CUST-00885,Pooja Singh,Consumer,India,Maharashtra,Pune,688285,West
CUST-00886,Kavya Mishra,Small Business,India,Karnataka,Hubballi,271746,South
CUST-00887,Lakshmi Iyer,Home Office,India,Uttar Pradesh,Lucknow,317877,North
CUST-00888,Karthik Chatterjee,Small Business,India,Punjab,Jalandhar,106940,North
CUST-00889,Manoj Nair,Small Business,India,Tamil Nadu,Chennai,295041,South
CUST-00890,Meena Singh,Small Business,India,Gujarat,Ahmedabad,686448,West
CUST-00891,Meena Joshi,Home Office,India,Haryana,Faridabad,785572,North
CUST-00892,Anjali Kumar,Home Office,India,Haryana,Faridabad,901865,North
CUST-00893,Pooja Joshi,Home Office,India,Rajasthan,Udaipur,557250,West
CUST-00894,Divya Pillai,Consumer,India,Gujarat,Surat,868561,West
CUST-00895,Rahul Mishra,Home Office,India,Bihar,Patna,242079,East
CUST-00896,Radha Pillai,Home Office,India,Punjab,Ludhiana,403936,North
CUST-00897,Vijay Gupta,Corporate,India,Haryana,Gurugram,727847,North
CUST-00898,Swathi Singh,Home Office,India,Karnataka,Mysuru,818739,South
CUST-00899,Arun Nair,Home Office,India,Gujarat,Vadodara,395087,West
CUST-00900,Sneha Reddy,Corporate,India,Tamil Nadu,Salem,262062,South
CUST-00901,  ravi reddy  ,Consumer,India,Telangana,Warangal,582860,South
CUST-00902,Pooja Singh,Corporate,India,Bihar,Patna,480180,East
CUST-00903,Vijay Verma,Home Office,India,Uttar Pradesh,Kanpur,844378,North
CUST-00904,Preethi Nair,Home Office,India,Bihar,Patna,337580,East
CUST-00905,RAVI REDDY,Small Business,India,Punjab,Amritsar,119719,North
CUST-00906,  divya sharma  ,Consumer,India,Odisha,Bhubaneswar,638421,East
CUST-00907,Meena Kumar,Consumer,India,Haryana,Gurugram,920375,North
CUST-00908,Sneha Pillai,Corporate,India,Delhi,Dwarka,195189,North
CUST-00909,Pooja Pillai,Corporate,India,Uttar Pradesh,Noida,996677,North
CUST-00910,Vijay Kumar,Corporate,India,Gujarat,Vadodara,327538,West
CUST-00911,Arun Reddy,Small Business,India,Tamil Nadu,Salem,628687,South
CUST-00912,Divya Gupta,Small Business,India,Andhra Pradesh,Visakhapatnam,498055,South
CUST-00913,Rahul Reddy,Corporate,India,Maharashtra,Nagpur,215674,West
CUST-00914,Anita Sharma,Small Business,India,Punjab,Jalandhar,444053,North
CUST-00915,Meena Mishra,Small Business,India,Tamil Nadu,Coimbatore,680822,South
CUST-00916,Karthik Joshi,Corporate,India,Odisha,Cuttack,485290,East
CUST-00917,Sanjay Mishra,Consumer,India,Gujarat,Vadodara,790537,West
CUST-00918,Divya Gupta,Corporate,India,Punjab,Amritsar,481377,North
CUST-00919,Divya Rao,Small Business,India,Maharashtra,Mumbai,860427,West
CUST-00920,Suresh Chatterjee,Small Business,India,Andhra Pradesh,Visakhapatnam,598940,South
CUST-00921,Manoj Reddy,Small Business,India,Haryana,Faridabad,362867,North
CUST-00922,Divya Sharma,Consumer,India,Punjab,Amritsar,622332,North
CUST-00923,Rohan Singh,Consumer,India,West Bengal,Kolkata,753506,East
CUST-00924,Deepa Mishra,Small Business,India,Tamil Nadu,Chennai,407823,South
CUST-00925,Preethi Kumar,Consumer,India,Delhi,Rohini,551313,North
CUST-00926,Manoj Sharma,Home Office,India,Delhi,Rohini,285460,North
CUST-00927,Meena Chatterjee,Consumer,India,Gujarat,Ahmedabad,901123,West
CUST-00928,Neha Joshi,Corporate,India,Maharashtra,Nashik,689567,West
CUST-00929,SANJAY PILLAI,Consumer,India,Karnataka,Hubballi,436050,South
CUST-00930,Naveen Pillai,Consumer,India,Andhra Pradesh,Visakhapatnam,948878,South
CUST-00931,Kavya Pillai,Home Office,India,Andhra Pradesh,Visakhapatnam,531939,South
CUST-00932,Meena Iyer,Home Office,India,Bihar,Patna,168681,East
CUST-00933,Priya Mishra,Small Business,India,Odisha,Bhubaneswar,542995,East
CUST-00934,Rahul Chatterjee,Home Office,India,Rajasthan,Udaipur,509260,West
CUST-00935,Swathi Menon,Home Office,India,Kerala,Kozhikode,620860,South
CUST-00936,Vikram Joshi,Consumer,India,West Bengal,Howrah,988494,East
CUST-00937,Priya Singh,Corporate,India,Rajasthan,Udaipur,521556,West
CUST-00938,Ganesh Reddy,Home Office,India,Goa,Panaji,453200,West
CUST-00939,Vikram Pillai,Home Office,India,Punjab,Amritsar,783185,North
CUST-00940,Rahul Menon,Home Office,India,Telangana,Warangal,521843,South
CUST-00941,Sneha Kumar,Corporate,India,West Bengal,Howrah,837496,East
CUST-00942,Anita Mishra,Small Business,India,Karnataka,Mysuru,768914,South
CUST-00943,Vikram Pillai,Corporate,India,Maharashtra,Nagpur,254920,West
CUST-00944,Kavya Das,Consumer,India,Kerala,Thiruvananthapuram,970542,South
CUST-00945,Meena Gupta,Corporate,India,Karnataka,Bengaluru,820219,South
CUST-00946,Anjali Singh,Small Business,India,Maharashtra,Nagpur,608960,West
CUST-00947,Suresh Nair,Home Office,India,Delhi,Dwarka,370948,North
CUST-00948,Anita Joshi,Consumer,India,Delhi,Dwarka,158014,North
CUST-00949,Kavya Pillai,Consumer,India,Odisha,Bhubaneswar,789365,East
CUST-00950,Anjali Reddy,Consumer,India,Rajasthan,Udaipur,870158,West
CUST-00951,Radha Patel,Corporate,India,Gujarat,Ahmedabad,194632,West
CUST-00952,Naveen Chatterjee,Corporate,India,Jharkhand,Jamshedpur,880097,East
CUST-00953,Vikram Patel,Home Office,India,Maharashtra,Pune,528212,West
CUST-00954,Ravi Reddy,Small Business,India,Kerala,Thiruvananthapuram,672255,South
CUST-00955,SHALINI NAIR,Home Office,India,Andhra Pradesh,Vijayawada,598306,South
CUST-00956,Ashok Sharma,Consumer,India,Jharkhand,Jamshedpur,794391,East
CUST-00957,Neha Chatterjee,Home Office,India,Kerala,Kochi,769986,South
CUST-00958,Anjali Mishra,Small Business,India,Andhra Pradesh,Guntur,108248,South
CUST-00959,Radha Rao,Corporate,India,Kerala,Kochi,320606,South
CUST-00960,Vijay Das,Consumer,India,Delhi,Rohini,387348,North
CUST-00961,Kavya Verma,Consumer,India,Bihar,Gaya,542882,East
CUST-00962,POOJA DAS,Home Office,India,Goa,Margao,864654,West
CUST-00963,,Corporate,India,West Bengal,Howrah,564943,East
CUST-00964,Vikram Singh,Consumer,India,Kerala,Thiruvananthapuram,703779,South
CUST-00965,Vijay Nair,Small Business,India,Goa,Margao,819064,West
CUST-00966,Anita Nair,Home Office,India,Karnataka,Bengaluru,281905,South
CUST-00967,SNEHA CHATTERJEE,Corporate,India,Andhra Pradesh,Guntur,975224,South
CUST-00968,  neha rao  ,Corporate,India,Punjab,Jalandhar,584887,North
CUST-00969,Lakshmi Das,Corporate,India,Goa,Margao,372795,West
CUST-00970,Divya Kumar,Small Business,India,Bihar,Gaya,651380,East
CUST-00971,Deepa Reddy,Corporate,India,Tamil Nadu,Coimbatore,848225,South
CUST-00972,Meena Joshi,Small Business,India,Andhra Pradesh,Guntur,236523,South
CUST-00973,MEENA MENON,Small Business,India,Telangana,Warangal,289131,South
CUST-00974,Suresh Rao,Corporate,India,West Bengal,Kolkata,572883,East
CUST-00975,Arun Joshi,Small Business,India,Haryana,Panchkula,438947,North
CUST-00976,Anita Patel,Consumer,India,Punjab,Amritsar,199907,North
CUST-00977,Pooja Sharma,Small Business,India,Delhi,New Delhi,365978,North
CUST-00978,Ashok Sharma,Home Office,India,Goa,Panaji,288085,West
CUST-00979,  manoj nair  ,Small Business,India,Punjab,Jalandhar,432731,North
CUST-00980,Rohan Joshi,Home Office,India,Karnataka,Mysuru,884149,South
CUST-00981,Lakshmi Patel,Small Business,India,Gujarat,Vadodara,428215,West
CUST-00982,Vijay Nair,Small Business,India,Rajasthan,Jodhpur,994470,West
CUST-00983,Priya Joshi,Small Business,India,Karnataka,Bengaluru,271499,South
CUST-00984,Priya Mishra,Small Business,India,Andhra Pradesh,Visakhapatnam,843470,South
CUST-00985,Rohan Reddy,Corporate,India,Andhra Pradesh,Visakhapatnam,198123,South
CUST-00986,Arjun Patel,Corporate,India,Rajasthan,Udaipur,795350,West
CUST-00987,Ganesh Gupta,Corporate,India,Telangana,Warangal,180567,South
CUST-00988,Arun Singh,Consumer,India,Odisha,Cuttack,813702,East
CUST-00989,Naveen Verma,Consumer,India,Uttar Pradesh,Lucknow,130277,North
CUST-00990,KIRAN PATEL,Consumer,India,Goa,Margao,789969,West
CUST-00991,LAKSHMI MISHRA,Corporate,India,Kerala,Thiruvananthapuram,867080,South
CUST-00992,Kiran Singh,Consumer,India,Kerala,Thiruvananthapuram,936917,South
CUST-00993,Karthik Chatterjee,Corporate,India,Karnataka,Bengaluru,286657,South
CUST-00994,Preethi Menon,Small Business,India,Uttar Pradesh,Noida,507374,North
CUST-00995,Divya Singh,Small Business,India,Gujarat,Ahmedabad,940014,West
CUST-00996,Lakshmi Nair,Consumer,India,Andhra Pradesh,Visakhapatnam,797848,South
CUST-00997,Ashok Chatterjee,Small Business,India,Maharashtra,Nashik,381521,West
CUST-00998,Sneha Das,Consumer,India,West Bengal,Howrah,546711,East
CUST-00999,Anjali Nair,Consumer,India,Gujarat,Ahmedabad,652891,West
CUST-01000,Deepa Singh,Home Office,India,Uttar Pradesh,Lucknow,233997,North
CUST-01001,Priya Iyer,Consumer,India,Delhi,Rohini,638354,North
CUST-01002,ANITA PATEL,Consumer,India,Andhra Pradesh,Visakhapatnam,367240,South
CUST-01003,ANITA MISHRA,Corporate,India,Uttar Pradesh,Kanpur,924366,North
CUST-01004,Kavya Singh,Small Business,India,Kerala,Thiruvananthapuram,715732,South
CUST-01005,Rahul Gupta,Consumer,India,Tamil Nadu,Salem,294078,South
CUST-01006,DIVYA DAS,Consumer,India,Rajasthan,Jaipur,118785,West
CUST-01007,Kiran Joshi,Small Business,India,Maharashtra,Nagpur,825411,West
CUST-01008,Deepa Singh,Home Office,India,West Bengal,Kolkata,952631,East
CUST-01009,  shalini singh  ,Corporate,India,Punjab,Jalandhar,231165,North
CUST-01010,Vikram Kumar,Corporate,India,Tamil Nadu,Salem,604487,South
CUST-01011,Shalini Menon,Small Business,India,Punjab,Jalandhar,415535,North
CUST-01012,Ashok Nair,Small Business,India,Jharkhand,Jamshedpur,836727,East
CUST-01013,GANESH RAO,Small Business,India,Tamil Nadu,Chennai,409153,South
CUST-01014,Kiran Das,Small Business,India,Telangana,Warangal,989838,South
CUST-01015,Meena Sharma,Small Business,India,Gujarat,Ahmedabad,519095,West
CUST-01016,Ashok Joshi,Consumer,India,Tamil Nadu,Coimbatore,848987,South
CUST-01017,Karthik Patel,Small Business,India,West Bengal,Siliguri,537400,East
CUST-01018,Manoj Das,Home Office,India,Delhi,Dwarka,269170,North
CUST-01019,Arjun Rao,Home Office,India,Goa,Panaji,818247,West
CUST-01020,Manoj Nair,Small Business,India,Karnataka,Hubballi,858115,South
CUST-01021,Anita Pillai,Corporate,India,Maharashtra,Nashik,938603,West
CUST-01022,Swathi Joshi,Corporate,India,Haryana,Panchkula,281708,North
CUST-01023,Deepa Singh,Consumer,India,Tamil Nadu,Madurai,319606,South
CUST-01024,Swathi Gupta,Consumer,India,Uttar Pradesh,Kanpur,968167,North
CUST-01025,Anjali Reddy,Small Business,India,Rajasthan,Jodhpur,334981,West
CUST-01026,Priya Patel,Consumer,India,Uttar Pradesh,Lucknow,994863,North
CUST-01027,MANOJ REDDY,Consumer,India,Haryana,Gurugram,919621,North
CUST-01028,Divya Gupta,Corporate,India,West Bengal,Howrah,223794,East
CUST-01029,Manoj Joshi,Corporate,India,Jharkhand,Ranchi,204117,East
CUST-01030,Preethi Menon,Consumer,India,Maharashtra,Pune,535945,West
CUST-01031,Arjun Gupta,Home Office,India,Punjab,Jalandhar,378937,North
CUST-01032,Anjali Nair,Corporate,India,Gujarat,Vadodara,542207,West
CUST-01033,Ashok Mishra,Home Office,India,Gujarat,Vadodara,933206,West
CUST-01034,Ravi Iyer,Home Office,India,Punjab,Jalandhar,454737,North
CUST-01035,Sanjay Sharma,Corporate,India,Odisha,Bhubaneswar,772625,East
CUST-01036,Ravi Singh,Home Office,India,Telangana,Warangal,521530,South
CUST-01037,Naveen Patel,Corporate,India,Gujarat,Vadodara,740051,West
CUST-01038,Neha Mishra,Small Business,India,Bihar,Patna,462021,East
CUST-01039,Neha Verma,Corporate,India,Andhra Pradesh,Guntur,860321,South
CUST-01040,Arjun Singh,Corporate,India,Gujarat,Vadodara,457259,West
CUST-01041,Suresh Rao,Small Business,India,Kerala,Kochi,861800,South
CUST-01042,Pooja Patel,Home Office,India,West Bengal,Howrah,632151,East
CUST-01043,Manoj Singh,Consumer,India,Rajasthan,Udaipur,872652,West
CUST-01044,Ganesh Rao,Home Office,India,Andhra Pradesh,Visakhapatnam,413735,South
CUST-01045,Rohan Chatterjee,Corporate,India,Gujarat,Vadodara,873337,West
CUST-01046,Vijay Pillai,Corporate,India,Maharashtra,Nagpur,202747,West
CUST-01047,Priya Das,Corporate,India,Haryana,Panchkula,599387,North
CUST-01048,Ganesh Chatterjee,Small Business,India,Karnataka,Bengaluru,712686,South
CUST-01049,Deepa Das,Corporate,India,Uttar Pradesh,Noida,251357,North
CUST-01050,Arjun Reddy,Small Business,India,Bihar,Patna,322971,East
CUST-01051,Pooja Reddy,Small Business,India,Goa,Margao,993719,West
CUST-01052,Arjun Nair,Home Office,India,Haryana,Faridabad,489511,North
CUST-01053,Shalini Nair,Small Business,India,Uttar Pradesh,Lucknow,921866,North
CUST-01054,Vikram Gupta,Consumer,India,Jharkhand,Jamshedpur,612537,East
CUST-01055,Kavya Joshi,Small Business,India,Rajasthan,Udaipur,424745,West
CUST-01056,Anita Nair,Small Business,India,Haryana,Panchkula,629283,North
CUST-01057,Anita Verma,Small Business,India,Punjab,Jalandhar,938663,North
CUST-01058,Priya Mishra,Consumer,India,Jharkhand,Jamshedpur,390848,East
CUST-01059,Shalini Singh,Consumer,India,Rajasthan,Jodhpur,776498,West
CUST-01060,  neha sharma  ,Corporate,India,Rajasthan,Udaipur,647098,West
CUST-01061,Swathi Gupta,Corporate,India,Delhi,Dwarka,388319,North
CUST-01062,MANOJ IYER,Home Office,India,Rajasthan,Jaipur,736333,West
CUST-01063,Preethi Kumar,Corporate,India,Kerala,Kozhikode,558245,South
CUST-01064,Suresh Iyer,Corporate,India,Haryana,Faridabad,204158,North
CUST-01065,Rohan Singh,Corporate,India,Telangana,Warangal,811572,South
CUST-01066,Ravi Sharma,Consumer,India,Kerala,Kochi,508881,South
CUST-01067,Sanjay Reddy,Corporate,India,Punjab,Ludhiana,312398,North
CUST-01068,Vijay Chatterjee,Consumer,India,Haryana,Faridabad,382368,North
CUST-01069,Arun Das,Consumer,India,West Bengal,Howrah,345094,East
CUST-01070,Anjali Nair,Small Business,India,Kerala,Kochi,695848,South
CUST-01071,Shalini Nair,Corporate,India,Andhra Pradesh,Vijayawada,666692,South
CUST-01072,Radha Mishra,Small Business,India,Delhi,Rohini,101049,North
CUST-01073,Sneha Kumar,Home Office,India,Punjab,Ludhiana,605608,North
CUST-01074,Pooja Menon,Home Office,India,Goa,Panaji,981521,West
CUST-01075,Meena Iyer,Consumer,India,Telangana,Hyderabad,832356,South
CUST-01076,Ashok Das,Home Office,India,Tamil Nadu,Salem,740098,South
CUST-01077,Vijay Mishra,Home Office,India,Karnataka,Mysuru,357874,South
CUST-01078,,Small Business,India,West Bengal,Siliguri,102146,East
CUST-01079,Arun Gupta,Small Business,India,Telangana,Warangal,682788,South
CUST-01080,Kiran Iyer,Small Business,India,Rajasthan,Jaipur,132450,West
CUST-01081,Naveen Pillai,Consumer,India,Andhra Pradesh,Guntur,285793,South
CUST-01082,Arun Rao,Home Office,India,Jharkhand,Jamshedpur,120742,East
CUST-01083,  naveen singh  ,Corporate,India,Bihar,Gaya,331890,East
CUST-01084,Deepa Menon,Small Business,India,Delhi,New Delhi,305611,North
CUST-01085,Sneha Menon,Corporate,India,Odisha,Bhubaneswar,874703,East
CUST-01086,Suresh Rao,Home Office,India,Gujarat,Vadodara,864305,West
CUST-01087,,Small Business,India,Odisha,Cuttack,687324,East
CUST-01088,Kavya Sharma,Small Business,India,Kerala,Thiruvananthapuram,553559,South
CUST-01089,Pooja Sharma,Consumer,India,Jharkhand,Ranchi,335455,East
CUST-01090,Arun Chatterjee,Consumer,India,Tamil Nadu,Chennai,450964,South
CUST-01091,Anjali Das,Corporate,India,Punjab,Amritsar,362127,North
CUST-01092,Divya Kumar,Consumer,India,Maharashtra,Nashik,552931,West
CUST-01093,Suresh Rao,Corporate,India,Haryana,Gurugram,596580,North
CUST-01094,Arjun Rao,Small Business,India,Punjab,Amritsar,913432,North
CUST-01095,Karthik Sharma,Home Office,India,Delhi,Rohini,495727,North
CUST-01096,Priya Mishra,Small Business,India,Punjab,Ludhiana,416115,North
CUST-01097,Meena Chatterjee,Small Business,India,Telangana,Hyderabad,200485,South
CUST-01098,Arun Mishra,Small Business,India,Andhra Pradesh,Guntur,586758,South
CUST-01099,  swathi kumar  ,Home Office,India,Maharashtra,Nagpur,642337,West
CUST-01100,Ravi Iyer,Corporate,India,Goa,Panaji,927763,West
CUST-01101,  pooja das  ,Small Business,India,Maharashtra,Nashik,859822,West
CUST-01102,Rohan Singh,Home Office,India,Goa,Panaji,557019,West
CUST-01103,Rohan Joshi,Home Office,India,Kerala,Kochi,732636,South
CUST-01104,Swathi Nair,Consumer,India,Punjab,Ludhiana,348918,North
CUST-01105,Radha Menon,Corporate,India,Punjab,Amritsar,458143,North
CUST-01106,Lakshmi Verma,Home Office,India,Goa,Panaji,693595,West
CUST-01107,Manoj Sharma,Consumer,India,Gujarat,Ahmedabad,330063,West
CUST-01108,Vikram Rao,Home Office,India,Maharashtra,Nashik,870269,West
CUST-01109,Naveen Kumar,Consumer,India,Andhra Pradesh,Vijayawada,110372,South
CUST-01110,MANOJ MENON,Home Office,India,West Bengal,Howrah,714136,East
CUST-01111,Vikram Singh,Home Office,India,Uttar Pradesh,Kanpur,329580,North
CUST-01112,SNEHA MENON,Home Office,India,Delhi,Dwarka,284630,North
CUST-01113,Swathi Nair,Consumer,India,Andhra Pradesh,Guntur,786680,South
CUST-01114,Pooja Pillai,Small Business,India,Odisha,Bhubaneswar,279683,East
CUST-01115,Radha Nair,Small Business,India,Tamil Nadu,Chennai,300992,South
CUST-01116,Kiran Rao,Corporate,India,Delhi,Rohini,900149,North
CUST-01117,Anjali Sharma,Home Office,India,West Bengal,Howrah,934259,East
CUST-01118,Ashok Joshi,Consumer,India,Tamil Nadu,Salem,862627,South
CUST-01119,Sneha Chatterjee,Home Office,India,West Bengal,Siliguri,887623,East
CUST-01120,Pooja Joshi,Small Business,India,Bihar,Gaya,618827,East
CUST-01121,Ganesh Sharma,Corporate,India,Tamil Nadu,Salem,330189,South
CUST-01122,Kavya Chatterjee,Home Office,India,Rajasthan,Udaipur,264845,West
CUST-01123,Meena Mishra,Corporate,India,Gujarat,Vadodara,468653,West
CUST-01124,Kavya Mishra,Small Business,India,Maharashtra,Nagpur,553515,West
CUST-01125,Arun Gupta,Home Office,India,Maharashtra,Pune,345147,West
CUST-01126,Naveen Iyer,Consumer,India,Karnataka,Mysuru,338804,South
CUST-01127,Rahul Menon,Home Office,India,Odisha,Cuttack,445234,East
CUST-01128,Suresh Menon,Corporate,India,Bihar,Gaya,733375,East
CUST-01129,Radha Patel,Home Office,India,Delhi,New Delhi,907483,North
CUST-01130,Sanjay Kumar,Corporate,India,Maharashtra,Nashik,785864,West
CUST-01131,Vikram Joshi,Small Business,India,Tamil Nadu,Coimbatore,640882,South
CUST-01132,Rahul Menon,Small Business,India,Maharashtra,Mumbai,907540,West
CUST-01133,POOJA NAIR,Home Office,India,Rajasthan,Udaipur,234580,West
CUST-01134,Shalini Pillai,Small Business,India,Kerala,Kozhikode,336444,South
CUST-01135,RAVI SINGH,Consumer,India,Kerala,Thiruvananthapuram,715467,South
CUST-01136,Rohan Nair,Small Business,India,Kerala,Kozhikode,695791,South
CUST-01137,Neha Chatterjee,Consumer,India,Tamil Nadu,Chennai,597840,South
CUST-01138,Meena Iyer,Corporate,India,Uttar Pradesh,Noida,209380,North
CUST-01139,Sneha Menon,Home Office,India,Punjab,Amritsar,504639,North
CUST-01140,Manoj Sharma,Consumer,India,Andhra Pradesh,Vijayawada,643719,South
CUST-01141,Sneha Reddy,Small Business,India,Haryana,Panchkula,662511,North
CUST-01142,Preethi Menon,Home Office,India,Haryana,Panchkula,315667,North
CUST-01143,LAKSHMI SINGH,Small Business,India,Goa,Panaji,312832,West
CUST-01144,Rohan Mishra,Small Business,India,Punjab,Amritsar,964637,North
CUST-01145,Ganesh Joshi,Consumer,India,Maharashtra,Nagpur,585171,West
CUST-01146,Manoj Pillai,Home Office,India,Bihar,Patna,983571,East
CUST-01147,Kavya Rao,Small Business,India,Uttar Pradesh,Kanpur,747743,North
CUST-01148,Ganesh Reddy,Consumer,India,Telangana,Hyderabad,832582,South
CUST-01149,Kiran Singh,Corporate,India,Odisha,Bhubaneswar,169986,East
CUST-01150,Divya Pillai,Consumer,India,Punjab,Amritsar,892091,North
CUST-01151,Sneha Patel,Consumer,India,Tamil Nadu,Salem,630647,South
CUST-01152,  anita mishra  ,Small Business,India,Andhra Pradesh,Guntur,460351,South
CUST-01153,Divya Nair,Small Business,India,Kerala,Thiruvananthapuram,802855,South
CUST-01154,  anjali mishra  ,Home Office,India,Haryana,Panchkula,593656,North
CUST-01155,  divya gupta  ,Small Business,India,Karnataka,Hubballi,230182,South
CUST-01156,SURESH NAIR,Corporate,India,Maharashtra,Pune,475481,West
CUST-01157,Swathi Menon,Consumer,India,Maharashtra,Pune,830587,West
CUST-01158,  ravi reddy  ,Home Office,India,Andhra Pradesh,Guntur,823880,South
CUST-01159,SANJAY MENON,Corporate,India,Tamil Nadu,Madurai,492843,South
CUST-01160,Arun Kumar,Corporate,India,Kerala,Kozhikode,960384,South
CUST-01161,Divya Gupta,Consumer,India,Jharkhand,Ranchi,275161,East
CUST-01162,Neha Menon,Small Business,India,West Bengal,Kolkata,317180,East
CUST-01163,POOJA VERMA,Small Business,India,Uttar Pradesh,Kanpur,115722,North
CUST-01164,Vikram Mishra,Home Office,India,Tamil Nadu,Coimbatore,169223,South
CUST-01165,Vikram Das,Small Business,India,Kerala,Kochi,904829,South
CUST-01166,Radha Gupta,Home Office,India,Karnataka,Bengaluru,199346,South
CUST-01167,Vijay Nair,Home Office,India,Kerala,Kozhikode,283847,South
CUST-01168,  arun mishra  ,Corporate,India,Andhra Pradesh,Guntur,635849,South
CUST-01169,Arun Reddy,Small Business,India,Kerala,Kochi,347879,South
CUST-01170,Pooja Joshi,Corporate,India,Karnataka,Hubballi,311824,South
CUST-01171,Anita Mishra,Corporate,India,Jharkhand,Jamshedpur,444656,East
CUST-01172,Arjun Das,Home Office,India,West Bengal,Siliguri,952188,East
CUST-01173,Rahul Rao,Consumer,India,Tamil Nadu,Salem,665509,South
CUST-01174,Swathi Rao,Home Office,India,Goa,Margao,500016,West
CUST-01175,Deepa Iyer,Corporate,India,Tamil Nadu,Chennai,154638,South
CUST-01176,Neha Menon,Consumer,India,Tamil Nadu,Madurai,632073,South
CUST-01177,Vikram Rao,Corporate,India,Maharashtra,Mumbai,285006,West
CUST-01178,Vikram Patel,Home Office,India,Maharashtra,Nashik,183902,West
CUST-01179,Arjun Das,Small Business,India,Uttar Pradesh,Lucknow,959416,North
CUST-01180,Vijay Singh,Corporate,India,Goa,Margao,663292,West
CUST-01181,Meena Mishra,Small Business,India,Karnataka,Hubballi,493370,South
CUST-01182,Rohan Menon,Home Office,India,Delhi,New Delhi,113457,North
CUST-01183,Anita Pillai,Home Office,India,Andhra Pradesh,Guntur,613331,South
CUST-01184,Priya Reddy,Corporate,India,Andhra Pradesh,Guntur,693083,South
CUST-01185,Radha Pillai,Small Business,India,Gujarat,Surat,843575,West
CUST-01186,Sanjay Das,Corporate,India,Jharkhand,Jamshedpur,358779,East
CUST-01187,Ravi Kumar,Corporate,India,Bihar,Patna,798011,East
CUST-01188,Suresh Rao,Corporate,India,Goa,Margao,706435,West
CUST-01189,Radha Chatterjee,Consumer,India,Telangana,Hyderabad,840367,South
CUST-01190,Naveen Das,Home Office,India,Karnataka,Bengaluru,825443,South
CUST-01191,Ganesh Singh,Consumer,India,Jharkhand,Ranchi,531603,East
CUST-01192,Naveen Nair,Corporate,India,Karnataka,Mysuru,885100,South
CUST-01193,Sneha Joshi,Consumer,India,Delhi,New Delhi,201576,North
CUST-01194,Meena Das,Home Office,India,Uttar Pradesh,Noida,284970,North
CUST-01195,Arjun Reddy,Corporate,India,Maharashtra,Pune,694639,West
CUST-01196,Vijay Menon,Small Business,India,Karnataka,Bengaluru,528649,South
CUST-01197,  sneha iyer  ,Small Business,India,Karnataka,Hubballi,189870,South
CUST-01198,,Consumer,India,Gujarat,Ahmedabad,805486,West
CUST-01199,  suresh kumar  ,Consumer,India,Odisha,Bhubaneswar,710738,East
CUST-01200,Lakshmi Patel,Home Office,India,Gujarat,Ahmedabad,596219,West
CUST-01201,Rahul Verma,Small Business,India,Tamil Nadu,Madurai,478756,South
CUST-01202,Rahul Reddy,Small Business,India,Delhi,New Delhi,579114,North
CUST-01203,Lakshmi Reddy,Corporate,India,Gujarat,Vadodara,393042,West
CUST-01204,Deepa Das,Consumer,India,Odisha,Bhubaneswar,297064,East
CUST-01205,Arun Pillai,Home Office,India,Delhi,Rohini,946785,North
CUST-01206,Anita Iyer,Small Business,India,Andhra Pradesh,Visakhapatnam,548702,South
CUST-01207,Anita Chatterjee,Corporate,India,Karnataka,Hubballi,736667,South
CUST-01208,Shalini Sharma,Consumer,India,Haryana,Panchkula,622112,North
CUST-01209,Preethi Mishra,Consumer,India,Uttar Pradesh,Noida,567965,North
CUST-01210,Sneha Iyer,Consumer,India,Haryana,Gurugram,556018,North
CUST-01211,Vijay Patel,Home Office,India,Tamil Nadu,Coimbatore,854109,South
CUST-01212,Swathi Nair,Small Business,India,Rajasthan,Jaipur,764323,West
CUST-01213,Radha Iyer,Small Business,India,West Bengal,Siliguri,459898,East
CUST-01214,Kiran Das,Home Office,India,Tamil Nadu,Coimbatore,334410,South
CUST-01215,Anita Menon,Home Office,India,Jharkhand,Jamshedpur,221746,East
CUST-01216,Anita Kumar,Corporate,India,Kerala,Kochi,164891,South
CUST-01217,POOJA NAIR,Corporate,India,Gujarat,Vadodara,795984,West
CUST-01218,Preethi Mishra,Home Office,India,Kerala,Thiruvananthapuram,251729,South
CUST-01219,Lakshmi Singh,Consumer,India,Uttar Pradesh,Lucknow,883349,North
CUST-01220,Divya Patel,Small Business,India,Bihar,Gaya,701853,East
CUST-01221,Sanjay Sharma,Corporate,India,Kerala,Kozhikode,260119,South
CUST-01222,Anita Sharma,Small Business,India,Uttar Pradesh,Kanpur,998397,North
CUST-01223,Radha Gupta,Small Business,India,Delhi,Dwarka,674559,North
CUST-01224,Vijay Chatterjee,Home Office,India,Telangana,Hyderabad,175312,South
CUST-01225,Neha Chatterjee,Home Office,India,Haryana,Gurugram,237259,North
CUST-01226,Preethi Singh,Corporate,India,Maharashtra,Nagpur,786433,West
CUST-01227,ASHOK NAIR,Corporate,India,Tamil Nadu,Salem,328732,South
CUST-01228,Anita Reddy,Corporate,India,Odisha,Cuttack,923655,East
CUST-01229,Sneha Sharma,Small Business,India,Haryana,Gurugram,472856,North
CUST-01230,  kiran verma  ,Corporate,India,Goa,Panaji,554894,West
CUST-01231,Anjali Chatterjee,Corporate,India,Gujarat,Ahmedabad,417393,West
CUST-01232,Shalini Iyer,Small Business,India,Maharashtra,Nagpur,957939,West
CUST-01233,Divya Reddy,Small Business,India,Punjab,Jalandhar,227980,North
CUST-01234,Ganesh Joshi,Consumer,India,Karnataka,Mysuru,827424,South
CUST-01235,Kiran Das,Corporate,India,Kerala,Kochi,699180,South
CUST-01236,Shalini Gupta,Consumer,India,Telangana,Hyderabad,952353,South
CUST-01237,Arjun Joshi,Consumer,India,Punjab,Amritsar,644107,North
CUST-01238,,Corporate,India,Goa,Margao,828986,West
CUST-01239,Manoj Verma,Corporate,India,Haryana,Faridabad,141044,North
CUST-01240,Suresh Sharma,Home Office,India,Punjab,Jalandhar,230775,North
CUST-01241,Swathi Kumar,Consumer,India,Tamil Nadu,Madurai,415201,South
CUST-01242,Swathi Mishra,Small Business,India,Haryana,Panchkula,705103,North
CUST-01243,Pooja Menon,Consumer,India,Bihar,Patna,203818,East
CUST-01244,Naveen Menon,Corporate,India,Haryana,Panchkula,731394,North
CUST-01245,Kavya Iyer,Home Office,India,Rajasthan,Jodhpur,367352,West
CUST-01246,Karthik Patel,Corporate,India,Odisha,Cuttack,546004,East
CUST-01247,Kiran Menon,Corporate,India,Bihar,Gaya,490219,East
CUST-01248,Kavya Chatterjee,Corporate,India,Delhi,Dwarka,732928,North
CUST-01249,Neha Das,Consumer,India,Punjab,Amritsar,445356,North
CUST-01250,Preethi Rao,Consumer,India,Karnataka,Mysuru,110342,South
CUST-01251,Divya Reddy,Home Office,India,Uttar Pradesh,Kanpur,652049,North
CUST-01252,Pooja Singh,Consumer,India,Rajasthan,Jodhpur,384220,West
CUST-01253,  sanjay gupta  ,Small Business,India,Andhra Pradesh,Visakhapatnam,945241,South
CUST-01254,Arjun Nair,Corporate,India,Odisha,Bhubaneswar,232506,East
CUST-01255,Anita Pillai,Corporate,India,Bihar,Gaya,915297,East
CUST-01256,Manoj Pillai,Home Office,India,Maharashtra,Nagpur,626625,West
CUST-01257,Ashok Rao,Consumer,India,Kerala,Kochi,766511,South
CUST-01258,Karthik Iyer,Corporate,India,Punjab,Amritsar,865411,North
CUST-01259,Anita Singh,Consumer,India,Rajasthan,Jodhpur,616791,West
CUST-01260,Anita Nair,Consumer,India,Maharashtra,Nashik,621986,West
CUST-01261,Anita Kumar,Home Office,India,Bihar,Gaya,545622,East
CUST-01262,Naveen Sharma,Corporate,India,Goa,Margao,570445,West
CUST-01263,Anjali Gupta,Corporate,India,Punjab,Amritsar,484880,North
CUST-01264,Sanjay Gupta,Home Office,India,Andhra Pradesh,Vijayawada,218733,South
CUST-01265,Vijay Reddy,Small Business,India,Karnataka,Hubballi,413710,South
CUST-01266,Ganesh Chatterjee,Consumer,India,Tamil Nadu,Salem,419626,South
CUST-01267,  priya pillai  ,Small Business,India,Delhi,New Delhi,745430,North
CUST-01268,Ashok Gupta,Consumer,India,Telangana,Hyderabad,471754,South
CUST-01269,,Small Business,India,Telangana,Warangal,229858,South
CUST-01270,Vijay Patel,Small Business,India,Tamil Nadu,Coimbatore,593563,South
CUST-01271,Neha Patel,Small Business,India,Haryana,Gurugram,559876,North
CUST-01272,Pooja Menon,Home Office,India,Haryana,Faridabad,298775,North
CUST-01273,Ashok Sharma,Corporate,India,Uttar Pradesh,Noida,798566,North
CUST-01274,Divya Das,Small Business,India,Gujarat,Ahmedabad,676846,West
CUST-01275,Vijay Chatterjee,Small Business,India,Gujarat,Surat,861260,West
CUST-01276,Rohan Nair,Consumer,India,Andhra Pradesh,Visakhapatnam,624288,South
CUST-01277,Rahul Das,Consumer,India,Goa,Margao,873253,West
CUST-01278,Vijay Das,Corporate,India,Tamil Nadu,Madurai,747614,South
CUST-01279,Divya Patel,Small Business,India,Bihar,Patna,359369,East
CUST-01280,  ravi gupta  ,Corporate,India,Tamil Nadu,Chennai,996398,South
CUST-01281,Vikram Nair,Corporate,India,Maharashtra,Mumbai,118519,West
CUST-01282,Meena Rao,Small Business,India,Tamil Nadu,Coimbatore,452508,South
CUST-01283,Meena Reddy,Home Office,India,Karnataka,Mysuru,481237,South
CUST-01284,Ashok Sharma,Consumer,India,Uttar Pradesh,Kanpur,142875,North
CUST-01285,Deepa Patel,Small Business,India,Goa,Margao,205656,West
CUST-01286,Meena Reddy,Consumer,India,Haryana,Gurugram,801442,North
CUST-01287,Pooja Pillai,Home Office,India,Jharkhand,Jamshedpur,916639,East
CUST-01288,Karthik Reddy,Consumer,India,Haryana,Panchkula,760140,North
CUST-01289,Naveen Menon,Small Business,India,Tamil Nadu,Chennai,838889,South
CUST-01290,Rahul Singh,Corporate,India,Jharkhand,Ranchi,597233,East
CUST-01291,Kavya Patel,Home Office,India,Rajasthan,Jodhpur,464211,West
CUST-01292,Karthik Joshi,Consumer,India,Telangana,Warangal,649205,South
CUST-01293,Meena Sharma,Corporate,India,Rajasthan,Udaipur,163746,West
CUST-01294,Preethi Iyer,Small Business,India,Uttar Pradesh,Noida,559008,North
CUST-01295,VIKRAM GUPTA,Corporate,India,Delhi,New Delhi,267775,North
CUST-01296,Radha Mishra,Home Office,India,Gujarat,Surat,842133,West
CUST-01297,Neha Reddy,Consumer,India,Uttar Pradesh,Noida,334807,North
CUST-01298,Ashok Patel,Consumer,India,Haryana,Panchkula,383571,North
CUST-01299,Neha Reddy,Home Office,India,Delhi,New Delhi,780154,North
CUST-01300,Ravi Patel,Small Business,India,Jharkhand,Ranchi,240101,East
CUST-01301,Kiran Kumar,Home Office,India,Andhra Pradesh,Visakhapatnam,329931,South
CUST-01302,Preethi Reddy,Small Business,India,Jharkhand,Ranchi,881996,East
CUST-01303,Lakshmi Menon,Home Office,India,Maharashtra,Pune,331356,West
CUST-01304,Vijay Chatterjee,Corporate,India,Uttar Pradesh,Lucknow,567723,North
CUST-01305,Deepa Iyer,Small Business,India,Gujarat,Ahmedabad,290330,West
CUST-01306,Deepa Gupta,Consumer,India,West Bengal,Siliguri,395744,East
CUST-01307,Swathi Menon,Consumer,India,Punjab,Amritsar,250494,North
CUST-01308,Sanjay Reddy,Corporate,India,Jharkhand,Ranchi,652367,East
CUST-01309,  sanjay chatterjee  ,Consumer,India,Delhi,Dwarka,215380,North
CUST-01310,ANJALI IYER,Consumer,India,Karnataka,Mysuru,249564,South
CUST-01311,Shalini Reddy,Home Office,India,Rajasthan,Jaipur,871889,West
CUST-01312,Vijay Mishra,Home Office,India,Uttar Pradesh,Noida,422316,North
CUST-01313,Suresh Reddy,Consumer,India,Delhi,Dwarka,964996,North
CUST-01314,Naveen Das,Corporate,India,Uttar Pradesh,Lucknow,101269,North
CUST-01315,Kiran Singh,Small Business,India,Tamil Nadu,Coimbatore,817663,South
CUST-01316,Deepa Gupta,Consumer,India,Haryana,Faridabad,335428,North
CUST-01317,Rahul Reddy,Consumer,India,Andhra Pradesh,Vijayawada,188923,South
CUST-01318,Lakshmi Gupta,Corporate,India,Odisha,Cuttack,545901,East
CUST-01319,Meena Pillai,Small Business,India,Haryana,Gurugram,384261,North
CUST-01320,Ravi Iyer,Corporate,India,Delhi,New Delhi,255863,North
CUST-01321,Shalini Joshi,Small Business,India,Punjab,Amritsar,218661,North
CUST-01322,Rohan Gupta,Home Office,India,Andhra Pradesh,Guntur,469737,South
CUST-01323,Lakshmi Verma,Corporate,India,Haryana,Panchkula,941105,North
CUST-01324,Deepa Rao,Small Business,India,Andhra Pradesh,Guntur,187679,South
CUST-01325,Anjali Iyer,Consumer,India,Tamil Nadu,Madurai,479279,South
CUST-01326,Deepa Nair,Home Office,India,Haryana,Faridabad,162471,North
CUST-01327,Rohan Singh,Small Business,India,Maharashtra,Nagpur,251141,West
CUST-01328,ROHAN REDDY,Corporate,India,Bihar,Patna,838158,East
CUST-01329,Kavya Pillai,Consumer,India,Punjab,Ludhiana,835473,North
CUST-01330,  preethi gupta  ,Home Office,India,Delhi,Dwarka,254021,North
CUST-01331,Naveen Das,Corporate,India,Uttar Pradesh,Lucknow,902598,North
CUST-01332,  meena joshi  ,Home Office,India,Telangana,Warangal,857656,South
CUST-01333,Divya Nair,Consumer,India,Punjab,Ludhiana,773662,North
CUST-01334,Sanjay Das,Home Office,India,Odisha,Cuttack,576364,East
CUST-01335,Kavya Gupta,Small Business,India,Karnataka,Mysuru,196402,South
CUST-01336,Lakshmi Sharma,Corporate,India,Tamil Nadu,Coimbatore,511346,South
CUST-01337,Karthik Mishra,Small Business,India,Maharashtra,Nashik,428403,West
CUST-01338,Kiran Das,Consumer,India,Tamil Nadu,Chennai,383031,South
CUST-01339,Rahul Kumar,Corporate,India,Tamil Nadu,Madurai,395915,South
CUST-01340,VIJAY SINGH,Corporate,India,Tamil Nadu,Chennai,678490,South
CUST-01341,  suresh iyer  ,Consumer,India,Rajasthan,Udaipur,692232,West
CUST-01342,Rahul Iyer,Home Office,India,Kerala,Kochi,108890,South
CUST-01343,Rahul Chatterjee,Corporate,India,Jharkhand,Ranchi,473122,East
CUST-01344,Anita Reddy,Corporate,India,Gujarat,Surat,946719,West
CUST-01345,Preethi Sharma,Corporate,India,Karnataka,Hubballi,269054,South
CUST-01346,Ravi Rao,Corporate,India,Tamil Nadu,Salem,946699,South
CUST-01347,Arjun Verma,Corporate,India,Maharashtra,Pune,923501,West
CUST-01348,Kavya Sharma,Small Business,India,Bihar,Gaya,911781,East
CUST-01349,Rohan Joshi,Consumer,India,Haryana,Gurugram,943816,North
CUST-01350,Shalini Iyer,Small Business,India,Gujarat,Ahmedabad,198685,West
CUST-01351,Suresh Pillai,Consumer,India,Andhra Pradesh,Visakhapatnam,193563,South
CUST-01352,Deepa Patel,Corporate,India,Maharashtra,Pune,781880,West
CUST-01353,Pooja Singh,Corporate,India,Telangana,Hyderabad,528902,South
CUST-01354,Rahul Pillai,Small Business,India,Punjab,Jalandhar,815339,North
CUST-01355,Swathi Sharma,Consumer,India,West Bengal,Kolkata,775143,East
CUST-01356,Arun Nair,Small Business,India,Haryana,Gurugram,404779,North
CUST-01357,Sanjay Mishra,Home Office,India,Odisha,Bhubaneswar,198045,East
CUST-01358,Manoj Reddy,Consumer,India,Punjab,Jalandhar,289030,North
CUST-01359,Vikram Chatterjee,Home Office,India,Kerala,Kozhikode,167603,South
CUST-01360,Anita Joshi,Small Business,India,Haryana,Faridabad,391897,North
CUST-01361,Kiran Menon,Consumer,India,Kerala,Thiruvananthapuram,695807,South
CUST-01362,Shalini Pillai,Corporate,India,Maharashtra,Mumbai,596405,West
CUST-01363,Swathi Das,Corporate,India,Karnataka,Mysuru,364315,South
CUST-01364,Meena Mishra,Corporate,India,Telangana,Warangal,650269,South
CUST-01365,Karthik Das,Home Office,India,Kerala,Kozhikode,889762,South
CUST-01366,Deepa Gupta,Home Office,India,Bihar,Patna,558001,East
CUST-01367,Neha Menon,Corporate,India,Punjab,Amritsar,857830,North
CUST-01368,Anita Verma,Small Business,India,Delhi,New Delhi,257817,North
CUST-01369,Shalini Das,Consumer,India,Karnataka,Bengaluru,645984,South
CUST-01370,Kiran Mishra,Consumer,India,West Bengal,Howrah,706472,East
CUST-01371,Ravi Gupta,Corporate,India,Goa,Margao,495896,West
CUST-01372,Ganesh Kumar,Home Office,India,Andhra Pradesh,Vijayawada,953309,South
CUST-01373,Preethi Reddy,Small Business,India,Bihar,Patna,623376,East
CUST-01374,Kavya Verma,Small Business,India,Haryana,Faridabad,284354,North
CUST-01375,Neha Das,Small Business,India,Andhra Pradesh,Guntur,398873,South
CUST-01376,ASHOK REDDY,Consumer,India,Punjab,Jalandhar,945089,North
CUST-01377,Radha Das,Consumer,India,Haryana,Gurugram,620518,North
CUST-01378,Swathi Singh,Corporate,India,Telangana,Warangal,322162,South
CUST-01379,Preethi Joshi,Small Business,India,Haryana,Faridabad,467645,North
CUST-01380,Anita Chatterjee,Corporate,India,Delhi,New Delhi,492842,North
CUST-01381,  meena das  ,Consumer,India,Odisha,Cuttack,353288,East
CUST-01382,Rohan Pillai,Home Office,India,Gujarat,Vadodara,959868,West
CUST-01383,Anjali Chatterjee,Small Business,India,Tamil Nadu,Chennai,746203,South
CUST-01384,Rohan Chatterjee,Small Business,India,Jharkhand,Ranchi,282155,East
CUST-01385,Divya Nair,Small Business,India,Gujarat,Surat,224122,West
CUST-01386,Neha Gupta,Consumer,India,Kerala,Thiruvananthapuram,313660,South
CUST-01387,GANESH NAIR,Consumer,India,Delhi,Dwarka,748124,North
CUST-01388,Anita Nair,Home Office,India,Maharashtra,Nagpur,765282,West
CUST-01389,Vikram Rao,Small Business,India,Jharkhand,Ranchi,917919,East
CUST-01390,Radha Nair,Consumer,India,West Bengal,Howrah,124264,East
CUST-01391,Rohan Singh,Consumer,India,Karnataka,Bengaluru,289401,South
CUST-01392,Vikram Chatterjee,Consumer,India,Haryana,Gurugram,614889,North
CUST-01393,  vikram das  ,Small Business,India,Andhra Pradesh,Guntur,428817,South
CUST-01394,Sneha Sharma,Home Office,India,Haryana,Faridabad,459462,North
CUST-01395,Sneha Patel,Consumer,India,Haryana,Faridabad,302212,North
CUST-01396,Vikram Pillai,Consumer,India,Haryana,Faridabad,327496,North
CUST-01397,Rohan Patel,Corporate,India,Karnataka,Mysuru,604967,South
CUST-01398,Meena Mishra,Small Business,India,Jharkhand,Jamshedpur,948310,East
CUST-01399,Suresh Gupta,Home Office,India,Tamil Nadu,Chennai,820431,South
CUST-01400,Ganesh Singh,Corporate,India,Uttar Pradesh,Noida,932673,North
CUST-01401,Kavya Patel,Consumer,India,Kerala,Thiruvananthapuram,753169,South
CUST-01402,Pooja Iyer,Consumer,India,Maharashtra,Pune,275373,West
CUST-01403,Lakshmi Pillai,Consumer,India,Telangana,Hyderabad,131394,South
CUST-01404,Pooja Rao,Home Office,India,Punjab,Amritsar,325636,North
CUST-01405,Rahul Kumar,Corporate,India,Bihar,Gaya,444844,East
CUST-01406,Neha Iyer,Corporate,India,Andhra Pradesh,Guntur,397391,South
CUST-01407,Lakshmi Iyer,Small Business,India,Rajasthan,Udaipur,777663,West
CUST-01408,Vikram Menon,Small Business,India,Punjab,Ludhiana,941718,North
CUST-01409,  divya mishra  ,Home Office,India,Uttar Pradesh,Noida,730645,North
CUST-01410,Arun Kumar,Corporate,India,Maharashtra,Nagpur,398179,West
CUST-01411,Radha Sharma,Consumer,India,Kerala,Kozhikode,776096,South
CUST-01412,Anita Singh,Home Office,India,Karnataka,Mysuru,432597,South
CUST-01413,Lakshmi Sharma,Small Business,India,Telangana,Hyderabad,412941,South
CUST-01414,Naveen Pillai,Consumer,India,West Bengal,Kolkata,207734,East
CUST-01415,Rahul Das,Consumer,India,Tamil Nadu,Coimbatore,278458,South
CUST-01416,ASHOK KUMAR,Home Office,India,Bihar,Patna,155040,East
CUST-01417,Priya Singh,Home Office,India,Punjab,Amritsar,376537,North
CUST-01418,Ravi Gupta,Small Business,India,Haryana,Panchkula,711795,North
CUST-01419,Ganesh Das,Consumer,India,West Bengal,Howrah,568482,East
CUST-01420,Deepa Patel,Small Business,India,Kerala,Thiruvananthapuram,910175,South
CUST-01421,Karthik Pillai,Corporate,India,Rajasthan,Jodhpur,976129,West
CUST-01422,Karthik Iyer,Corporate,India,Gujarat,Ahmedabad,163194,West
CUST-01423,Vikram Joshi,Corporate,India,Haryana,Gurugram,456987,North
CUST-01424,Rahul Singh,Corporate,India,Bihar,Gaya,576076,East
CUST-01425,Radha Pillai,Corporate,India,Andhra Pradesh,Guntur,574409,South
CUST-01426,Sneha Singh,Consumer,India,Rajasthan,Udaipur,779878,West
CUST-01427,Anjali Kumar,Home Office,India,Maharashtra,Nagpur,296114,West
CUST-01428,Suresh Reddy,Home Office,India,Rajasthan,Jodhpur,188150,West
CUST-01429,ARJUN VERMA,Home Office,India,Punjab,Ludhiana,562779,North
CUST-01430,Sanjay Das,Corporate,India,Tamil Nadu,Chennai,408287,South
CUST-01431,Deepa Das,Consumer,India,Haryana,Gurugram,814248,North
CUST-01432,Priya Sharma,Corporate,India,Rajasthan,Udaipur,379108,West
CUST-01433,Lakshmi Chatterjee,Consumer,India,Telangana,Hyderabad,511970,South
CUST-01434,Deepa Menon,Corporate,India,Uttar Pradesh,Noida,923895,North
CUST-01435,Anita Kumar,Small Business,India,Haryana,Gurugram,294069,North
CUST-01436,Sneha Verma,Corporate,India,Odisha,Cuttack,172828,East
CUST-01437,Arun Joshi,Consumer,India,Maharashtra,Mumbai,450281,West
CUST-01438,Swathi Kumar,Small Business,India,Goa,Margao,469249,West
CUST-01439,Divya Sharma,Home Office,India,Delhi,Dwarka,694822,North
CUST-01440,Rohan Reddy,Home Office,India,Haryana,Gurugram,419398,North
CUST-01441,Suresh Joshi,Small Business,India,Karnataka,Bengaluru,481985,South
CUST-01442,Ashok Joshi,Consumer,India,Haryana,Faridabad,383049,North
CUST-01443,Rohan Pillai,Corporate,India,Gujarat,Ahmedabad,132405,West
CUST-01444,Vikram Iyer,Consumer,India,Tamil Nadu,Chennai,496129,South
CUST-01445,Ashok Mishra,Home Office,India,Gujarat,Vadodara,283450,West
CUST-01446,Ganesh Das,Corporate,India,Karnataka,Mysuru,424348,South
CUST-01447,Lakshmi Reddy,Small Business,India,Maharashtra,Mumbai,933966,West
CUST-01448,Divya Kumar,Corporate,India,Gujarat,Ahmedabad,818826,West
CUST-01449,Lakshmi Gupta,Home Office,India,Kerala,Kochi,610472,South
CUST-01450,VIKRAM SINGH,Consumer,India,Goa,Panaji,229431,West
CUST-01451,Pooja Kumar,Corporate,India,Punjab,Ludhiana,363647,North
CUST-01452,Swathi Nair,Home Office,India,Punjab,Jalandhar,847841,North
CUST-01453,Radha Iyer,Consumer,India,Karnataka,Hubballi,329489,South
CUST-01454,Kiran Chatterjee,Consumer,India,Maharashtra,Mumbai,518500,West
CUST-01455,Sneha Das,Corporate,India,Odisha,Cuttack,438144,East
CUST-01456,Neha Menon,Consumer,India,Kerala,Kochi,419811,South
CUST-01457,Sneha Chatterjee,Corporate,India,Maharashtra,Mumbai,200707,West
CUST-01458,Swathi Pillai,Small Business,India,Maharashtra,Nagpur,471399,West
CUST-01459,Radha Kumar,Corporate,India,Telangana,Warangal,192724,South
CUST-01460,Arjun Pillai,Home Office,India,Haryana,Panchkula,751050,North
CUST-01461,Swathi Kumar,Small Business,India,Maharashtra,Nagpur,946705,West
CUST-01462,Kiran Reddy,Consumer,India,Kerala,Kozhikode,723210,South
CUST-01463,Preethi Sharma,Consumer,India,Haryana,Faridabad,876442,North
CUST-01464,Deepa Nair,Corporate,India,Tamil Nadu,Coimbatore,808502,South
CUST-01465,ARUN JOSHI,Corporate,India,West Bengal,Kolkata,821184,East
CUST-01466,Lakshmi Reddy,Corporate,India,Gujarat,Vadodara,201568,West
CUST-01467,Manoj Chatterjee,Home Office,India,Punjab,Ludhiana,227728,North
CUST-01468,Naveen Patel,Small Business,India,West Bengal,Kolkata,814416,East
CUST-01469,Kiran Kumar,Corporate,India,Uttar Pradesh,Kanpur,248568,North
CUST-01470,Deepa Joshi,Consumer,India,Karnataka,Hubballi,403509,South
CUST-01471,Sanjay Chatterjee,Consumer,India,Bihar,Patna,938708,East
CUST-01472,Meena Mishra,Small Business,India,Haryana,Faridabad,691616,North
CUST-01473,Ashok Mishra,Corporate,India,Delhi,Rohini,471958,North
CUST-01474,Sneha Pillai,Corporate,India,Gujarat,Surat,997412,West
CUST-01475,Karthik Gupta,Home Office,India,West Bengal,Siliguri,258757,East
CUST-01476,Preethi Nair,Home Office,India,Karnataka,Mysuru,923091,South
CUST-01477,Deepa Chatterjee,Corporate,India,Maharashtra,Nashik,735271,West
CUST-01478,Arjun Patel,Home Office,India,Haryana,Panchkula,831663,North
CUST-01479,Naveen Chatterjee,Consumer,India,Punjab,Amritsar,147111,North
CUST-01480,Divya Joshi,Home Office,India,Odisha,Cuttack,599555,East
CUST-01481,Anita Rao,Small Business,India,Haryana,Gurugram,282450,North
CUST-01482,Lakshmi Patel,Consumer,India,Haryana,Faridabad,139235,North
CUST-01483,Arun Gupta,Small Business,India,Kerala,Thiruvananthapuram,212890,South
CUST-01484,Vikram Menon,Small Business,India,Karnataka,Bengaluru,614958,South
CUST-01485,Kavya Menon,Consumer,India,Punjab,Jalandhar,710384,North
CUST-01486,Shalini Nair,Small Business,India,Delhi,New Delhi,477027,North
CUST-01487,Swathi Joshi,Corporate,India,Tamil Nadu,Chennai,972837,South
CUST-01488,Lakshmi Nair,Small Business,India,Punjab,Amritsar,560197,North
CUST-01489,Rohan Singh,Small Business,India,Haryana,Gurugram,223655,North
CUST-01490,Anjali Singh,Home Office,India,Karnataka,Bengaluru,509391,South
CUST-01491,Karthik Rao,Home Office,India,Gujarat,Vadodara,740939,West
CUST-01492,Divya Joshi,Consumer,India,Karnataka,Bengaluru,784963,South
CUST-01493,Ashok Sharma,Home Office,India,Haryana,Panchkula,314154,North
CUST-01494,Anjali Joshi,Consumer,India,Punjab,Amritsar,944797,North
CUST-01495,ANITA IYER,Corporate,India,Rajasthan,Jodhpur,602028,West
CUST-01496,Priya Joshi,Home Office,India,Gujarat,Surat,336186,West
CUST-01497,Anjali Kumar,Corporate,India,Punjab,Ludhiana,127633,North
CUST-01498,Anita Kumar,Consumer,India,Rajasthan,Jodhpur,605595,West
CUST-01499,Ravi Das,Consumer,India,Rajasthan,Jodhpur,244462,West
CUST-01500,Pooja Pillai,Small Business,India,Tamil Nadu,Chennai,459793,South
CUST-01501,ARUN RAO,Consumer,India,Telangana,Warangal,883785,South
CUST-01502,  anita rao  ,Consumer,India,Punjab,Ludhiana,180333,North
CUST-01503,Pooja Rao,Small Business,India,Karnataka,Hubballi,236017,South
CUST-01504,Suresh Menon,Home Office,India,Gujarat,Ahmedabad,839513,West
CUST-01505,Meena Pillai,Corporate,India,Rajasthan,Jodhpur,406900,West
CUST-01506,Arjun Reddy,Small Business,India,Punjab,Ludhiana,463473,North
CUST-01507,Vikram Nair,Home Office,India,Gujarat,Vadodara,341734,West
CUST-01508,Naveen Nair,Small Business,India,Delhi,Rohini,346525,North
CUST-01509,Deepa Sharma,Small Business,India,Karnataka,Mysuru,391469,South
CUST-01510,PREETHI CHATTERJEE,Small Business,India,Gujarat,Ahmedabad,119764,West
CUST-01511,  vikram chatterjee  ,Small Business,India,Uttar Pradesh,Kanpur,791982,North
CUST-01512,Vijay Pillai,Home Office,India,Delhi,Dwarka,738309,North
CUST-01513,Ganesh Menon,Small Business,India,Delhi,Dwarka,457506,North
CUST-01514,Vijay Sharma,Small Business,India,Haryana,Gurugram,680170,North
CUST-01515,Neha Mishra,Home Office,India,Maharashtra,Mumbai,700417,West
CUST-01516,Radha Rao,Home Office,India,Haryana,Panchkula,115920,North
CUST-01517,Anjali Singh,Small Business,India,Kerala,Kozhikode,698823,South
CUST-01518,Suresh Kumar,Home Office,India,Haryana,Faridabad,421802,North
CUST-01519,Arun Mishra,Consumer,India,Delhi,New Delhi,589097,North
CUST-01520,Vikram Das,Consumer,India,Punjab,Ludhiana,707723,North
CUST-01521,Karthik Mishra,Home Office,India,Uttar Pradesh,Kanpur,370539,North
CUST-01522,Sneha Nair,Consumer,India,West Bengal,Kolkata,787842,East
CUST-01523,Arjun Mishra,Consumer,India,Goa,Panaji,432749,West
CUST-01524,SURESH PATEL,Home Office,India,Delhi,Dwarka,811341,North
CUST-01525,Anjali Pillai,Small Business,India,Haryana,Gurugram,181242,North
CUST-01526,Ganesh Pillai,Consumer,India,Odisha,Cuttack,536175,East
CUST-01527,Rahul Pillai,Home Office,India,Kerala,Kozhikode,527963,South
CUST-01528,SNEHA PILLAI,Corporate,India,Delhi,Rohini,405002,North
CUST-01529,Lakshmi Menon,Home Office,India,Kerala,Thiruvananthapuram,635608,South
CUST-01530,Swathi Nair,Consumer,India,Andhra Pradesh,Guntur,899656,South
CUST-01531,Ganesh Das,Consumer,India,Rajasthan,Jaipur,868654,West
CUST-01532,Deepa Mishra,Corporate,India,Kerala,Thiruvananthapuram,382258,South
CUST-01533,Anjali Pillai,Home Office,India,Tamil Nadu,Coimbatore,577963,South
CUST-01534,Anita Das,Home Office,India,Andhra Pradesh,Vijayawada,183561,South
CUST-01535,Deepa Rao,Small Business,India,Maharashtra,Pune,924499,West
CUST-01536,Radha Rao,Corporate,India,Telangana,Warangal,806850,South
CUST-01537,Divya Iyer,Corporate,India,Telangana,Warangal,541474,South
CUST-01538,Ashok Gupta,Corporate,India,Maharashtra,Nagpur,116265,West
CUST-01539,  radha joshi  ,Corporate,India,Jharkhand,Jamshedpur,205901,East
CUST-01540,Sneha Iyer,Small Business,India,Haryana,Panchkula,639908,North
CUST-01541,Neha Rao,Consumer,India,Bihar,Gaya,407643,East
CUST-01542,Lakshmi Reddy,Consumer,India,Jharkhand,Ranchi,147435,East
CUST-01543,Kavya Mishra,Small Business,India,Jharkhand,Jamshedpur,975356,East
CUST-01544,Sneha Iyer,Home Office,India,Uttar Pradesh,Lucknow,108161,North
CUST-01545,SNEHA PATEL,Home Office,India,Haryana,Gurugram,343545,North
CUST-01546,Arjun Das,Small Business,India,Karnataka,Hubballi,438480,South
CUST-01547,Naveen Menon,Home Office,India,Maharashtra,Mumbai,644352,West
CUST-01548,Meena Gupta,Home Office,India,Haryana,Faridabad,401825,North
CUST-01549,Radha Patel,Consumer,India,Goa,Margao,890069,West
CUST-01550,Vikram Gupta,Consumer,India,Delhi,Dwarka,727459,North
CUST-01551,Arun Joshi,Corporate,India,Delhi,Dwarka,487491,North
CUST-01552,Manoj Nair,Consumer,India,Maharashtra,Nagpur,409268,West
CUST-01553,Ashok Das,Consumer,India,Gujarat,Ahmedabad,375834,West
CUST-01554,Divya Pillai,Corporate,India,Punjab,Jalandhar,880431,North
CUST-01555,Suresh Mishra,Consumer,India,West Bengal,Howrah,871250,East
CUST-01556,Kavya Reddy,Home Office,India,Bihar,Gaya,932776,East
CUST-01557,Kiran Sharma,Consumer,India,West Bengal,Howrah,757756,East
CUST-01558,Anjali Menon,Corporate,India,Karnataka,Bengaluru,592951,South
CUST-01559,,Corporate,India,West Bengal,Howrah,193020,East
CUST-01560,KARTHIK JOSHI,Corporate,India,Rajasthan,Jodhpur,740907,West
CUST-01561,Ravi Patel,Corporate,India,West Bengal,Kolkata,498763,East
CUST-01562,Sneha Singh,Small Business,India,Tamil Nadu,Coimbatore,406305,South
CUST-01563,Neha Joshi,Corporate,India,Karnataka,Hubballi,201222,South
CUST-01564,Meena Das,Corporate,India,Maharashtra,Pune,441203,West
CUST-01565,Rahul Reddy,Small Business,India,Andhra Pradesh,Visakhapatnam,830824,South
CUST-01566,Shalini Joshi,Corporate,India,Goa,Margao,532016,West
CUST-01567,Preethi Das,Home Office,India,Punjab,Ludhiana,689569,North
CUST-01568,Manoj Das,Consumer,India,Telangana,Hyderabad,373363,South
CUST-01569,Naveen Sharma,Small Business,India,Kerala,Kochi,569380,South
CUST-01570,Vijay Reddy,Home Office,India,West Bengal,Kolkata,740419,East
CUST-01571,Arun Chatterjee,Home Office,India,Punjab,Jalandhar,918343,North
CUST-01572,Kiran Sharma,Home Office,India,Gujarat,Vadodara,320686,West
CUST-01573,Sanjay Rao,Corporate,India,Karnataka,Hubballi,940208,South
CUST-01574,Anita Rao,Consumer,India,Delhi,New Delhi,137827,North
CUST-01575,Shalini Joshi,Home Office,India,Delhi,Rohini,264569,North
CUST-01576,Anjali Sharma,Consumer,India,Karnataka,Mysuru,886343,South
CUST-01577,Naveen Patel,Consumer,India,Punjab,Jalandhar,180244,North
CUST-01578,Arun Kumar,Corporate,India,Jharkhand,Jamshedpur,970581,East
CUST-01579,Naveen Singh,Consumer,India,Kerala,Thiruvananthapuram,545804,South
CUST-01580,Kiran Joshi,Small Business,India,Andhra Pradesh,Guntur,405385,South
CUST-01581,Deepa Singh,Corporate,India,Bihar,Patna,659104,East
CUST-01582,Pooja Reddy,Consumer,India,Maharashtra,Pune,334944,West
CUST-01583,Ganesh Reddy,Home Office,India,West Bengal,Siliguri,425698,East
CUST-01584,Neha Gupta,Corporate,India,Tamil Nadu,Salem,613604,South
CUST-01585,Arjun Rao,Small Business,India,Punjab,Ludhiana,904686,North
CUST-01586,Rohan Sharma,Small Business,India,Kerala,Thiruvananthapuram,822466,South
CUST-01587,Neha Joshi,Home Office,India,Rajasthan,Jaipur,624094,West
CUST-01588,Deepa Iyer,Consumer,India,Haryana,Gurugram,546380,North
CUST-01589,Anita Reddy,Small Business,India,Uttar Pradesh,Noida,306954,North
CUST-01590,Deepa Gupta,Small Business,India,West Bengal,Howrah,942167,East
CUST-01591,Arun Singh,Home Office,India,Haryana,Faridabad,556633,North
CUST-01592,Rahul Pillai,Corporate,India,Rajasthan,Udaipur,781805,West
CUST-01593,Lakshmi Pillai,Home Office,India,Gujarat,Vadodara,733882,West
CUST-01594,,Small Business,India,Uttar Pradesh,Noida,649850,North
CUST-01595,KAVYA GUPTA,Consumer,India,Uttar Pradesh,Lucknow,593348,North
CUST-01596,Ravi Menon,Consumer,India,Tamil Nadu,Chennai,827759,South
CUST-01597,MANOJ GUPTA,Corporate,India,Punjab,Amritsar,467476,North
CUST-01598,Vikram Patel,Small Business,India,Karnataka,Hubballi,960623,South
CUST-01599,Sanjay Patel,Corporate,India,Rajasthan,Jodhpur,667297,West
CUST-01600,Suresh Gupta,Consumer,India,Karnataka,Bengaluru,691040,South
CUST-01601,Sanjay Verma,Home Office,India,Rajasthan,Udaipur,909478,West
CUST-01602,Radha Joshi,Consumer,India,Tamil Nadu,Salem,276264,South
CUST-01603,Shalini Nair,Small Business,India,Uttar Pradesh,Lucknow,272824,North
CUST-01604,Priya Nair,Small Business,India,Gujarat,Surat,946446,West
CUST-01605,Vijay Reddy,Small Business,India,Tamil Nadu,Madurai,687354,South
CUST-01606,Meena Verma,Corporate,India,Gujarat,Vadodara,181998,West
CUST-01607,Ravi Nair,Small Business,India,Maharashtra,Mumbai,687712,West
CUST-01608,Neha Das,Corporate,India,West Bengal,Siliguri,465093,East
CUST-01609,Swathi Pillai,Corporate,India,Jharkhand,Ranchi,544677,East
CUST-01610,Vikram Chatterjee,Consumer,India,Andhra Pradesh,Vijayawada,287700,South
CUST-01611,  ganesh singh  ,Home Office,India,Kerala,Kozhikode,198679,South
CUST-01612,Suresh Sharma,Small Business,India,West Bengal,Siliguri,388307,East
CUST-01613,Suresh Sharma,Consumer,India,Rajasthan,Udaipur,963319,West
CUST-01614,Kiran Mishra,Small Business,India,Gujarat,Ahmedabad,282212,West
CUST-01615,Divya Sharma,Corporate,India,Andhra Pradesh,Vijayawada,130237,South
CUST-01616,Karthik Das,Small Business,India,Haryana,Faridabad,158770,North
CUST-01617,Neha Patel,Consumer,India,Tamil Nadu,Chennai,786927,South
CUST-01618,Ashok Gupta,Home Office,India,Goa,Panaji,857213,West
CUST-01619,Naveen Sharma,Corporate,India,Punjab,Amritsar,302312,North
CUST-01620,Suresh Menon,Small Business,India,Bihar,Patna,630019,East
CUST-01621,Arun Singh,Home Office,India,Karnataka,Mysuru,687789,South
CUST-01622,Karthik Mishra,Consumer,India,Punjab,Jalandhar,221909,North
CUST-01623,Kiran Kumar,Consumer,India,Uttar Pradesh,Noida,927050,North
CUST-01624,Anita Rao,Corporate,India,Kerala,Kochi,977981,South
CUST-01625,Sanjay Singh,Corporate,India,Uttar Pradesh,Kanpur,392514,North
CUST-01626,Suresh Menon,Home Office,India,Uttar Pradesh,Kanpur,409258,North
CUST-01627,Ganesh Pillai,Small Business,India,Andhra Pradesh,Visakhapatnam,909889,South
CUST-01628,Naveen Chatterjee,Corporate,India,Uttar Pradesh,Lucknow,664080,North
CUST-01629,Swathi Singh,Home Office,India,Tamil Nadu,Salem,458802,South
CUST-01630,Manoj Patel,Corporate,India,Delhi,Rohini,220898,North
CUST-01631,Ganesh Chatterjee,Consumer,India,Odisha,Bhubaneswar,716972,East
CUST-01632,Ashok Kumar,Small Business,India,Uttar Pradesh,Noida,541878,North
CUST-01633,Radha Pillai,Small Business,India,Kerala,Kochi,270651,South
CUST-01634,Lakshmi Mishra,Small Business,India,Goa,Panaji,703943,West
CUST-01635,Anita Pillai,Small Business,India,Goa,Margao,454291,West
CUST-01636,Ashok Rao,Small Business,India,Gujarat,Surat,213094,West
CUST-01637,Ganesh Kumar,Corporate,India,Uttar Pradesh,Noida,637085,North
CUST-01638,Arjun Menon,Corporate,India,Rajasthan,Udaipur,888371,West
CUST-01639,  karthik singh  ,Home Office,India,Uttar Pradesh,Lucknow,940422,North
CUST-01640,Rohan Menon,Home Office,India,Uttar Pradesh,Kanpur,415917,North
CUST-01641,,Home Office,India,Uttar Pradesh,Lucknow,817974,North
CUST-01642,Sneha Pillai,Small Business,India,Haryana,Gurugram,593670,North
CUST-01643,Naveen Mishra,Consumer,India,Bihar,Gaya,354533,East
CUST-01644,Sanjay Verma,Small Business,India,Karnataka,Hubballi,959613,South
CUST-01645,Swathi Kumar,Corporate,India,Tamil Nadu,Coimbatore,738081,South
CUST-01646,Naveen Kumar,Small Business,India,West Bengal,Kolkata,728275,East
CUST-01647,Vikram Sharma,Small Business,India,Tamil Nadu,Salem,416604,South
CUST-01648,Rohan Singh,Small Business,India,Kerala,Kochi,505605,South
CUST-01649,Sneha Chatterjee,Consumer,India,Odisha,Cuttack,642479,East
CUST-01650,Divya Chatterjee,Home Office,India,Delhi,New Delhi,268698,North
CUST-01651,Arun Joshi,Small Business,India,West Bengal,Siliguri,802750,East
CUST-01652,Anita Reddy,Small Business,India,Goa,Margao,946331,West
CUST-01653,Preethi Pillai,Corporate,India,Haryana,Faridabad,923650,North
CUST-01654,Swathi Iyer,Home Office,India,Uttar Pradesh,Lucknow,107294,North
CUST-01655,Arjun Mishra,Small Business,India,Maharashtra,Mumbai,150901,West
CUST-01656,Pooja Sharma,Home Office,India,Goa,Margao,819729,West
CUST-01657,Naveen Kumar,Corporate,India,Rajasthan,Jaipur,380216,West
CUST-01658,Meena Sharma,Home Office,India,Goa,Margao,217108,West
CUST-01659,Sneha Iyer,Corporate,India,Rajasthan,Jaipur,199166,West
CUST-01660,Suresh Pillai,Corporate,India,Maharashtra,Nagpur,822460,West
CUST-01661,Naveen Mishra,Home Office,India,Delhi,Rohini,180253,North
CUST-01662,Kiran Reddy,Consumer,India,Andhra Pradesh,Guntur,637533,South
CUST-01663,Sanjay Kumar,Home Office,India,Uttar Pradesh,Kanpur,883041,North
CUST-01664,Radha Das,Corporate,India,Haryana,Faridabad,932196,North
CUST-01665,Neha Rao,Consumer,India,Bihar,Patna,937764,East
CUST-01666,Kavya Patel,Corporate,India,Jharkhand,Jamshedpur,822325,East
CUST-01667,,Home Office,India,Odisha,Cuttack,398752,East
CUST-01668,Vikram Kumar,Corporate,India,Telangana,Warangal,789137,South
CUST-01669,Kiran Verma,Corporate,India,Haryana,Gurugram,332074,North
CUST-01670,Meena Mishra,Home Office,India,Goa,Panaji,541203,West
CUST-01671,Rahul Verma,Small Business,India,Kerala,Thiruvananthapuram,463191,South
CUST-01672,Neha Gupta,Home Office,India,Odisha,Cuttack,509008,East
CUST-01673,Karthik Joshi,Consumer,India,Rajasthan,Jodhpur,462072,West
CUST-01674,Meena Verma,Small Business,India,Maharashtra,Pune,807265,West
CUST-01675,Pooja Das,Consumer,India,Telangana,Warangal,902097,South
CUST-01676,Anjali Chatterjee,Small Business,India,Rajasthan,Jaipur,238094,West
CUST-01677,Vikram Menon,Home Office,India,Haryana,Faridabad,698469,North
CUST-01678,Anita Chatterjee,Home Office,India,Rajasthan,Jodhpur,528360,West
CUST-01679,Rahul Pillai,Home Office,India,West Bengal,Howrah,210770,East
CUST-01680,Sanjay Joshi,Small Business,India,Maharashtra,Nagpur,400189,West
CUST-01681,Arun Verma,Corporate,India,Maharashtra,Nagpur,788065,West
CUST-01682,Kavya Das,Consumer,India,Telangana,Warangal,298049,South
CUST-01683,Karthik Das,Corporate,India,Delhi,Dwarka,440808,North
CUST-01684,Pooja Kumar,Small Business,India,Jharkhand,Jamshedpur,730553,East
CUST-01685,Sneha Mishra,Corporate,India,Andhra Pradesh,Vijayawada,858183,South
CUST-01686,Rahul Nair,Consumer,India,Karnataka,Hubballi,167961,South
CUST-01687,Lakshmi Mishra,Corporate,India,Tamil Nadu,Madurai,935456,South
CUST-01688,Lakshmi Verma,Small Business,India,Uttar Pradesh,Noida,356757,North
CUST-01689,Swathi Das,Small Business,India,Gujarat,Vadodara,593050,West
CUST-01690,Ravi Reddy,Consumer,India,Bihar,Gaya,914320,East
CUST-01691,Shalini Chatterjee,Consumer,India,Jharkhand,Ranchi,906104,East
CUST-01692,Kiran Mishra,Consumer,India,Maharashtra,Mumbai,925673,West
CUST-01693,Ganesh Reddy,Home Office,India,Jharkhand,Ranchi,277160,East
CUST-01694,Shalini Joshi,Consumer,India,Tamil Nadu,Salem,377356,South
CUST-01695,Ravi Joshi,Home Office,India,Tamil Nadu,Madurai,893751,South
CUST-01696,Manoj Patel,Consumer,India,Rajasthan,Udaipur,388671,West
CUST-01697,Anjali Pillai,Home Office,India,Rajasthan,Udaipur,480343,West
CUST-01698,Meena Joshi,Home Office,India,Bihar,Gaya,561229,East
CUST-01699,Lakshmi Singh,Corporate,India,Andhra Pradesh,Guntur,369804,South
CUST-01700,Ganesh Kumar,Small Business,India,Karnataka,Bengaluru,481851,South
CUST-01701,Kiran Nair,Home Office,India,Goa,Panaji,994026,West
CUST-01702,Kiran Gupta,Corporate,India,Gujarat,Vadodara,605468,West
CUST-01703,Karthik Verma,Corporate,India,Tamil Nadu,Coimbatore,424333,South
CUST-01704,Shalini Reddy,Home Office,India,West Bengal,Siliguri,306508,East
CUST-01705,Arun Rao,Home Office,India,Jharkhand,Jamshedpur,312368,East
CUST-01706,Rahul Iyer,Consumer,India,Karnataka,Mysuru,680160,South
CUST-01707,Anjali Rao,Corporate,India,Karnataka,Bengaluru,935998,South
CUST-01708,Ravi Mishra,Home Office,India,Uttar Pradesh,Kanpur,142187,North
CUST-01709,Naveen Iyer,Home Office,India,Haryana,Panchkula,647941,North
CUST-01710,Ganesh Joshi,Consumer,India,Maharashtra,Nagpur,203043,West
CUST-01711,Divya Mishra,Corporate,India,Punjab,Jalandhar,599159,North
CUST-01712,Meena Kumar,Consumer,India,Goa,Panaji,550631,West
CUST-01713,Ganesh Mishra,Small Business,India,Delhi,New Delhi,363976,North
CUST-01714,Arjun Joshi,Home Office,India,Gujarat,Surat,397539,West
CUST-01715,Swathi Singh,Consumer,India,West Bengal,Howrah,561419,East
CUST-01716,Rahul Joshi,Corporate,India,Gujarat,Ahmedabad,271055,West
CUST-01717,Radha Mishra,Corporate,India,Kerala,Kozhikode,768868,South
CUST-01718,Meena Singh,Small Business,India,Kerala,Thiruvananthapuram,903650,South
CUST-01719,Ganesh Nair,Corporate,India,Kerala,Thiruvananthapuram,263984,South
CUST-01720,Lakshmi Gupta,Small Business,India,Kerala,Thiruvananthapuram,641554,South
CUST-01721,Suresh Rao,Home Office,India,Karnataka,Bengaluru,594908,South
CUST-01722,  naveen verma  ,Small Business,India,Maharashtra,Pune,422979,West
CUST-01723,  sanjay sharma  ,Corporate,India,Telangana,Warangal,470789,South
CUST-01724,Ravi Menon,Home Office,India,Tamil Nadu,Salem,794214,South
CUST-01725,Shalini Chatterjee,Corporate,India,Kerala,Thiruvananthapuram,685176,South
CUST-01726,Suresh Reddy,Corporate,India,Punjab,Amritsar,354948,North
CUST-01727,Deepa Sharma,Small Business,India,Odisha,Bhubaneswar,509010,East
CUST-01728,Priya Reddy,Home Office,India,Punjab,Ludhiana,770699,North
CUST-01729,Divya Joshi,Consumer,India,Haryana,Panchkula,886249,North
CUST-01730,Rohan Nair,Corporate,India,Goa,Panaji,413372,West
CUST-01731,Neha Patel,Home Office,India,Rajasthan,Jodhpur,656822,West
CUST-01732,Preethi Verma,Small Business,India,Andhra Pradesh,Vijayawada,910237,South
CUST-01733,Anjali Mishra,Corporate,India,Andhra Pradesh,Vijayawada,449188,South
CUST-01734,Anita Kumar,Small Business,India,Haryana,Panchkula,224980,North
CUST-01735,Naveen Sharma,Consumer,India,Gujarat,Surat,491616,West
CUST-01736,Preethi Verma,Home Office,India,Rajasthan,Jaipur,615909,West
CUST-01737,Ganesh Iyer,Consumer,India,Rajasthan,Jodhpur,918506,West
CUST-01738,Karthik Mishra,Corporate,India,West Bengal,Kolkata,781756,East
CUST-01739,Suresh Mishra,Corporate,India,Maharashtra,Pune,874831,West
CUST-01740,Rahul Mishra,Small Business,India,Gujarat,Vadodara,919056,West
CUST-01741,Lakshmi Chatterjee,Corporate,India,Delhi,Dwarka,108952,North
CUST-01742,Ganesh Verma,Corporate,India,Rajasthan,Jaipur,579989,West
CUST-01743,  ashok nair  ,Corporate,India,Tamil Nadu,Chennai,910540,South
CUST-01744,Lakshmi Sharma,Home Office,India,Haryana,Panchkula,666310,North
CUST-01745,Anjali Menon,Corporate,India,Tamil Nadu,Chennai,417644,South
CUST-01746,  vikram pillai  ,Small Business,India,Delhi,Dwarka,243982,North
CUST-01747,Preethi Menon,Small Business,India,Andhra Pradesh,Guntur,151604,South
CUST-01748,Ganesh Reddy,Consumer,India,Punjab,Jalandhar,283602,North
CUST-01749,Anita Pillai,Small Business,India,Jharkhand,Jamshedpur,432272,East
CUST-01750,POOJA JOSHI,Consumer,India,Karnataka,Bengaluru,633447,South
CUST-01751,Sanjay Das,Consumer,India,Telangana,Hyderabad,999146,South
CUST-01752,Kavya Singh,Consumer,India,Tamil Nadu,Coimbatore,835276,South
CUST-01753,Arun Patel,Home Office,India,Jharkhand,Ranchi,778805,East
CUST-01754,Arun Nair,Corporate,India,Gujarat,Vadodara,263324,West
CUST-01755,Shalini Menon,Home Office,India,Jharkhand,Jamshedpur,793058,East
CUST-01756,Sneha Gupta,Corporate,India,Gujarat,Vadodara,258733,West
CUST-01757,Arun Joshi,Small Business,India,Tamil Nadu,Salem,420932,South
CUST-01758,RAHUL KUMAR,Consumer,India,Delhi,Dwarka,447688,North
CUST-01759,Preethi Nair,Small Business,India,Telangana,Warangal,148758,South
CUST-01760,Divya Kumar,Consumer,India,Andhra Pradesh,Visakhapatnam,333517,South
CUST-01761,  manoj das  ,Corporate,India,Rajasthan,Jaipur,561809,West
CUST-01762,Deepa Joshi,Home Office,India,Karnataka,Bengaluru,234425,South
CUST-01763,Ravi Reddy,Corporate,India,Maharashtra,Nashik,616740,West
CUST-01764,Rohan Rao,Consumer,India,Odisha,Bhubaneswar,186181,East
CUST-01765,Anjali Rao,Home Office,India,Karnataka,Bengaluru,293595,South
CUST-01766,Arjun Patel,Small Business,India,Haryana,Panchkula,443874,North
CUST-01767,Preethi Sharma,Small Business,India,Jharkhand,Jamshedpur,938621,East
CUST-01768,Arun Nair,Corporate,India,West Bengal,Howrah,135771,East
CUST-01769,Deepa Pillai,Small Business,India,Tamil Nadu,Chennai,759253,South
CUST-01770,Neha Mishra,Home Office,India,Haryana,Faridabad,881147,North
CUST-01771,Ashok Gupta,Small Business,India,Karnataka,Bengaluru,457546,South
CUST-01772,  preethi verma  ,Consumer,India,Gujarat,Vadodara,375632,West
CUST-01773,Neha Nair,Small Business,India,Haryana,Gurugram,338157,North
CUST-01774,Rohan Pillai,Small Business,India,Kerala,Kochi,574548,South
CUST-01775,Arjun Gupta,Corporate,India,Telangana,Hyderabad,959860,South
CUST-01776,  vikram pillai  ,Corporate,India,Gujarat,Vadodara,730127,West
CUST-01777,Neha Pillai,Corporate,India,Rajasthan,Jaipur,341616,West
CUST-01778,Kiran Rao,Small Business,India,Bihar,Gaya,259437,East
CUST-01779,Sanjay Singh,Small Business,India,Andhra Pradesh,Guntur,647093,South
CUST-01780,Meena Kumar,Home Office,India,Punjab,Amritsar,363537,North
CUST-01781,Karthik Sharma,Corporate,India,Telangana,Warangal,247118,South
CUST-01782,Anjali Chatterjee,Small Business,India,Uttar Pradesh,Noida,777468,North
CUST-01783,Karthik Rao,Small Business,India,Karnataka,Mysuru,247262,South
CUST-01784,ROHAN MENON,Home Office,India,Maharashtra,Pune,249326,West
CUST-01785,Divya Singh,Small Business,India,Gujarat,Vadodara,207596,West
CUST-01786,  neha mishra  ,Home Office,India,Uttar Pradesh,Lucknow,173822,North
CUST-01787,Naveen Patel,Small Business,India,Haryana,Faridabad,757350,North
CUST-01788,Preethi Joshi,Consumer,India,Karnataka,Hubballi,335545,South
CUST-01789,Preethi Pillai,Small Business,India,Tamil Nadu,Madurai,991253,South
CUST-01790,Kiran Reddy,Home Office,India,Karnataka,Mysuru,983241,South
CUST-01791,Swathi Patel,Consumer,India,Andhra Pradesh,Visakhapatnam,187129,South
CUST-01792,Deepa Rao,Home Office,India,Goa,Panaji,554837,West
CUST-01793,Neha Chatterjee,Small Business,India,Goa,Margao,644176,West
CUST-01794,Kiran Reddy,Consumer,India,Rajasthan,Udaipur,199524,West
CUST-01795,Ravi Das,Consumer,India,Telangana,Hyderabad,853180,South
CUST-01796,GANESH SHARMA,Small Business,India,Telangana,Hyderabad,952660,South
CUST-01797,Ganesh Gupta,Home Office,India,Delhi,Dwarka,761149,North
CUST-01798,Anita Mishra,Home Office,India,Karnataka,Bengaluru,476007,South
CUST-01799,Shalini Sharma,Home Office,India,Kerala,Thiruvananthapuram,580462,South
CUST-01800,Preethi Verma,Home Office,India,Jharkhand,Jamshedpur,520815,East
CUST-01801,Karthik Verma,Corporate,India,Andhra Pradesh,Visakhapatnam,746345,South
CUST-01802,Karthik Chatterjee,Small Business,India,Kerala,Thiruvananthapuram,752004,South
CUST-01803,Preethi Joshi,Small Business,India,Andhra Pradesh,Visakhapatnam,453371,South
CUST-01804,Rahul Kumar,Home Office,India,Haryana,Faridabad,299008,North
CUST-01805,Vijay Gupta,Consumer,India,Telangana,Hyderabad,748513,South
CUST-01806,Ashok Chatterjee,Home Office,India,Karnataka,Bengaluru,252846,South
CUST-01807,Divya Singh,Consumer,India,West Bengal,Kolkata,697800,East
CUST-01808,Anjali Nair,Consumer,India,Odisha,Bhubaneswar,387087,East
CUST-01809,Anjali Rao,Corporate,India,Maharashtra,Pune,779367,West
CUST-01810,Preethi Joshi,Corporate,India,Maharashtra,Pune,534661,West
CUST-01811,Kiran Chatterjee,Home Office,India,Jharkhand,Jamshedpur,374194,East
CUST-01812,Ashok Rao,Home Office,India,Kerala,Thiruvananthapuram,666618,South
CUST-01813,Naveen Rao,Corporate,India,Rajasthan,Jaipur,707081,West
CUST-01814,Ravi Joshi,Consumer,India,Rajasthan,Jaipur,428712,West
CUST-01815,Ravi Rao,Consumer,India,Maharashtra,Nagpur,382206,West
CUST-01816,Karthik Gupta,Small Business,India,Delhi,Dwarka,687159,North
CUST-01817,Preethi Nair,Home Office,India,Punjab,Amritsar,815136,North
CUST-01818,Ashok Kumar,Small Business,India,Bihar,Gaya,726774,East
CUST-01819,Sanjay Menon,Home Office,India,Odisha,Bhubaneswar,574073,East
CUST-01820,Ganesh Das,Home Office,India,Uttar Pradesh,Lucknow,903524,North
CUST-01821,Vijay Pillai,Consumer,India,Goa,Panaji,225497,West
CUST-01822,ANITA MENON,Corporate,India,Tamil Nadu,Madurai,730745,South
CUST-01823,Radha Joshi,Home Office,India,Jharkhand,Ranchi,225304,East
CUST-01824,Swathi Chatterjee,Small Business,India,Telangana,Warangal,499812,South
CUST-01825,Pooja Gupta,Home Office,India,Bihar,Gaya,551266,East
CUST-01826,Anjali Pillai,Consumer,India,West Bengal,Siliguri,763756,East
CUST-01827,ARUN SHARMA,Home Office,India,Rajasthan,Jodhpur,162019,West
CUST-01828,Arjun Kumar,Small Business,India,Delhi,New Delhi,442737,North
CUST-01829,Pooja Iyer,Small Business,India,Uttar Pradesh,Kanpur,297637,North
CUST-01830,Preethi Nair,Corporate,India,Goa,Margao,492343,West
CUST-01831,Sneha Nair,Consumer,India,Maharashtra,Pune,131815,West
CUST-01832,Divya Singh,Home Office,India,Karnataka,Hubballi,213010,South
CUST-01833,Divya Joshi,Corporate,India,Tamil Nadu,Chennai,732819,South
CUST-01834,Radha Chatterjee,Consumer,India,Maharashtra,Pune,222034,West
CUST-01835,Naveen Joshi,Small Business,India,Tamil Nadu,Chennai,932625,South
CUST-01836,Deepa Reddy,Home Office,India,Gujarat,Vadodara,195371,West
CUST-01837,Arjun Chatterjee,Corporate,India,Rajasthan,Jaipur,774442,West
CUST-01838,MEENA DAS,Small Business,India,Telangana,Hyderabad,556276,South
CUST-01839,Divya Verma,Small Business,India,Rajasthan,Jodhpur,607620,West
CUST-01840,Vijay Sharma,Consumer,India,Gujarat,Vadodara,971636,West
CUST-01841,ANITA GUPTA,Consumer,India,West Bengal,Siliguri,428889,East
CUST-01842,Meena Chatterjee,Consumer,India,Tamil Nadu,Chennai,468852,South
CUST-01843,Arjun Gupta,Consumer,India,Gujarat,Surat,488837,West
CUST-01844,Ashok Rao,Consumer,India,Bihar,Gaya,435869,East
CUST-01845,Lakshmi Kumar,Corporate,India,Delhi,Rohini,500019,North
CUST-01846,Ashok Rao,Home Office,India,Odisha,Bhubaneswar,953161,East
CUST-01847,Pooja Chatterjee,Corporate,India,Delhi,Rohini,263503,North
CUST-01848,Radha Das,Home Office,India,Odisha,Cuttack,698254,East
CUST-01849,Suresh Das,Small Business,India,Bihar,Patna,110724,East
CUST-01850,Vikram Joshi,Consumer,India,Karnataka,Bengaluru,729281,South
CUST-01851,Manoj Nair,Corporate,India,Odisha,Bhubaneswar,822992,East
CUST-01852,Shalini Joshi,Home Office,India,Punjab,Amritsar,292265,North
CUST-01853,Ravi Chatterjee,Home Office,India,Karnataka,Hubballi,662309,South
CUST-01854,  divya chatterjee  ,Small Business,India,Tamil Nadu,Chennai,190705,South
CUST-01855,Deepa Reddy,Consumer,India,Haryana,Faridabad,339751,North
CUST-01856,Shalini Iyer,Home Office,India,Tamil Nadu,Madurai,557125,South
CUST-01857,PRIYA MENON,Home Office,India,Tamil Nadu,Salem,860123,South
CUST-01858,Rohan Verma,Home Office,India,Karnataka,Bengaluru,284055,South
CUST-01859,Sanjay Nair,Consumer,India,Karnataka,Hubballi,630154,South
CUST-01860,Anita Mishra,Consumer,India,Delhi,Dwarka,561929,North
CUST-01861,Sneha Nair,Consumer,India,Rajasthan,Jodhpur,432979,West
CUST-01862,Arun Gupta,Home Office,India,Jharkhand,Ranchi,437281,East
CUST-01863,Arun Chatterjee,Consumer,India,Delhi,New Delhi,690045,North
CUST-01864,Anjali Sharma,Consumer,India,Rajasthan,Udaipur,672084,West
CUST-01865,Ganesh Chatterjee,Small Business,India,Karnataka,Hubballi,818914,South
CUST-01866,Lakshmi Patel,Small Business,India,Andhra Pradesh,Visakhapatnam,767625,South
CUST-01867,Ashok Pillai,Home Office,India,Tamil Nadu,Coimbatore,251422,South
CUST-01868,  suresh gupta  ,Consumer,India,Andhra Pradesh,Vijayawada,875952,South
CUST-01869,Kavya Rao,Home Office,India,Telangana,Hyderabad,231097,South
CUST-01870,Manoj Mishra,Small Business,India,Maharashtra,Pune,507311,West
CUST-01871,Anita Menon,Corporate,India,Tamil Nadu,Madurai,327498,South
CUST-01872,Shalini Pillai,Small Business,India,Maharashtra,Nagpur,674835,West
CUST-01873,Deepa Reddy,Small Business,India,Rajasthan,Jaipur,783920,West
CUST-01874,Lakshmi Das,Corporate,India,Punjab,Ludhiana,309096,North
CUST-01875,Radha Das,Consumer,India,Uttar Pradesh,Kanpur,564498,North
CUST-01876,Suresh Nair,Corporate,India,West Bengal,Siliguri,521398,East
CUST-01877,Anita Nair,Consumer,India,Gujarat,Ahmedabad,431575,West
CUST-01878,Arun Sharma,Consumer,India,Kerala,Kozhikode,994016,South
CUST-01879,Rohan Menon,Consumer,India,Kerala,Kochi,981515,South
CUST-01880,Naveen Mishra,Corporate,India,Maharashtra,Nashik,455069,West
CUST-01881,Ashok Nair,Consumer,India,Uttar Pradesh,Noida,535353,North
CUST-01882,Neha Joshi,Corporate,India,Bihar,Patna,394895,East
CUST-01883,Manoj Reddy,Small Business,India,Delhi,Rohini,242185,North
CUST-01884,GANESH PILLAI,Corporate,India,Maharashtra,Pune,713302,West
CUST-01885,Deepa Pillai,Home Office,India,Kerala,Kozhikode,189139,South
CUST-01886,Sanjay Nair,Corporate,India,Haryana,Faridabad,929389,North
CUST-01887,Shalini Iyer,Small Business,India,Andhra Pradesh,Visakhapatnam,732094,South
CUST-01888,  sneha pillai  ,Home Office,India,Karnataka,Bengaluru,301350,South
CUST-01889,Rahul Gupta,Corporate,India,Punjab,Ludhiana,780950,North
CUST-01890,  rahul sharma  ,Small Business,India,Karnataka,Mysuru,886429,South
CUST-01891,Preethi Kumar,Consumer,India,Jharkhand,Jamshedpur,701518,East
CUST-01892,Sanjay Sharma,Home Office,India,Bihar,Patna,804542,East
CUST-01893,Preethi Das,Home Office,India,Telangana,Warangal,841637,South
CUST-01894,Vikram Joshi,Consumer,India,Karnataka,Hubballi,379626,South
CUST-01895,Swathi Verma,Consumer,India,Gujarat,Surat,219039,West
CUST-01896,Karthik Gupta,Corporate,India,Andhra Pradesh,Vijayawada,168114,South
CUST-01897,Karthik Kumar,Home Office,India,Jharkhand,Ranchi,114100,East
CUST-01898,Kiran Mishra,Consumer,India,West Bengal,Howrah,446974,East
CUST-01899,,Consumer,India,Uttar Pradesh,Kanpur,196158,North
CUST-01900,Shalini Rao,Consumer,India,Tamil Nadu,Salem,152427,South
CUST-01901,Naveen Menon,Corporate,India,Bihar,Gaya,619360,East
CUST-01902,Preethi Sharma,Consumer,India,Maharashtra,Pune,293910,West
CUST-01903,Ashok Menon,Consumer,India,Bihar,Patna,230034,East
CUST-01904,Anjali Gupta,Home Office,India,Telangana,Hyderabad,766157,South
CUST-01905,Kavya Patel,Corporate,India,Andhra Pradesh,Visakhapatnam,871168,South
CUST-01906,Suresh Singh,Consumer,India,Uttar Pradesh,Noida,167793,North
CUST-01907,Lakshmi Das,Small Business,India,Punjab,Jalandhar,806776,North
CUST-01908,Ganesh Pillai,Consumer,India,Bihar,Patna,814164,East
CUST-01909,Pooja Joshi,Home Office,India,Andhra Pradesh,Vijayawada,623968,South
CUST-01910,Vikram Rao,Consumer,India,Goa,Panaji,278837,West
CUST-01911,Rahul Chatterjee,Small Business,India,Maharashtra,Nagpur,586950,West
CUST-01912,ARUN NAIR,Corporate,India,Kerala,Thiruvananthapuram,499987,South
CUST-01913,SHALINI GUPTA,Corporate,India,Uttar Pradesh,Lucknow,721739,North
CUST-01914,Deepa Nair,Corporate,India,Karnataka,Mysuru,453700,South
CUST-01915,Preethi Patel,Small Business,India,Tamil Nadu,Coimbatore,299172,South
CUST-01916,Preethi Gupta,Consumer,India,Gujarat,Ahmedabad,798130,West
CUST-01917,Ravi Joshi,Corporate,India,Goa,Margao,403375,West
CUST-01918,Kavya Joshi,Corporate,India,Delhi,New Delhi,422969,North
CUST-01919,Lakshmi Reddy,Home Office,India,Goa,Margao,235715,West
CUST-01920,Rohan Pillai,Consumer,India,Rajasthan,Udaipur,596524,West
CUST-01921,Rahul Rao,Small Business,India,Kerala,Thiruvananthapuram,764662,South
CUST-01922,Rahul Menon,Corporate,India,Haryana,Panchkula,437466,North
CUST-01923,Anjali Joshi,Consumer,India,Rajasthan,Udaipur,592571,West
CUST-01924,Rohan Verma,Small Business,India,Punjab,Jalandhar,654943,North
CUST-01925,Anita Patel,Small Business,India,Punjab,Amritsar,571319,North
CUST-01926,ROHAN PILLAI,Corporate,India,Punjab,Ludhiana,596759,North
CUST-01927,Pooja Joshi,Home Office,India,Rajasthan,Jodhpur,253218,West
CUST-01928,Ashok Menon,Consumer,India,West Bengal,Siliguri,297336,East
CUST-01929,  arjun singh  ,Small Business,India,Tamil Nadu,Madurai,929118,South
CUST-01930,Suresh Menon,Consumer,India,Uttar Pradesh,Lucknow,410486,North
CUST-01931,Pooja Mishra,Small Business,India,Uttar Pradesh,Lucknow,568383,North
CUST-01932,Divya Patel,Corporate,India,Maharashtra,Nagpur,389353,West
CUST-01933,Rohan Verma,Consumer,India,Delhi,Dwarka,229934,North
CUST-01934,Rahul Chatterjee,Small Business,India,Rajasthan,Jodhpur,126702,West
CUST-01935,Naveen Sharma,Home Office,India,West Bengal,Siliguri,396651,East
CUST-01936,Priya Nair,Consumer,India,Gujarat,Ahmedabad,166980,West
CUST-01937,Ravi Rao,Home Office,India,Punjab,Jalandhar,891317,North
CUST-01938,Vijay Iyer,Consumer,India,Gujarat,Ahmedabad,520017,West
CUST-01939,Rohan Iyer,Corporate,India,Tamil Nadu,Salem,570284,South
CUST-01940,Anjali Sharma,Consumer,India,West Bengal,Siliguri,816724,East
CUST-01941,Priya Sharma,Corporate,India,Tamil Nadu,Coimbatore,895373,South
CUST-01942,Rahul Verma,Small Business,India,Andhra Pradesh,Guntur,892684,South
CUST-01943,SWATHI DAS,Consumer,India,Rajasthan,Jodhpur,171262,West
CUST-01944,Anjali Joshi,Consumer,India,Delhi,New Delhi,466353,North
CUST-01945,Sneha Chatterjee,Consumer,India,Tamil Nadu,Salem,259651,South
CUST-01946,Neha Pillai,Corporate,India,Gujarat,Surat,507287,West
CUST-01947,Vikram Verma,Consumer,India,Karnataka,Bengaluru,511704,South
CUST-01948,Kiran Chatterjee,Consumer,India,Tamil Nadu,Salem,293810,South
CUST-01949,Preethi Menon,Home Office,India,Tamil Nadu,Chennai,896665,South
CUST-01950,Naveen Singh,Consumer,India,Andhra Pradesh,Vijayawada,586308,South
CUST-01951,Naveen Patel,Consumer,India,Tamil Nadu,Salem,635926,South
CUST-01952,Rahul Menon,Small Business,India,Gujarat,Ahmedabad,854914,West
CUST-01953,Vijay Gupta,Home Office,India,Gujarat,Ahmedabad,603500,West
CUST-01954,Karthik Reddy,Consumer,India,Delhi,New Delhi,994101,North
CUST-01955,Radha Kumar,Small Business,India,Kerala,Kochi,566679,South
CUST-01956,Pooja Menon,Small Business,India,West Bengal,Siliguri,300053,East
CUST-01957,Kiran Kumar,Consumer,India,Kerala,Kochi,907868,South
CUST-01958,Radha Menon,Consumer,India,Haryana,Faridabad,767638,North
CUST-01959,Divya Iyer,Small Business,India,Jharkhand,Ranchi,346208,East
CUST-01960,Suresh Kumar,Small Business,India,Bihar,Patna,690590,East
CUST-01961,Sanjay Chatterjee,Small Business,India,Delhi,Dwarka,138966,North
CUST-01962,Arun Sharma,Home Office,India,Odisha,Bhubaneswar,166071,East
CUST-01963,  suresh kumar  ,Corporate,India,Odisha,Bhubaneswar,385173,East
CUST-01964,Kiran Sharma,Small Business,India,Rajasthan,Udaipur,975972,West
CUST-01965,Ravi Sharma,Consumer,India,Karnataka,Hubballi,481718,South
CUST-01966,Sneha Pillai,Corporate,India,Odisha,Bhubaneswar,489307,East
CUST-01967,Ganesh Chatterjee,Home Office,India,Andhra Pradesh,Vijayawada,590192,South
CUST-01968,Ashok Joshi,Small Business,India,Odisha,Cuttack,668609,East
CUST-01969,Ashok Nair,Small Business,India,Kerala,Kozhikode,476091,South
CUST-01970,Ashok Sharma,Corporate,India,Kerala,Kozhikode,630949,South
CUST-01971,Sneha Nair,Small Business,India,Tamil Nadu,Salem,964745,South
CUST-01972,Arjun Sharma,Consumer,India,Gujarat,Vadodara,208858,West
CUST-01973,Anita Rao,Home Office,India,Odisha,Cuttack,844229,East
CUST-01974,Pooja Chatterjee,Small Business,India,Gujarat,Vadodara,788801,West
CUST-01975,Vijay Reddy,Small Business,India,Tamil Nadu,Coimbatore,771580,South
CUST-01976,Ravi Kumar,Consumer,India,Gujarat,Surat,938792,West
CUST-01977,Meena Rao,Corporate,India,Telangana,Hyderabad,417569,South
CUST-01978,Arun Kumar,Consumer,India,Delhi,Dwarka,410152,North
CUST-01979,  karthik patel  ,Small Business,India,Maharashtra,Pune,224731,West
CUST-01980,Lakshmi Singh,Home Office,India,Kerala,Kozhikode,506582,South
CUST-01981,Deepa Sharma,Consumer,India,Odisha,Cuttack,615200,East
CUST-01982,Deepa Chatterjee,Consumer,India,Rajasthan,Jaipur,907180,West
CUST-01983,Swathi Joshi,Consumer,India,Delhi,Dwarka,498424,North
CUST-01984,Suresh Iyer,Consumer,India,Punjab,Jalandhar,357309,North
CUST-01985,  deepa sharma  ,Small Business,India,Kerala,Thiruvananthapuram,424863,South
CUST-01986,Rohan Kumar,Consumer,India,Gujarat,Surat,566018,West
CUST-01987,Sanjay Sharma,Consumer,India,Karnataka,Bengaluru,714110,South
CUST-01988,Meena Gupta,Home Office,India,Delhi,Rohini,404387,North
CUST-01989,,Corporate,India,Maharashtra,Nashik,609867,West
CUST-01990,Vijay Gupta,Home Office,India,Andhra Pradesh,Guntur,146005,South
CUST-01991,Preethi Joshi,Small Business,India,Tamil Nadu,Coimbatore,848502,South
CUST-01992,Sneha Nair,Consumer,India,Haryana,Panchkula,876319,North
CUST-01993,ARUN PILLAI,Consumer,India,West Bengal,Howrah,669884,East
CUST-01994,Kavya Das,Consumer,India,Punjab,Amritsar,168341,North
CUST-01995,Sanjay Rao,Consumer,India,Haryana,Panchkula,226889,North
CUST-01996,Manoj Pillai,Small Business,India,Rajasthan,Jodhpur,375782,West
CUST-01997,Kavya Reddy,Corporate,India,Rajasthan,Jodhpur,141686,West
CUST-01998,Sanjay Kumar,Consumer,India,Andhra Pradesh,Vijayawada,162908,South
CUST-01999,Arun Singh,Corporate,India,Haryana,Panchkula,435050,North
CUST-02000,Deepa Joshi,Consumer,India,Maharashtra,Nashik,324523,West
CUST-02001,Preethi Iyer,Corporate,India,Uttar Pradesh,Lucknow,799486,North
CUST-02002,Deepa Iyer,Corporate,India,Rajasthan,Udaipur,272734,West
CUST-02003,Anjali Patel,Small Business,India,Telangana,Warangal,162571,South
CUST-02004,Vikram Pillai,Corporate,India,Telangana,Hyderabad,571679,South
CUST-02005,Shalini Das,Corporate,India,West Bengal,Siliguri,892125,East
CUST-02006,Karthik Das,Small Business,India,Goa,Margao,132415,West
CUST-02007,Rohan Sharma,Small Business,India,Andhra Pradesh,Vijayawada,390863,South
CUST-02008,Rahul Singh,Home Office,India,Rajasthan,Jaipur,734698,West
CUST-02009,Deepa Chatterjee,Corporate,India,Bihar,Patna,718199,East
CUST-02010,Rahul Iyer,Home Office,India,Karnataka,Bengaluru,759681,South
CUST-02011,Anjali Verma,Corporate,India,Kerala,Thiruvananthapuram,351044,South
CUST-02012,Arjun Das,Small Business,India,Karnataka,Mysuru,376729,South
CUST-02013,Shalini Nair,Corporate,India,Bihar,Patna,409345,East
CUST-02014,Rahul Menon,Corporate,India,Maharashtra,Nagpur,710008,West
CUST-02015,Anjali Menon,Home Office,India,Goa,Margao,928317,West
CUST-02016,Anjali Chatterjee,Home Office,India,Maharashtra,Nashik,851872,West
CUST-02017,  suresh iyer  ,Small Business,India,Karnataka,Bengaluru,230473,South
CUST-02018,Vikram Patel,Home Office,India,Gujarat,Ahmedabad,576851,West
CUST-02019,Kavya Joshi,Small Business,India,Goa,Margao,213329,West
CUST-02020,Divya Pillai,Consumer,India,Punjab,Ludhiana,143027,North
CUST-02021,Shalini Reddy,Small Business,India,Jharkhand,Jamshedpur,820082,East
CUST-02022,Arun Reddy,Home Office,India,Kerala,Kozhikode,754688,South
CUST-02023,Lakshmi Patel,Corporate,India,Rajasthan,Jodhpur,470725,West
CUST-02024,Anjali Gupta,Consumer,India,Andhra Pradesh,Guntur,313008,South
CUST-02025,Suresh Joshi,Corporate,India,Haryana,Faridabad,200331,North
CUST-02026,,Consumer,India,Tamil Nadu,Coimbatore,393046,South
CUST-02027,Swathi Singh,Small Business,India,Maharashtra,Mumbai,707794,West
CUST-02028,  kavya mishra  ,Small Business,India,Maharashtra,Pune,257690,West
CUST-02029,Vijay Patel,Small Business,India,Tamil Nadu,Salem,806017,South
CUST-02030,Arun Joshi,Small Business,India,Gujarat,Surat,745543,West
CUST-02031,Ravi Iyer,Small Business,India,Goa,Margao,977594,West
CUST-02032,Pooja Chatterjee,Home Office,India,Karnataka,Mysuru,360849,South
CUST-02033,Arun Rao,Consumer,India,West Bengal,Siliguri,831466,East
CUST-02034,Pooja Pillai,Small Business,India,Andhra Pradesh,Guntur,121489,South
CUST-02035,Kavya Patel,Home Office,India,Andhra Pradesh,Visakhapatnam,339659,South
CUST-02036,Sneha Rao,Corporate,India,Goa,Panaji,776340,West
CUST-02037,Vijay Rao,Corporate,India,Punjab,Jalandhar,841452,North
CUST-02038,Karthik Patel,Home Office,India,Maharashtra,Pune,256268,West
CUST-02039,Sneha Rao,Corporate,India,Telangana,Warangal,426734,South
CUST-02040,Priya Gupta,Small Business,India,Karnataka,Hubballi,674555,South
CUST-02041,Shalini Menon,Consumer,India,Goa,Margao,847140,West
CUST-02042,Sneha Reddy,Home Office,India,Maharashtra,Nagpur,680322,West
CUST-02043,  anjali kumar  ,Corporate,India,Kerala,Thiruvananthapuram,996959,South
CUST-02044,Arjun Sharma,Corporate,India,Telangana,Hyderabad,241504,South
CUST-02045,Preethi Pillai,Home Office,India,Rajasthan,Udaipur,921200,West
CUST-02046,  ravi rao  ,Consumer,India,Uttar Pradesh,Noida,771231,North
CUST-02047,Manoj Joshi,Small Business,India,Odisha,Cuttack,890897,East
CUST-02048,Manoj Pillai,Small Business,India,Goa,Margao,705523,West
CUST-02049,Arjun Joshi,Consumer,India,Haryana,Panchkula,943934,North
CUST-02050,Meena Reddy,Small Business,India,Goa,Margao,532446,West
CUST-02051,Vikram Kumar,Corporate,India,Tamil Nadu,Salem,556694,South
CUST-02052,Rohan Singh,Corporate,India,Telangana,Hyderabad,356368,South
CUST-02053,Deepa Chatterjee,Small Business,India,Maharashtra,Nagpur,847519,West
CUST-02054,Priya Rao,Consumer,India,Uttar Pradesh,Lucknow,771112,North
CUST-02055,Sanjay Das,Home Office,India,Punjab,Amritsar,727296,North
CUST-02056,Radha Joshi,Home Office,India,Punjab,Amritsar,469604,North
CUST-02057,Divya Nair,Home Office,India,Jharkhand,Jamshedpur,845647,East
CUST-02058,Pooja Kumar,Home Office,India,Maharashtra,Pune,523008,West
CUST-02059,Meena Pillai,Consumer,India,Punjab,Ludhiana,940144,North
CUST-02060,Arjun Sharma,Consumer,India,Odisha,Bhubaneswar,917163,East
CUST-02061,Rahul Mishra,Home Office,India,Jharkhand,Ranchi,857641,East
CUST-02062,Lakshmi Chatterjee,Corporate,India,Karnataka,Mysuru,513557,South
CUST-02063,Vikram Das,Small Business,India,Rajasthan,Udaipur,303071,West
CUST-02064,GANESH PATEL,Consumer,India,Tamil Nadu,Salem,100594,South
CUST-02065,Anita Joshi,Small Business,India,Punjab,Amritsar,329737,North
CUST-02066,Divya Iyer,Home Office,India,Odisha,Bhubaneswar,581932,East
CUST-02067,Suresh Verma,Home Office,India,West Bengal,Howrah,797241,East
CUST-02068,GANESH PATEL,Corporate,India,Goa,Margao,916102,West
CUST-02069,Deepa Patel,Home Office,India,Kerala,Kozhikode,633552,South
CUST-02070,Ganesh Singh,Corporate,India,Karnataka,Bengaluru,211669,South
CUST-02071,Anjali Mishra,Home Office,India,Uttar Pradesh,Lucknow,203386,North
CUST-02072,Meena Iyer,Small Business,India,Tamil Nadu,Madurai,270336,South
CUST-02073,  radha sharma  ,Small Business,India,Maharashtra,Mumbai,525642,West
CUST-02074,Pooja Reddy,Small Business,India,Kerala,Kochi,347130,South
CUST-02075,Ganesh Menon,Corporate,India,Telangana,Hyderabad,550998,South
CUST-02076,Sneha Verma,Consumer,India,Goa,Panaji,495153,West
CUST-02077,ROHAN DAS,Corporate,India,Gujarat,Ahmedabad,196799,West
CUST-02078,Sneha Sharma,Home Office,India,Haryana,Panchkula,405579,North
CUST-02079,SWATHI IYER,Home Office,India,Delhi,Rohini,273247,North
CUST-02080,Ganesh Iyer,Consumer,India,Delhi,Rohini,744206,North
CUST-02081,Sanjay Joshi,Home Office,India,Haryana,Gurugram,380316,North
CUST-02082,Meena Nair,Home Office,India,Punjab,Amritsar,584795,North
CUST-02083,Deepa Rao,Consumer,India,Bihar,Patna,397477,East
CUST-02084,Deepa Mishra,Home Office,India,Andhra Pradesh,Visakhapatnam,633595,South
CUST-02085,Shalini Rao,Home Office,India,Kerala,Kochi,798619,South
CUST-02086,Priya Iyer,Consumer,India,Punjab,Ludhiana,716230,North
CUST-02087,Anita Iyer,Home Office,India,Karnataka,Hubballi,907788,South
CUST-02088,Kavya Das,Home Office,India,Haryana,Faridabad,775609,North
CUST-02089,PRIYA PILLAI,Corporate,India,Uttar Pradesh,Noida,509777,North
CUST-02090,Naveen Patel,Small Business,India,Andhra Pradesh,Guntur,295624,South
CUST-02091,Preethi Verma,Home Office,India,Maharashtra,Pune,239359,West
CUST-02092,Radha Gupta,Corporate,India,Delhi,New Delhi,921251,North
CUST-02093,Rahul Nair,Corporate,India,Delhi,Rohini,247158,North
CUST-02094,Vikram Gupta,Consumer,India,Telangana,Warangal,140316,South
CUST-02095,Pooja Verma,Small Business,India,Delhi,New Delhi,209678,North
CUST-02096,Rohan Verma,Home Office,India,Odisha,Cuttack,790660,East
CUST-02097,Lakshmi Menon,Consumer,India,Maharashtra,Mumbai,907101,West
CUST-02098,Neha Mishra,Home Office,India,Delhi,Rohini,398304,North
CUST-02099,Karthik Joshi,Corporate,India,Telangana,Warangal,586060,South
CUST-02100,Suresh Singh,Consumer,India,West Bengal,Siliguri,993559,East
CUST-02101,Sanjay Patel,Corporate,India,Delhi,New Delhi,656524,North
CUST-02102,Sanjay Kumar,Consumer,India,Maharashtra,Mumbai,150083,West
CUST-02103,Neha Das,Home Office,India,Delhi,Dwarka,626124,North
CUST-02104,Ganesh Menon,Home Office,India,Rajasthan,Jaipur,793411,West
CUST-02105,Sanjay Verma,Corporate,India,Uttar Pradesh,Kanpur,671540,North
CUST-02106,Anjali Joshi,Corporate,India,Delhi,Dwarka,204291,North
CUST-02107,Meena Patel,Small Business,India,Telangana,Warangal,269724,South
CUST-02108,Radha Singh,Consumer,India,Kerala,Kochi,668663,South
CUST-02109,Radha Kumar,Home Office,India,Tamil Nadu,Madurai,169187,South
CUST-02110,Divya Mishra,Small Business,India,Gujarat,Surat,228028,West
CUST-02111,Shalini Iyer,Small Business,India,Andhra Pradesh,Visakhapatnam,284967,South
CUST-02112,Arun Iyer,Corporate,India,Punjab,Amritsar,270175,North
CUST-02113,Vikram Joshi,Consumer,India,West Bengal,Howrah,468451,East
CUST-02114,Divya Chatterjee,Corporate,India,Tamil Nadu,Salem,275660,South
CUST-02115,Ravi Iyer,Small Business,India,Jharkhand,Jamshedpur,337765,East
CUST-02116,  pooja menon  ,Small Business,India,Delhi,Rohini,138146,North
CUST-02117,SWATHI PILLAI,Small Business,India,West Bengal,Siliguri,455179,East
CUST-02118,Rahul Mishra,Consumer,India,Punjab,Jalandhar,240592,North
CUST-02119,Rohan Joshi,Home Office,India,Gujarat,Ahmedabad,680476,West
CUST-02120,Kiran Verma,Small Business,India,Tamil Nadu,Madurai,427216,South
CUST-02121,Meena Nair,Small Business,India,Bihar,Patna,370827,East
CUST-02122,  karthik pillai  ,Home Office,India,Punjab,Amritsar,622491,North
CUST-02123,Meena Verma,Consumer,India,Uttar Pradesh,Kanpur,846376,North
CUST-02124,Preethi Reddy,Consumer,India,Andhra Pradesh,Vijayawada,218881,South
CUST-02125,Divya Gupta,Consumer,India,Rajasthan,Udaipur,322623,West
CUST-02126,Neha Iyer,Home Office,India,Bihar,Gaya,675601,East
CUST-02127,Sanjay Sharma,Consumer,India,Kerala,Kochi,540581,South
CUST-02128,KARTHIK REDDY,Consumer,India,Goa,Panaji,104204,West
CUST-02129,Shalini Pillai,Consumer,India,Telangana,Hyderabad,668290,South
CUST-02130,Shalini Rao,Corporate,India,Punjab,Jalandhar,450290,North
CUST-02131,Divya Kumar,Corporate,India,Maharashtra,Nashik,329027,West
CUST-02132,Arjun Rao,Home Office,India,Telangana,Warangal,105543,South
CUST-02133,Deepa Rao,Corporate,India,Punjab,Ludhiana,550597,North
CUST-02134,Meena Pillai,Small Business,India,Haryana,Panchkula,524170,North
CUST-02135,Preethi Reddy,Home Office,India,Bihar,Gaya,540636,East
CUST-02136,Sanjay Menon,Corporate,India,Jharkhand,Jamshedpur,365222,East
CUST-02137,  swathi rao  ,Consumer,India,Haryana,Panchkula,845609,North
CUST-02138,Karthik Chatterjee,Home Office,India,Haryana,Panchkula,328731,North
CUST-02139,Ravi Reddy,Small Business,India,Bihar,Patna,114428,East
CUST-02140,Anita Reddy,Small Business,India,Andhra Pradesh,Vijayawada,440904,South
CUST-02141,Swathi Menon,Corporate,India,West Bengal,Howrah,253003,East
CUST-02142,Swathi Rao,Home Office,India,Gujarat,Ahmedabad,612662,West
CUST-02143,Sneha Sharma,Small Business,India,Punjab,Ludhiana,884674,North
CUST-02144,MEENA NAIR,Corporate,India,Karnataka,Hubballi,392896,South
CUST-02145,Shalini Iyer,Home Office,India,Goa,Panaji,576503,West
CUST-02146,Preethi Patel,Home Office,India,Maharashtra,Nashik,509568,West
CUST-02147,Arun Rao,Small Business,India,West Bengal,Siliguri,609505,East
CUST-02148,Radha Nair,Home Office,India,Haryana,Faridabad,380678,North
CUST-02149,Swathi Singh,Consumer,India,Jharkhand,Jamshedpur,523325,East
CUST-02150,Ashok Singh,Corporate,India,Karnataka,Bengaluru,949042,South
CUST-02151,LAKSHMI GUPTA,Consumer,India,West Bengal,Howrah,621180,East
CUST-02152,Vijay Das,Consumer,India,Rajasthan,Udaipur,457875,West
CUST-02153,Anita Das,Home Office,India,Karnataka,Bengaluru,829837,South
CUST-02154,Lakshmi Pillai,Small Business,India,Haryana,Gurugram,498376,North
CUST-02155,Preethi Verma,Corporate,India,Andhra Pradesh,Visakhapatnam,594281,South
CUST-02156,Neha Kumar,Consumer,India,Bihar,Patna,179973,East
CUST-02157,Priya Menon,Consumer,India,Maharashtra,Nagpur,532390,West
CUST-02158,Ravi Nair,Corporate,India,Tamil Nadu,Coimbatore,873874,South
CUST-02159,Radha Das,Small Business,India,Haryana,Faridabad,394032,North
CUST-02160,Lakshmi Reddy,Home Office,India,Punjab,Jalandhar,944539,North
CUST-02161,Vijay Rao,Home Office,India,Delhi,Rohini,599135,North
CUST-02162,Arun Joshi,Small Business,India,Tamil Nadu,Salem,934375,South
CUST-02163,Anjali Patel,Home Office,India,Delhi,New Delhi,547852,North
CUST-02164,Sneha Kumar,Consumer,India,Jharkhand,Jamshedpur,202247,East
CUST-02165,Anjali Sharma,Corporate,India,Jharkhand,Ranchi,288105,East
CUST-02166,Priya Mishra,Corporate,India,Tamil Nadu,Coimbatore,748697,South
CUST-02167,Pooja Singh,Corporate,India,Odisha,Cuttack,552798,East
CUST-02168,Sanjay Kumar,Consumer,India,Uttar Pradesh,Noida,492729,North
CUST-02169,Divya Iyer,Consumer,India,Uttar Pradesh,Noida,322072,North
CUST-02170,Naveen Gupta,Home Office,India,Karnataka,Mysuru,848365,South
CUST-02171,Neha Menon,Corporate,India,Maharashtra,Pune,545525,West
CUST-02172,Suresh Menon,Consumer,India,Jharkhand,Ranchi,937080,East
CUST-02173,Manoj Iyer,Corporate,India,Goa,Panaji,220950,West
CUST-02174,Preethi Reddy,Small Business,India,Rajasthan,Jodhpur,602605,West
CUST-02175,Rohan Sharma,Corporate,India,Gujarat,Vadodara,288526,West
CUST-02176,Preethi Iyer,Consumer,India,Tamil Nadu,Madurai,665185,South
CUST-02177,Rahul Nair,Small Business,India,Uttar Pradesh,Kanpur,146156,North
CUST-02178,Shalini Rao,Consumer,India,Bihar,Patna,767155,East
CUST-02179,Anita Iyer,Home Office,India,Jharkhand,Jamshedpur,897064,East
CUST-02180,Rahul Kumar,Consumer,India,Delhi,Rohini,902663,North
CUST-02181,Preethi Kumar,Corporate,India,Punjab,Jalandhar,438162,North
CUST-02182,Karthik Menon,Consumer,India,Maharashtra,Nashik,944495,West
CUST-02183,Priya Kumar,Home Office,India,Jharkhand,Ranchi,257050,East
CUST-02184,Arjun Singh,Corporate,India,Karnataka,Hubballi,373472,South
CUST-02185,Ganesh Joshi,Consumer,India,Karnataka,Hubballi,614996,South
CUST-02186,  lakshmi sharma  ,Small Business,India,Kerala,Thiruvananthapuram,497877,South
CUST-02187,Lakshmi Sharma,Home Office,India,Delhi,New Delhi,794196,North
CUST-02188,Karthik Pillai,Home Office,India,Jharkhand,Ranchi,640950,East
CUST-02189,Anjali Das,Home Office,India,Uttar Pradesh,Lucknow,936449,North
CUST-02190,  priya pillai  ,Corporate,India,Kerala,Kochi,961487,South
CUST-02191,Ravi Sharma,Consumer,India,West Bengal,Howrah,592588,East
CUST-02192,Lakshmi Mishra,Consumer,India,West Bengal,Kolkata,472325,East
CUST-02193,PREETHI GUPTA,Consumer,India,Haryana,Panchkula,167648,North
CUST-02194,Divya Chatterjee,Consumer,India,Karnataka,Bengaluru,975454,South
CUST-02195,Suresh Patel,Small Business,India,West Bengal,Siliguri,286064,East
CUST-02196,Sanjay Menon,Consumer,India,Gujarat,Vadodara,779207,West
CUST-02197,Rohan Chatterjee,Home Office,India,West Bengal,Kolkata,810832,East
CUST-02198,Swathi Singh,Corporate,India,Telangana,Warangal,412042,South
CUST-02199,Rohan Pillai,Small Business,India,Jharkhand,Ranchi,860457,East
CUST-02200,Karthik Mishra,Small Business,India,Delhi,Rohini,961968,North
CUST-02201,Pooja Pillai,Corporate,India,Karnataka,Hubballi,144374,South
CUST-02202,Rahul Gupta,Consumer,India,Karnataka,Hubballi,300982,South
CUST-02203,Shalini Patel,Consumer,India,Karnataka,Hubballi,637898,South
CUST-02204,Neha Gupta,Corporate,India,Karnataka,Mysuru,447656,South
CUST-02205,Ravi Verma,Consumer,India,Delhi,Rohini,403768,North
CUST-02206,Vikram Menon,Home Office,India,Andhra Pradesh,Visakhapatnam,303768,South
CUST-02207,Anita Rao,Consumer,India,Uttar Pradesh,Lucknow,945097,North
CUST-02208,Manoj Reddy,Corporate,India,Rajasthan,Jaipur,150678,West
CUST-02209,DEEPA MENON,Home Office,India,Haryana,Panchkula,524667,North
CUST-02210,Kavya Sharma,Consumer,India,Jharkhand,Ranchi,180573,East
CUST-02211,Vijay Verma,Small Business,India,Andhra Pradesh,Guntur,199937,South
CUST-02212,  anita kumar  ,Corporate,India,Delhi,New Delhi,293807,North
CUST-02213,  divya verma  ,Corporate,India,Telangana,Warangal,217455,South
CUST-02214,Ravi Chatterjee,Small Business,India,Kerala,Kozhikode,595214,South
CUST-02215,Divya Das,Corporate,India,Delhi,New Delhi,751226,North
CUST-02216,Ashok Sharma,Consumer,India,Punjab,Amritsar,426346,North
CUST-02217,Ganesh Singh,Home Office,India,Haryana,Gurugram,665422,North
CUST-02218,Naveen Kumar,Small Business,India,Goa,Panaji,246059,West
CUST-02219,Vikram Nair,Small Business,India,Punjab,Amritsar,351807,North
CUST-02220,Suresh Sharma,Home Office,India,Bihar,Patna,882254,East
CUST-02221,Priya Pillai,Home Office,India,West Bengal,Howrah,122286,East
CUST-02222,Shalini Sharma,Consumer,India,Gujarat,Vadodara,827382,West
CUST-02223,Arun Sharma,Corporate,India,Tamil Nadu,Chennai,158077,South
CUST-02224,Naveen Kumar,Small Business,India,Andhra Pradesh,Guntur,261472,South
CUST-02225,Sneha Menon,Home Office,India,Karnataka,Bengaluru,457075,South
CUST-02226,Kavya Reddy,Small Business,India,Gujarat,Ahmedabad,756805,West
CUST-02227,Lakshmi Menon,Home Office,India,Gujarat,Vadodara,971777,West
CUST-02228,Meena Kumar,Corporate,India,Gujarat,Vadodara,569164,West
CUST-02229,Radha Nair,Corporate,India,Telangana,Warangal,148360,South
CUST-02230,PRIYA REDDY,Small Business,India,Odisha,Bhubaneswar,488563,East
CUST-02231,Naveen Sharma,Consumer,India,Gujarat,Surat,486130,West
CUST-02232,Arun Mishra,Corporate,India,Karnataka,Bengaluru,711214,South
CUST-02233,Kiran Das,Small Business,India,West Bengal,Kolkata,700535,East
CUST-02234,Kiran Mishra,Home Office,India,Punjab,Jalandhar,647579,North
CUST-02235,Kiran Rao,Consumer,India,Uttar Pradesh,Lucknow,446401,North
CUST-02236,Ganesh Menon,Consumer,India,Uttar Pradesh,Kanpur,299623,North
CUST-02237,Meena Nair,Consumer,India,Maharashtra,Mumbai,523847,West
CUST-02238,Deepa Nair,Consumer,India,Telangana,Hyderabad,771339,South
CUST-02239,Kiran Mishra,Corporate,India,Uttar Pradesh,Kanpur,885673,North
CUST-02240,Arjun Rao,Home Office,India,Kerala,Thiruvananthapuram,802699,South
CUST-02241,Swathi Kumar,Consumer,India,Karnataka,Hubballi,968235,South
CUST-02242,Divya Nair,Small Business,India,Bihar,Patna,693774,East
CUST-02243,Rohan Chatterjee,Home Office,India,Goa,Panaji,900173,West
CUST-02244,Karthik Chatterjee,Home Office,India,Rajasthan,Udaipur,496672,West
CUST-02245,Arun Joshi,Corporate,India,Maharashtra,Mumbai,203025,West
CUST-02246,Rahul Reddy,Corporate,India,Karnataka,Bengaluru,984272,South
CUST-02247,Ganesh Singh,Consumer,India,Gujarat,Surat,385109,West
CUST-02248,Vijay Rao,Small Business,India,Delhi,New Delhi,106829,North
CUST-02249,Priya Reddy,Corporate,India,Andhra Pradesh,Guntur,628376,South
CUST-02250,Rahul Kumar,Small Business,India,Punjab,Ludhiana,169439,North
CUST-02251,Meena Iyer,Consumer,India,Jharkhand,Jamshedpur,437004,East
CUST-02252,Arjun Menon,Small Business,India,Goa,Panaji,564848,West
CUST-02253,Kiran Patel,Small Business,India,Karnataka,Mysuru,117634,South
CUST-02254,Priya Mishra,Small Business,India,Haryana,Panchkula,861288,North
CUST-02255,Rohan Pillai,Consumer,India,Delhi,Dwarka,682446,North
CUST-02256,Deepa Chatterjee,Consumer,India,Punjab,Ludhiana,268791,North
CUST-02257,Arjun Patel,Corporate,India,Punjab,Amritsar,304753,North
CUST-02258,Radha Verma,Corporate,India,Andhra Pradesh,Visakhapatnam,849646,South
CUST-02259,Manoj Iyer,Corporate,India,Maharashtra,Nagpur,111158,West
CUST-02260,Divya Iyer,Consumer,India,Goa,Margao,271319,West
CUST-02261,Naveen Verma,Small Business,India,Haryana,Panchkula,590448,North
CUST-02262,Vikram Menon,Home Office,India,Maharashtra,Pune,177946,West
CUST-02263,SNEHA VERMA,Small Business,India,Punjab,Ludhiana,247693,North
CUST-02264,Naveen Reddy,Home Office,India,Maharashtra,Mumbai,388769,West
CUST-02265,Suresh Reddy,Consumer,India,Telangana,Hyderabad,593248,South
CUST-02266,Deepa Gupta,Consumer,India,Uttar Pradesh,Kanpur,178830,North
CUST-02267,Ashok Gupta,Corporate,India,Haryana,Gurugram,758784,North
CUST-02268,Ganesh Verma,Small Business,India,Jharkhand,Jamshedpur,970053,East
CUST-02269,Vijay Das,Corporate,India,Tamil Nadu,Coimbatore,962500,South
CUST-02270,Swathi Verma,Home Office,India,Telangana,Warangal,130573,South
CUST-02271,Arun Joshi,Small Business,India,Bihar,Patna,717203,East
CUST-02272,Deepa Sharma,Corporate,India,Telangana,Hyderabad,620580,South
CUST-02273,Preethi Kumar,Consumer,India,Andhra Pradesh,Vijayawada,901674,South
CUST-02274,Sneha Gupta,Home Office,India,Tamil Nadu,Coimbatore,759737,South
CUST-02275,Swathi Pillai,Home Office,India,Delhi,New Delhi,915044,North
CUST-02276,Suresh Chatterjee,Consumer,India,Rajasthan,Udaipur,257643,West
CUST-02277,Ganesh Nair,Small Business,India,Kerala,Thiruvananthapuram,695451,South
CUST-02278,Neha Patel,Home Office,India,Tamil Nadu,Madurai,550846,South
CUST-02279,Rohan Sharma,Consumer,India,Kerala,Kozhikode,937167,South
CUST-02280,Naveen Das,Home Office,India,Jharkhand,Ranchi,727282,East
CUST-02281,Ashok Verma,Consumer,India,Jharkhand,Jamshedpur,739348,East
CUST-02282,Neha Mishra,Small Business,India,Delhi,Rohini,829054,North
CUST-02283,Neha Chatterjee,Small Business,India,Maharashtra,Pune,509464,West
CUST-02284,Arun Mishra,Consumer,India,Karnataka,Mysuru,498928,South
CUST-02285,Manoj Joshi,Small Business,India,West Bengal,Kolkata,658049,East
CUST-02286,Radha Das,Corporate,India,Gujarat,Surat,621379,West
CUST-02287,VIKRAM JOSHI,Home Office,India,Jharkhand,Jamshedpur,140034,East
CUST-02288,Kiran Gupta,Corporate,India,Odisha,Cuttack,755569,East
CUST-02289,  swathi pillai  ,Home Office,India,Andhra Pradesh,Guntur,499443,South
CUST-02290,Divya Gupta,Corporate,India,Karnataka,Mysuru,668087,South
CUST-02291,Suresh Gupta,Small Business,India,Gujarat,Vadodara,512272,West
CUST-02292,Naveen Singh,Corporate,India,Uttar Pradesh,Kanpur,769307,North
CUST-02293,Ganesh Patel,Corporate,India,Telangana,Hyderabad,970641,South
CUST-02294,Radha Reddy,Corporate,India,Kerala,Kozhikode,524569,South
CUST-02295,Sneha Verma,Corporate,India,Jharkhand,Ranchi,606779,East
CUST-02296,Ganesh Gupta,Corporate,India,Telangana,Hyderabad,717741,South
CUST-02297,Shalini Pillai,Consumer,India,Haryana,Gurugram,334412,North
CUST-02298,  kiran joshi  ,Small Business,India,Gujarat,Vadodara,375617,West
CUST-02299,Rahul Joshi,Home Office,India,Odisha,Cuttack,401260,East
CUST-02300,Divya Iyer,Small Business,India,Haryana,Faridabad,604592,North
CUST-02301,Rahul Rao,Consumer,India,Karnataka,Mysuru,931994,South
CUST-02302,Karthik Verma,Consumer,India,Karnataka,Hubballi,575714,South
CUST-02303,Anita Gupta,Corporate,India,Andhra Pradesh,Vijayawada,749466,South
CUST-02304,  arjun reddy  ,Small Business,India,Tamil Nadu,Madurai,937606,South
CUST-02305,Lakshmi Patel,Consumer,India,Uttar Pradesh,Lucknow,830989,North
CUST-02306,Vijay Pillai,Small Business,India,Uttar Pradesh,Kanpur,578814,North
CUST-02307,GANESH JOSHI,Corporate,India,Rajasthan,Jodhpur,163063,West
CUST-02308,Pooja Nair,Home Office,India,Tamil Nadu,Madurai,985734,South
CUST-02309,Neha Das,Home Office,India,Telangana,Warangal,161204,South
CUST-02310,Vijay Mishra,Home Office,India,Rajasthan,Jaipur,563681,West
CUST-02311,Rahul Verma,Home Office,India,Jharkhand,Jamshedpur,801827,East
CUST-02312,Pooja Verma,Home Office,India,Bihar,Gaya,982456,East
CUST-02313,RADHA REDDY,Small Business,India,Punjab,Jalandhar,951881,North
CUST-02314,Radha Kumar,Corporate,India,Delhi,Rohini,144957,North
CUST-02315,Kiran Rao,Corporate,India,Punjab,Amritsar,347905,North
CUST-02316,,Corporate,India,Kerala,Thiruvananthapuram,172606,South
CUST-02317,Rahul Joshi,Corporate,India,Delhi,Rohini,647133,North
CUST-02318,Swathi Reddy,Home Office,India,Karnataka,Hubballi,417993,South
CUST-02319,Ganesh Joshi,Corporate,India,Uttar Pradesh,Lucknow,623852,North
CUST-02320,Anita Singh,Corporate,India,West Bengal,Siliguri,533354,East
CUST-02321,Anita Gupta,Corporate,India,Andhra Pradesh,Vijayawada,401898,South
CUST-02322,Naveen Gupta,Consumer,India,Bihar,Gaya,669759,East
CUST-02323,Vikram Nair,Home Office,India,West Bengal,Siliguri,107428,East
CUST-02324,Ashok Iyer,Small Business,India,Gujarat,Vadodara,356637,West
CUST-02325,Manoj Pillai,Corporate,India,Delhi,Dwarka,658380,North
CUST-02326,Swathi Mishra,Corporate,India,Uttar Pradesh,Kanpur,925148,North
CUST-02327,Anita Pillai,Home Office,India,Rajasthan,Jodhpur,758227,West
CUST-02328,Priya Verma,Consumer,India,Uttar Pradesh,Lucknow,748661,North
CUST-02329,Manoj Chatterjee,Corporate,India,Odisha,Bhubaneswar,680701,East
CUST-02330,Sneha Mishra,Small Business,India,Haryana,Faridabad,776772,North
CUST-02331,Manoj Menon,Corporate,India,Rajasthan,Udaipur,787232,West
CUST-02332,Sneha Nair,Corporate,India,Rajasthan,Udaipur,694411,West
CUST-02333,Anita Das,Consumer,India,Kerala,Thiruvananthapuram,789173,South
CUST-02334,Anjali Gupta,Home Office,India,Kerala,Thiruvananthapuram,785055,South
CUST-02335,Ashok Menon,Home Office,India,Kerala,Thiruvananthapuram,682949,South
CUST-02336,Manoj Joshi,Small Business,India,Tamil Nadu,Coimbatore,269409,South
CUST-02337,Suresh Patel,Small Business,India,Rajasthan,Udaipur,950147,West
CUST-02338,Manoj Mishra,Corporate,India,Delhi,New Delhi,295868,North
CUST-02339,Swathi Mishra,Consumer,India,Gujarat,Vadodara,621877,West
CUST-02340,Rohan Rao,Consumer,India,Haryana,Panchkula,256489,North
CUST-02341,Shalini Pillai,Consumer,India,Telangana,Hyderabad,864624,South
CUST-02342,Suresh Joshi,Small Business,India,Goa,Margao,950219,West
CUST-02343,Pooja Menon,Home Office,India,Bihar,Patna,875926,East
CUST-02344,Neha Chatterjee,Consumer,India,Punjab,Ludhiana,937489,North
CUST-02345,Radha Chatterjee,Home Office,India,West Bengal,Siliguri,185993,East
CUST-02346,Sneha Menon,Consumer,India,Jharkhand,Ranchi,698229,East
CUST-02347,Vijay Pillai,Consumer,India,Odisha,Bhubaneswar,125197,East
CUST-02348,Anita Menon,Corporate,India,Punjab,Ludhiana,741812,North
CUST-02349,Karthik Menon,Small Business,India,Odisha,Cuttack,722314,East
CUST-02350,Priya Nair,Consumer,India,Jharkhand,Ranchi,259160,East
CUST-02351,Ravi Mishra,Corporate,India,Telangana,Warangal,589216,South
CUST-02352,  karthik reddy  ,Small Business,India,Haryana,Faridabad,501166,North
CUST-02353,Lakshmi Sharma,Home Office,India,Maharashtra,Pune,242592,West
CUST-02354,Radha Rao,Corporate,India,Tamil Nadu,Chennai,753235,South
CUST-02355,Rahul Menon,Corporate,India,Rajasthan,Jaipur,114060,West
CUST-02356,  vijay reddy  ,Home Office,India,Uttar Pradesh,Lucknow,901489,North
CUST-02357,Neha Chatterjee,Corporate,India,West Bengal,Howrah,650309,East
CUST-02358,RAHUL NAIR,Home Office,India,Uttar Pradesh,Lucknow,725290,North
CUST-02359,Naveen Menon,Home Office,India,Bihar,Patna,988010,East
CUST-02360,Shalini Iyer,Consumer,India,Jharkhand,Jamshedpur,871734,East
CUST-02361,Lakshmi Pillai,Small Business,India,Haryana,Panchkula,917070,North
CUST-02362,Manoj Reddy,Corporate,India,Uttar Pradesh,Lucknow,388842,North
CUST-02363,POOJA CHATTERJEE,Corporate,India,Kerala,Kochi,899614,South
CUST-02364,Karthik Nair,Small Business,India,Delhi,Dwarka,247687,North
CUST-02365,Sneha Joshi,Small Business,India,Tamil Nadu,Coimbatore,684610,South
CUST-02366,Manoj Iyer,Consumer,India,Maharashtra,Mumbai,546901,West
CUST-02367,Arjun Reddy,Home Office,India,Kerala,Kozhikode,434952,South
CUST-02368,  kiran kumar  ,Home Office,India,Tamil Nadu,Coimbatore,835262,South
CUST-02369,Pooja Chatterjee,Small Business,India,Gujarat,Ahmedabad,691845,West
CUST-02370,Karthik Pillai,Home Office,India,Maharashtra,Pune,718788,West
CUST-02371,Anjali Patel,Consumer,India,Maharashtra,Nashik,982459,West
CUST-02372,Arun Reddy,Consumer,India,Delhi,Rohini,681898,North
CUST-02373,Priya Menon,Small Business,India,Delhi,Dwarka,945253,North
CUST-02374,Vijay Iyer,Small Business,India,Gujarat,Ahmedabad,269737,West
CUST-02375,Shalini Pillai,Corporate,India,Maharashtra,Pune,212619,West
CUST-02376,Rahul Sharma,Corporate,India,Maharashtra,Nagpur,188536,West
CUST-02377,PRIYA MISHRA,Home Office,India,Bihar,Gaya,340322,East
CUST-02378,Preethi Singh,Home Office,India,Andhra Pradesh,Vijayawada,656473,South
CUST-02379,Divya Menon,Small Business,India,Delhi,Dwarka,118276,North
CUST-02380,Pooja Mishra,Small Business,India,Maharashtra,Mumbai,837576,West
CUST-02381,Neha Kumar,Corporate,India,Kerala,Kozhikode,308629,South
CUST-02382,Manoj Patel,Small Business,India,Maharashtra,Mumbai,512744,West
CUST-02383,Arjun Rao,Small Business,India,Haryana,Panchkula,833455,North
CUST-02384,KAVYA DAS,Home Office,India,Haryana,Gurugram,425689,North
CUST-02385,Karthik Reddy,Small Business,India,Punjab,Ludhiana,568641,North
CUST-02386,Arun Patel,Consumer,India,Goa,Panaji,347413,West
CUST-02387,Ravi Patel,Home Office,India,Rajasthan,Udaipur,103173,West
CUST-02388,Shalini Gupta,Consumer,India,Delhi,Rohini,367933,North
CUST-02389,Naveen Joshi,Small Business,India,Telangana,Hyderabad,921376,South
CUST-02390,Ganesh Mishra,Small Business,India,Odisha,Cuttack,226120,East
CUST-02391,Kavya Chatterjee,Corporate,India,Haryana,Gurugram,255650,North
CUST-02392,Ganesh Patel,Corporate,India,Tamil Nadu,Madurai,344631,South
CUST-02393,  ravi singh  ,Consumer,India,Goa,Panaji,696076,West
CUST-02394,Ravi Patel,Corporate,India,Uttar Pradesh,Noida,551712,North
CUST-02395,Naveen Gupta,Small Business,India,Haryana,Gurugram,193347,North
CUST-02396,Arun Patel,Consumer,India,Haryana,Gurugram,990890,North
CUST-02397,Ganesh Mishra,Consumer,India,Uttar Pradesh,Lucknow,217395,North
CUST-02398,Neha Singh,Consumer,India,Odisha,Bhubaneswar,632904,East
CUST-02399,Radha Chatterjee,Corporate,India,Karnataka,Bengaluru,418886,South
CUST-02400,Ashok Pillai,Corporate,India,Gujarat,Vadodara,638071,West
CUST-02401,  manoj kumar  ,Consumer,India,Rajasthan,Jaipur,280958,West
CUST-02402,Deepa Verma,Consumer,India,Maharashtra,Nashik,798964,West
CUST-02403,Ganesh Iyer,Small Business,India,Kerala,Kochi,724616,South
CUST-02404,Sneha Joshi,Home Office,India,Odisha,Cuttack,956835,East
CUST-02405,Ashok Nair,Small Business,India,Maharashtra,Nagpur,861481,West
CUST-02406,Deepa Sharma,Home Office,India,Karnataka,Mysuru,145230,South
CUST-02407,Karthik Das,Small Business,India,Haryana,Faridabad,471835,North
CUST-02408,Sneha Joshi,Corporate,India,Karnataka,Hubballi,806942,South
CUST-02409,Radha Mishra,Small Business,India,Goa,Panaji,936621,West
CUST-02410,Radha Das,Home Office,India,Bihar,Patna,770725,East
CUST-02411,Anita Patel,Consumer,India,West Bengal,Kolkata,550162,East
CUST-02412,Manoj Kumar,Home Office,India,Uttar Pradesh,Lucknow,688076,North
CUST-02413,Pooja Rao,Home Office,India,West Bengal,Howrah,526383,East
CUST-02414,Ganesh Rao,Small Business,India,Karnataka,Mysuru,660591,South
CUST-02415,Ashok Das,Small Business,India,Haryana,Panchkula,371090,North
CUST-02416,Manoj Iyer,Consumer,India,Maharashtra,Mumbai,123126,West
CUST-02417,Divya Rao,Corporate,India,Andhra Pradesh,Visakhapatnam,793298,South
CUST-02418,Divya Rao,Small Business,India,Tamil Nadu,Salem,598189,South
CUST-02419,Priya Patel,Consumer,India,Kerala,Thiruvananthapuram,683316,South
CUST-02420,Radha Gupta,Home Office,India,Andhra Pradesh,Vijayawada,391941,South
CUST-02421,Kavya Verma,Corporate,India,West Bengal,Siliguri,133099,East
CUST-02422,Kavya Chatterjee,Small Business,India,Punjab,Amritsar,592879,North
CUST-02423,Arjun Nair,Consumer,India,Bihar,Patna,371258,East
CUST-02424,Preethi Chatterjee,Corporate,India,Maharashtra,Nagpur,973807,West
CUST-02425,Arjun Reddy,Home Office,India,Tamil Nadu,Coimbatore,980525,South
CUST-02426,Suresh Das,Corporate,India,West Bengal,Kolkata,795381,East
CUST-02427,Neha Mishra,Small Business,India,Kerala,Kochi,631337,South
CUST-02428,RAHUL VERMA,Home Office,India,Goa,Panaji,373907,West
CUST-02429,Divya Nair,Corporate,India,Jharkhand,Ranchi,728210,East
CUST-02430,Pooja Rao,Consumer,India,Bihar,Patna,500021,East
CUST-02431,Swathi Sharma,Small Business,India,Tamil Nadu,Coimbatore,972964,South
CUST-02432,Ravi Nair,Home Office,India,Haryana,Gurugram,639668,North
CUST-02433,Arun Sharma,Home Office,India,Delhi,Dwarka,722977,North
CUST-02434,Suresh Gupta,Small Business,India,Punjab,Ludhiana,407565,North
CUST-02435,Ashok Das,Small Business,India,Maharashtra,Mumbai,621670,West
CUST-02436,Arun Singh,Home Office,India,Kerala,Thiruvananthapuram,544167,South
CUST-02437,Arun Mishra,Home Office,India,Kerala,Kochi,905312,South
CUST-02438,Lakshmi Kumar,Corporate,India,Maharashtra,Mumbai,237212,West
CUST-02439,Ashok Chatterjee,Corporate,India,Haryana,Panchkula,995786,North
CUST-02440,Divya Chatterjee,Home Office,India,West Bengal,Howrah,450226,East
CUST-02441,Swathi Das,Corporate,India,Uttar Pradesh,Noida,997135,North
CUST-02442,Vijay Mishra,Small Business,India,Maharashtra,Mumbai,601601,West
CUST-02443,Karthik Chatterjee,Consumer,India,Delhi,Dwarka,208691,North
CUST-02444,POOJA PATEL,Small Business,India,Rajasthan,Jaipur,935591,West
CUST-02445,Ashok Kumar,Small Business,India,Haryana,Gurugram,597638,North
CUST-02446,  vikram iyer  ,Home Office,India,Uttar Pradesh,Kanpur,705908,North
CUST-02447,Shalini Patel,Small Business,India,Maharashtra,Pune,241463,West
CUST-02448,Kavya Iyer,Consumer,India,Uttar Pradesh,Lucknow,865929,North
CUST-02449,Anjali Joshi,Small Business,India,Kerala,Kozhikode,339050,South
CUST-02450,Vijay Sharma,Home Office,India,Maharashtra,Nagpur,681023,West
CUST-02451,Suresh Gupta,Consumer,India,Kerala,Kochi,234130,South
CUST-02452,Rahul Patel,Home Office,India,Andhra Pradesh,Vijayawada,935626,South
CUST-02453,Meena Pillai,Small Business,India,Karnataka,Hubballi,783888,South
CUST-02454,Ashok Iyer,Corporate,India,Haryana,Faridabad,246741,North
CUST-02455,Vijay Joshi,Consumer,India,Odisha,Cuttack,750945,East
CUST-02456,VIKRAM RAO,Corporate,India,Odisha,Bhubaneswar,407725,East
CUST-02457,  preethi chatterjee  ,Consumer,India,Odisha,Cuttack,277960,East
CUST-02458,Neha Sharma,Small Business,India,Punjab,Amritsar,736213,North
CUST-02459,Ravi Menon,Corporate,India,Delhi,Rohini,505393,North
CUST-02460,SURESH RAO,Corporate,India,Kerala,Kozhikode,988951,South
CUST-02461,Preethi Reddy,Small Business,India,Gujarat,Surat,172481,West
CUST-02462,Karthik Das,Home Office,India,Andhra Pradesh,Visakhapatnam,280617,South
CUST-02463,Suresh Patel,Corporate,India,Maharashtra,Mumbai,156085,West
CUST-02464,Deepa Menon,Consumer,India,Maharashtra,Pune,838802,West
CUST-02465,Shalini Verma,Consumer,India,Tamil Nadu,Madurai,774915,South
CUST-02466,Swathi Patel,Small Business,India,Rajasthan,Jaipur,871061,West
CUST-02467,Ganesh Nair,Consumer,India,Bihar,Patna,727940,East
CUST-02468,Ravi Nair,Home Office,India,Maharashtra,Nashik,209737,West
CUST-02469,Anjali Sharma,Small Business,India,Punjab,Jalandhar,864306,North
CUST-02470,Vikram Rao,Corporate,India,Goa,Panaji,571366,West
CUST-02471,Rohan Reddy,Small Business,India,West Bengal,Siliguri,791568,East
CUST-02472,Ashok Menon,Consumer,India,Uttar Pradesh,Kanpur,642198,North
CUST-02473,Rohan Reddy,Consumer,India,Delhi,Rohini,955862,North
CUST-02474,  arun iyer  ,Small Business,India,Bihar,Patna,647379,East
CUST-02475,Arun Joshi,Consumer,India,Bihar,Gaya,504995,East
CUST-02476,Pooja Chatterjee,Consumer,India,Punjab,Jalandhar,402790,North
CUST-02477,Radha Verma,Consumer,India,West Bengal,Siliguri,355819,East
CUST-02478,Suresh Das,Corporate,India,Rajasthan,Jodhpur,772676,West
CUST-02479,Ganesh Verma,Consumer,India,Odisha,Cuttack,928485,East
CUST-02480,Arun Mishra,Consumer,India,Telangana,Hyderabad,291238,South
CUST-02481,  anita chatterjee  ,Consumer,India,Maharashtra,Pune,974607,West
CUST-02482,Kavya Chatterjee,Consumer,India,Maharashtra,Mumbai,381723,West
CUST-02483,Pooja Singh,Consumer,India,Punjab,Jalandhar,843397,North
CUST-02484,Meena Kumar,Home Office,India,Maharashtra,Pune,667965,West
CUST-02485,GANESH PATEL,Consumer,India,West Bengal,Kolkata,592236,East
CUST-02486,Vijay Menon,Corporate,India,Maharashtra,Mumbai,540077,West
CUST-02487,Ganesh Chatterjee,Small Business,India,Uttar Pradesh,Noida,507281,North
CUST-02488,  neha reddy  ,Small Business,India,Maharashtra,Nashik,654842,West
CUST-02489,Shalini Das,Small Business,India,Uttar Pradesh,Kanpur,480655,North
CUST-02490,Arun Rao,Consumer,India,Haryana,Panchkula,123359,North
CUST-02491,Pooja Mishra,Corporate,India,West Bengal,Howrah,647332,East
CUST-02492,Preethi Kumar,Corporate,India,Rajasthan,Udaipur,486446,West
CUST-02493,Arjun Verma,Small Business,India,Haryana,Faridabad,582943,North
CUST-02494,Rohan Joshi,Corporate,India,Karnataka,Hubballi,503803,South
CUST-02495,Naveen Nair,Small Business,India,Karnataka,Mysuru,196366,South
CUST-02496,Rohan Joshi,Consumer,India,Kerala,Kozhikode,637108,South
CUST-02497,Radha Patel,Home Office,India,Jharkhand,Ranchi,866940,East
CUST-02498,Pooja Singh,Consumer,India,Andhra Pradesh,Vijayawada,609719,South
CUST-02499,PREETHI NAIR,Home Office,India,Haryana,Panchkula,985589,North
CUST-02500,Ganesh Kumar,Consumer,India,Jharkhand,Ranchi,152199,East
CUST-02501,Rahul Das,Small Business,India,Karnataka,Mysuru,155407,South
CUST-02502,Preethi Joshi,Corporate,India,Uttar Pradesh,Kanpur,627537,North
CUST-02503,Ashok Patel,Consumer,India,Delhi,New Delhi,161248,North
CUST-02504,Arjun Gupta,Home Office,India,Uttar Pradesh,Noida,822308,North
CUST-02505,,Home Office,India,Andhra Pradesh,Guntur,668585,South
CUST-02506,Karthik Sharma,Consumer,India,Andhra Pradesh,Visakhapatnam,689780,South
CUST-02507,Lakshmi Gupta,Consumer,India,Maharashtra,Nagpur,946475,West
CUST-02508,Kavya Iyer,Home Office,India,Jharkhand,Jamshedpur,145738,East
CUST-02509,Priya Nair,Consumer,India,Tamil Nadu,Chennai,145980,South
CUST-02510,Swathi Kumar,Home Office,India,Delhi,New Delhi,607371,North
CUST-02511,Ashok Singh,Home Office,India,Rajasthan,Jodhpur,845932,West
CUST-02512,Shalini Mishra,Corporate,India,Telangana,Warangal,721908,South
CUST-02513,Suresh Patel,Consumer,India,Maharashtra,Nashik,903199,West
CUST-02514,Shalini Nair,Home Office,India,Maharashtra,Nashik,312005,West
CUST-02515,Anita Iyer,Home Office,India,Delhi,Rohini,370340,North
CUST-02516,Lakshmi Chatterjee,Corporate,India,Tamil Nadu,Coimbatore,817857,South
CUST-02517,Ashok Pillai,Corporate,India,Maharashtra,Pune,368470,West
CUST-02518,Priya Chatterjee,Small Business,India,Karnataka,Mysuru,672176,South
CUST-02519,Neha Rao,Home Office,India,Bihar,Gaya,363581,East
CUST-02520,  sneha verma  ,Home Office,India,Tamil Nadu,Coimbatore,501211,South
CUST-02521,Rahul Sharma,Small Business,India,Maharashtra,Pune,955957,West
CUST-02522,Manoj Verma,Home Office,India,Andhra Pradesh,Visakhapatnam,183950,South
CUST-02523,  anita kumar  ,Home Office,India,Goa,Margao,135666,West
CUST-02524,Kiran Singh,Consumer,India,Jharkhand,Ranchi,128894,East
CUST-02525,Divya Mishra,Consumer,India,Gujarat,Surat,506742,West
CUST-02526,Shalini Singh,Small Business,India,Bihar,Gaya,566810,East
CUST-02527,Arun Chatterjee,Home Office,India,Bihar,Gaya,751147,East
CUST-02528,Suresh Iyer,Consumer,India,Odisha,Cuttack,285730,East
CUST-02529,Ashok Verma,Consumer,India,Rajasthan,Udaipur,474702,West
CUST-02530,Ravi Sharma,Consumer,India,Punjab,Jalandhar,435027,North
CUST-02531,Radha Pillai,Home Office,India,West Bengal,Siliguri,819727,East
CUST-02532,Manoj Singh,Small Business,India,Delhi,Rohini,975302,North
CUST-02533,Rohan Mishra,Consumer,India,Goa,Margao,677497,West
CUST-02534,Pooja Kumar,Consumer,India,Tamil Nadu,Coimbatore,798799,South
CUST-02535,Swathi Menon,Consumer,India,Kerala,Kochi,910403,South
CUST-02536,Suresh Pillai,Corporate,India,Haryana,Panchkula,132959,North
CUST-02537,Vijay Singh,Home Office,India,Punjab,Amritsar,175506,North
CUST-02538,Kiran Verma,Corporate,India,West Bengal,Kolkata,746551,East
CUST-02539,Anjali Pillai,Home Office,India,Odisha,Cuttack,694628,East
CUST-02540,Priya Das,Consumer,India,Gujarat,Ahmedabad,697053,West
CUST-02541,  radha sharma  ,Small Business,India,Punjab,Amritsar,673293,North
CUST-02542,Ravi Rao,Home Office,India,Maharashtra,Nashik,625288,West
CUST-02543,Vikram Menon,Home Office,India,Rajasthan,Udaipur,989484,West
CUST-02544,Preethi Rao,Small Business,India,Delhi,Dwarka,102914,North
CUST-02545,  sneha verma  ,Corporate,India,Kerala,Thiruvananthapuram,108440,South
CUST-02546,Deepa Menon,Home Office,India,Andhra Pradesh,Guntur,428312,South
CUST-02547,Manoj Patel,Consumer,India,Uttar Pradesh,Kanpur,710389,North
CUST-02548,Vijay Nair,Corporate,India,Tamil Nadu,Coimbatore,927616,South
CUST-02549,ANITA SHARMA,Small Business,India,Rajasthan,Udaipur,141768,West
CUST-02550,Anjali Kumar,Small Business,India,West Bengal,Howrah,901432,East
CUST-02551,Ashok Reddy,Small Business,India,Punjab,Jalandhar,502680,North
CUST-02552,Arun Singh,Small Business,India,Odisha,Cuttack,450760,East
CUST-02553,Shalini Mishra,Corporate,India,Kerala,Thiruvananthapuram,998849,South
CUST-02554,Kavya Singh,Consumer,India,Uttar Pradesh,Noida,514440,North
CUST-02555,Shalini Gupta,Corporate,India,Delhi,New Delhi,827937,North
CUST-02556,,Corporate,India,Maharashtra,Nagpur,125862,West
CUST-02557,Manoj Reddy,Home Office,India,Punjab,Jalandhar,940069,North
CUST-02558,Arun Gupta,Corporate,India,Tamil Nadu,Chennai,552407,South
CUST-02559,Sneha Iyer,Consumer,India,Andhra Pradesh,Visakhapatnam,649907,South
CUST-02560,Swathi Pillai,Small Business,India,Rajasthan,Udaipur,199051,West
CUST-02561,Neha Pillai,Consumer,India,Kerala,Kozhikode,676966,South
CUST-02562,Manoj Joshi,Consumer,India,Uttar Pradesh,Noida,838174,North
CUST-02563,Vijay Verma,Corporate,India,Tamil Nadu,Madurai,602005,South
CUST-02564,Rohan Joshi,Home Office,India,Uttar Pradesh,Kanpur,942746,North
CUST-02565,  swathi reddy  ,Corporate,India,Gujarat,Surat,244810,West
CUST-02566,Sneha Menon,Corporate,India,West Bengal,Kolkata,408853,East
CUST-02567,Swathi Nair,Consumer,India,Punjab,Ludhiana,364201,North
CUST-02568,Vikram Nair,Consumer,India,Jharkhand,Jamshedpur,650398,East
CUST-02569,Ganesh Menon,Corporate,India,Bihar,Patna,110703,East
CUST-02570,Kiran Menon,Corporate,India,Punjab,Ludhiana,390453,North
CUST-02571,  deepa pillai  ,Consumer,India,Haryana,Panchkula,829234,North
CUST-02572,VIJAY NAIR,Small Business,India,Gujarat,Surat,198080,West
CUST-02573,Suresh Chatterjee,Consumer,India,Tamil Nadu,Chennai,103026,South
CUST-02574,Naveen Mishra,Home Office,India,Maharashtra,Nagpur,581924,West
CUST-02575,Anjali Nair,Consumer,India,Punjab,Amritsar,817002,North
CUST-02576,SWATHI IYER,Small Business,India,Maharashtra,Nashik,413039,West
CUST-02577,Sneha Menon,Consumer,India,Haryana,Faridabad,923298,North
CUST-02578,Naveen Patel,Small Business,India,Punjab,Amritsar,750210,North
CUST-02579,Preethi Menon,Small Business,India,Haryana,Faridabad,540191,North
CUST-02580,Ashok Pillai,Small Business,India,Telangana,Warangal,982308,South
CUST-02581,Sanjay Rao,Corporate,India,Bihar,Patna,513140,East
CUST-02582,Pooja Sharma,Home Office,India,Kerala,Kochi,709446,South
CUST-02583,Priya Mishra,Corporate,India,Maharashtra,Mumbai,510534,West
CUST-02584,Anjali Das,Home Office,India,Andhra Pradesh,Visakhapatnam,108950,South
CUST-02585,Rohan Gupta,Small Business,India,Andhra Pradesh,Guntur,241232,South
CUST-02586,Rohan Patel,Small Business,India,Tamil Nadu,Salem,924002,South
CUST-02587,Kiran Verma,Corporate,India,Karnataka,Mysuru,806222,South
CUST-02588,Ashok Sharma,Small Business,India,Rajasthan,Jaipur,870653,West
CUST-02589,Divya Das,Corporate,India,Uttar Pradesh,Lucknow,770532,North
CUST-02590,Swathi Chatterjee,Corporate,India,Karnataka,Bengaluru,331319,South
CUST-02591,Anita Singh,Home Office,India,Maharashtra,Nagpur,295726,West
CUST-02592,Anjali Patel,Consumer,India,Tamil Nadu,Chennai,954837,South
CUST-02593,Naveen Pillai,Small Business,India,Odisha,Bhubaneswar,654698,East
CUST-02594,Pooja Mishra,Home Office,India,Jharkhand,Ranchi,509368,East
CUST-02595,Ravi Patel,Home Office,India,Jharkhand,Ranchi,909593,East
CUST-02596,Pooja Joshi,Small Business,India,Karnataka,Mysuru,512119,South
CUST-02597,Shalini Iyer,Home Office,India,Maharashtra,Mumbai,318755,West
CUST-02598,Arun Kumar,Home Office,India,Rajasthan,Udaipur,448169,West
CUST-02599,Sanjay Nair,Home Office,India,Kerala,Thiruvananthapuram,924733,South
CUST-02600,Sneha Reddy,Small Business,India,Tamil Nadu,Madurai,114204,South
CUST-02601,Vijay Reddy,Small Business,India,Karnataka,Mysuru,290413,South
CUST-02602,Swathi Patel,Corporate,India,West Bengal,Siliguri,670909,East
CUST-02603,Naveen Reddy,Home Office,India,Kerala,Kochi,914483,South
CUST-02604,Manoj Das,Small Business,India,Tamil Nadu,Coimbatore,789738,South
CUST-02605,Arun Kumar,Consumer,India,Rajasthan,Jaipur,776978,West
CUST-02606,Sneha Nair,Home Office,India,Haryana,Faridabad,183257,North
CUST-02607,Neha Patel,Corporate,India,Kerala,Thiruvananthapuram,264016,South
CUST-02608,Ashok Gupta,Small Business,India,Maharashtra,Mumbai,630040,West
CUST-02609,Swathi Joshi,Small Business,India,Punjab,Ludhiana,217889,North
CUST-02610,Radha Kumar,Small Business,India,Bihar,Patna,654735,East
CUST-02611,Anjali Mishra,Corporate,India,Maharashtra,Nagpur,574969,West
CUST-02612,Vikram Menon,Consumer,India,Maharashtra,Nagpur,103570,West
CUST-02613,Radha Pillai,Small Business,India,Uttar Pradesh,Lucknow,953196,North
CUST-02614,Pooja Verma,Consumer,India,West Bengal,Siliguri,644361,East
CUST-02615,Swathi Gupta,Consumer,India,Jharkhand,Ranchi,234242,East
CUST-02616,Vikram Reddy,Home Office,India,Maharashtra,Mumbai,127755,West
CUST-02617,  vijay menon  ,Consumer,India,Telangana,Hyderabad,654787,South
CUST-02618,Divya Menon,Home Office,India,Andhra Pradesh,Guntur,752669,South
CUST-02619,Sneha Kumar,Corporate,India,Goa,Margao,776200,West
CUST-02620,Anjali Pillai,Home Office,India,Haryana,Panchkula,854069,North
CUST-02621,Swathi Menon,Corporate,India,Tamil Nadu,Madurai,255565,South
CUST-02622,,Corporate,India,Gujarat,Vadodara,732700,West
CUST-02623,Pooja Joshi,Corporate,India,Bihar,Patna,827179,East
CUST-02624,  kavya iyer  ,Consumer,India,Gujarat,Surat,467010,West
CUST-02625,Manoj Sharma,Small Business,India,Gujarat,Surat,296542,West
CUST-02626,Arjun Gupta,Consumer,India,Tamil Nadu,Chennai,499646,South
CUST-02627,Divya Pillai,Corporate,India,West Bengal,Siliguri,986384,East
CUST-02628,Sneha Iyer,Small Business,India,Gujarat,Ahmedabad,798582,West
CUST-02629,Suresh Chatterjee,Home Office,India,Maharashtra,Nashik,310034,West
CUST-02630,Vikram Nair,Consumer,India,Uttar Pradesh,Lucknow,269225,North
CUST-02631,Rohan Pillai,Corporate,India,Rajasthan,Jodhpur,802916,West
CUST-02632,Preethi Gupta,Home Office,India,Uttar Pradesh,Kanpur,869919,North
CUST-02633,Lakshmi Verma,Consumer,India,Tamil Nadu,Salem,489641,South
CUST-02634,Shalini Joshi,Consumer,India,Tamil Nadu,Madurai,169907,South
CUST-02635,,Corporate,India,Haryana,Gurugram,967878,North
CUST-02636,Swathi Verma,Home Office,India,Tamil Nadu,Coimbatore,998390,South
CUST-02637,Arun Iyer,Small Business,India,Tamil Nadu,Coimbatore,912403,South
CUST-02638,Meena Chatterjee,Small Business,India,Tamil Nadu,Coimbatore,698643,South
CUST-02639,Suresh Joshi,Home Office,India,Delhi,Rohini,479093,North
CUST-02640,Kiran Iyer,Small Business,India,Andhra Pradesh,Vijayawada,190678,South
CUST-02641,Vijay Verma,Home Office,India,Kerala,Kozhikode,549068,South
CUST-02642,Anita Chatterjee,Home Office,India,Goa,Panaji,321794,West
CUST-02643,Priya Joshi,Corporate,India,Delhi,New Delhi,950608,North
CUST-02644,Swathi Kumar,Small Business,India,Punjab,Amritsar,753000,North
CUST-02645,Meena Iyer,Corporate,India,Tamil Nadu,Chennai,699338,South
CUST-02646,Sanjay Mishra,Small Business,India,Rajasthan,Jaipur,694049,West
CUST-02647,Vikram Iyer,Small Business,India,Uttar Pradesh,Noida,547073,North
CUST-02648,VIJAY GUPTA,Small Business,India,Haryana,Panchkula,559118,North
CUST-02649,Rahul Joshi,Small Business,India,West Bengal,Siliguri,671155,East
CUST-02650,Kiran Singh,Consumer,India,Tamil Nadu,Chennai,220888,South
CUST-02651,Arun Verma,Consumer,India,Uttar Pradesh,Kanpur,344501,North
CUST-02652,Pooja Kumar,Small Business,India,Andhra Pradesh,Visakhapatnam,609911,South
CUST-02653,,Consumer,India,Maharashtra,Nashik,107222,West
CUST-02654,Kavya Mishra,Home Office,India,Telangana,Hyderabad,421042,South
CUST-02655,Meena Mishra,Home Office,India,Goa,Panaji,572004,West
CUST-02656,  sanjay pillai  ,Consumer,India,Maharashtra,Mumbai,824174,West
CUST-02657,ANJALI PILLAI,Corporate,India,Kerala,Thiruvananthapuram,832987,South
CUST-02658,Anita Chatterjee,Small Business,India,Karnataka,Mysuru,692493,South
CUST-02659,Divya Pillai,Small Business,India,Haryana,Panchkula,696964,North
CUST-02660,Ganesh Mishra,Corporate,India,Jharkhand,Ranchi,108343,East
CUST-02661,Manoj Das,Small Business,India,Odisha,Cuttack,316394,East
CUST-02662,Lakshmi Singh,Home Office,India,Gujarat,Vadodara,750919,West
CUST-02663,Swathi Das,Home Office,India,Tamil Nadu,Madurai,413038,South
CUST-02664,Meena Rao,Home Office,India,Kerala,Kochi,843478,South
CUST-02665,Divya Chatterjee,Corporate,India,Rajasthan,Udaipur,732795,West
CUST-02666,Preethi Patel,Small Business,India,Karnataka,Mysuru,706411,South
CUST-02667,KAVYA PATEL,Corporate,India,Delhi,Dwarka,651366,North
CUST-02668,Rahul Das,Small Business,India,Haryana,Panchkula,734848,North
CUST-02669,NAVEEN PATEL,Corporate,India,Haryana,Gurugram,361281,North
CUST-02670,  ashok mishra  ,Corporate,India,Haryana,Panchkula,164176,North
CUST-02671,Rahul Singh,Corporate,India,Gujarat,Vadodara,464639,West
CUST-02672,RAHUL JOSHI,Corporate,India,Goa,Panaji,238319,West
CUST-02673,Meena Patel,Home Office,India,Rajasthan,Udaipur,553862,West
CUST-02674,Anjali Sharma,Home Office,India,Delhi,Dwarka,248305,North
CUST-02675,Preethi Mishra,Home Office,India,Kerala,Kozhikode,512596,South
CUST-02676,Ganesh Verma,Small Business,India,West Bengal,Howrah,810453,East
CUST-02677,Shalini Iyer,Corporate,India,Rajasthan,Udaipur,739090,West
CUST-02678,Meena Menon,Home Office,India,Karnataka,Bengaluru,829560,South
CUST-02679,Radha Pillai,Home Office,India,Punjab,Ludhiana,314647,North
CUST-02680,Radha Nair,Corporate,India,Delhi,Rohini,999652,North
CUST-02681,Kavya Menon,Consumer,India,West Bengal,Siliguri,213017,East
CUST-02682,Kavya Chatterjee,Consumer,India,Rajasthan,Jaipur,971571,West
CUST-02683,Kiran Verma,Corporate,India,Bihar,Gaya,842230,East
CUST-02684,Priya Nair,Small Business,India,West Bengal,Siliguri,194026,East
CUST-02685,Vikram Sharma,Home Office,India,Kerala,Kochi,317935,South
CUST-02686,Naveen Pillai,Corporate,India,Punjab,Ludhiana,271305,North
CUST-02687,Sanjay Verma,Home Office,India,Uttar Pradesh,Kanpur,570239,North
CUST-02688,Vikram Menon,Corporate,India,Haryana,Panchkula,645588,North
CUST-02689,Rohan Verma,Consumer,India,Telangana,Hyderabad,701480,South
CUST-02690,Anjali Menon,Small Business,India,Karnataka,Bengaluru,528124,South
CUST-02691,Ashok Das,Consumer,India,Maharashtra,Nagpur,482940,West
CUST-02692,Lakshmi Pillai,Consumer,India,Kerala,Thiruvananthapuram,361224,South
CUST-02693,  karthik gupta  ,Home Office,India,Tamil Nadu,Coimbatore,870405,South
CUST-02694,Suresh Nair,Home Office,India,Delhi,Rohini,233227,North
CUST-02695,Shalini Kumar,Corporate,India,Punjab,Jalandhar,576283,North
CUST-02696,Priya Pillai,Small Business,India,Punjab,Ludhiana,560688,North
CUST-02697,Manoj Reddy,Small Business,India,Maharashtra,Nashik,773388,West
CUST-02698,Shalini Gupta,Small Business,India,Karnataka,Bengaluru,152477,South
CUST-02699,Radha Mishra,Small Business,India,Uttar Pradesh,Lucknow,926927,North
CUST-02700,Karthik Gupta,Consumer,India,Uttar Pradesh,Lucknow,432039,North
CUST-02701,Sanjay Chatterjee,Home Office,India,Rajasthan,Jaipur,395433,West
CUST-02702,Anjali Joshi,Corporate,India,Tamil Nadu,Madurai,757667,South
CUST-02703,Sneha Reddy,Consumer,India,Haryana,Panchkula,188642,North
CUST-02704,Arjun Sharma,Home Office,India,Tamil Nadu,Madurai,830741,South
CUST-02705,Anita Sharma,Small Business,India,Odisha,Bhubaneswar,177525,East
CUST-02706,Ravi Sharma,Corporate,India,West Bengal,Howrah,336490,East
CUST-02707,Suresh Pillai,Home Office,India,Uttar Pradesh,Kanpur,727234,North
CUST-02708,Divya Gupta,Small Business,India,Uttar Pradesh,Kanpur,249007,North
CUST-02709,Neha Mishra,Consumer,India,Uttar Pradesh,Kanpur,271494,North
CUST-02710,Sanjay Gupta,Home Office,India,Andhra Pradesh,Guntur,812116,South
CUST-02711,Sanjay Menon,Consumer,India,Tamil Nadu,Chennai,875985,South
CUST-02712,Meena Singh,Consumer,India,Kerala,Kochi,564328,South
CUST-02713,Lakshmi Verma,Small Business,India,Delhi,New Delhi,384124,North
CUST-02714,Lakshmi Chatterjee,Home Office,India,Gujarat,Surat,817597,West
CUST-02715,Shalini Mishra,Corporate,India,Gujarat,Ahmedabad,369881,West
CUST-02716,Ashok Verma,Home Office,India,Telangana,Warangal,344497,South
CUST-02717,Shalini Gupta,Corporate,India,Uttar Pradesh,Noida,476116,North
CUST-02718,Neha Iyer,Corporate,India,Uttar Pradesh,Lucknow,948844,North
CUST-02719,Sneha Nair,Consumer,India,Goa,Panaji,399722,West
CUST-02720,Vijay Das,Corporate,India,Tamil Nadu,Salem,144083,South
CUST-02721,Ganesh Chatterjee,Corporate,India,Tamil Nadu,Coimbatore,557065,South
CUST-02722,  kavya gupta  ,Home Office,India,West Bengal,Kolkata,857826,East
CUST-02723,SANJAY IYER,Home Office,India,Kerala,Kozhikode,795463,South
CUST-02724,Swathi Verma,Corporate,India,Haryana,Gurugram,303981,North
CUST-02725,Preethi Sharma,Corporate,India,Delhi,Rohini,385853,North
CUST-02726,Karthik Gupta,Corporate,India,Uttar Pradesh,Lucknow,198944,North
CUST-02727,Swathi Reddy,Corporate,India,Bihar,Gaya,490583,East
CUST-02728,Sanjay Singh,Consumer,India,Delhi,New Delhi,209032,North
CUST-02729,  sanjay singh  ,Corporate,India,Kerala,Kochi,886512,South
CUST-02730,Sanjay Gupta,Small Business,India,Rajasthan,Udaipur,626884,West
CUST-02731,Rahul Verma,Small Business,India,Jharkhand,Jamshedpur,506550,East
CUST-02732,Vijay Reddy,Corporate,India,Goa,Margao,556491,West
CUST-02733,ROHAN DAS,Consumer,India,Uttar Pradesh,Lucknow,287743,North
CUST-02734,Ravi Iyer,Corporate,India,Delhi,Rohini,398133,North
CUST-02735,Divya Singh,Consumer,India,Jharkhand,Ranchi,609185,East
CUST-02736,Naveen Das,Home Office,India,Goa,Panaji,739013,West
CUST-02737,Arjun Menon,Consumer,India,Haryana,Faridabad,871076,North
CUST-02738,,Consumer,India,Bihar,Gaya,102234,East
CUST-02739,Radha Menon,Home Office,India,Jharkhand,Jamshedpur,269128,East
CUST-02740,Arun Verma,Home Office,India,West Bengal,Howrah,148667,East
CUST-02741,Ashok Rao,Consumer,India,Rajasthan,Jodhpur,844262,West
CUST-02742,Kavya Gupta,Consumer,India,Odisha,Bhubaneswar,916162,East
CUST-02743,Sneha Mishra,Corporate,India,Maharashtra,Mumbai,355921,West
CUST-02744,Ashok Chatterjee,Corporate,India,Odisha,Cuttack,927959,East
CUST-02745,Karthik Verma,Small Business,India,West Bengal,Howrah,219584,East
CUST-02746,Neha Singh,Consumer,India,Haryana,Gurugram,100860,North
CUST-02747,Vikram Rao,Corporate,India,Bihar,Gaya,738345,East
CUST-02748,Anjali Pillai,Consumer,India,Uttar Pradesh,Kanpur,583484,North
CUST-02749,Anita Kumar,Small Business,India,Telangana,Hyderabad,605705,South
CUST-02750,Kiran Pillai,Consumer,India,Goa,Panaji,275162,West
CUST-02751,Preethi Patel,Consumer,India,Tamil Nadu,Madurai,907743,South
CUST-02752,Kavya Reddy,Consumer,India,Maharashtra,Nagpur,627609,West
CUST-02753,Neha Rao,Home Office,India,Rajasthan,Jaipur,826431,West
CUST-02754,Arun Nair,Small Business,India,Bihar,Patna,509772,East
CUST-02755,Sanjay Gupta,Consumer,India,West Bengal,Kolkata,471093,East
CUST-02756,Arjun Gupta,Corporate,India,Kerala,Kozhikode,441993,South
CUST-02757,Arun Mishra,Corporate,India,Jharkhand,Jamshedpur,412330,East
CUST-02758,Kiran Joshi,Small Business,India,Uttar Pradesh,Lucknow,901984,North
CUST-02759,Vijay Mishra,Small Business,India,Rajasthan,Udaipur,748791,West
CUST-02760,Lakshmi Mishra,Small Business,India,Kerala,Kochi,819324,South
CUST-02761,Ganesh Singh,Consumer,India,Telangana,Hyderabad,389196,South
CUST-02762,Arjun Singh,Small Business,India,Haryana,Faridabad,530915,North
CUST-02763,Kiran Verma,Consumer,India,Tamil Nadu,Salem,518033,South
CUST-02764,Arun Patel,Consumer,India,Karnataka,Hubballi,431388,South
CUST-02765,  shalini chatterjee  ,Corporate,India,Delhi,New Delhi,442535,North
CUST-02766,Sanjay Nair,Small Business,India,Maharashtra,Nagpur,140983,West
CUST-02767,Arun Gupta,Home Office,India,Karnataka,Mysuru,660612,South
CUST-02768,Neha Menon,Consumer,India,Odisha,Bhubaneswar,943577,East
CUST-02769,Neha Rao,Small Business,India,West Bengal,Kolkata,723907,East
CUST-02770,Neha Pillai,Consumer,India,Telangana,Warangal,348053,South
CUST-02771,Radha Kumar,Corporate,India,Punjab,Ludhiana,100662,North
CUST-02772,SWATHI CHATTERJEE,Home Office,India,Haryana,Gurugram,720939,North
CUST-02773,Pooja Chatterjee,Home Office,India,Karnataka,Hubballi,201807,South
CUST-02774,Neha Singh,Consumer,India,Maharashtra,Mumbai,570627,West
CUST-02775,  arun reddy  ,Corporate,India,Gujarat,Vadodara,595037,West
CUST-02776,Divya Menon,Consumer,India,Maharashtra,Mumbai,490449,West
CUST-02777,Suresh Nair,Consumer,India,Goa,Margao,724223,West
CUST-02778,Kavya Chatterjee,Home Office,India,Andhra Pradesh,Vijayawada,272841,South
CUST-02779,Rohan Reddy,Small Business,India,Kerala,Thiruvananthapuram,460912,South
CUST-02780,VIJAY GUPTA,Corporate,India,Uttar Pradesh,Kanpur,996646,North
CUST-02781,ANJALI MENON,Home Office,India,West Bengal,Howrah,778970,East
CUST-02782,Deepa Singh,Home Office,India,Maharashtra,Nashik,507683,West
CUST-02783,Lakshmi Rao,Home Office,India,Goa,Margao,558304,West
CUST-02784,Neha Rao,Small Business,India,Kerala,Thiruvananthapuram,106403,South
CUST-02785,Anita Pillai,Corporate,India,Tamil Nadu,Salem,206564,South
CUST-02786,Arun Rao,Corporate,India,Telangana,Hyderabad,233930,South
CUST-02787,Ravi Joshi,Corporate,India,Tamil Nadu,Madurai,916631,South
CUST-02788,Vijay Patel,Corporate,India,Rajasthan,Jaipur,773749,West
CUST-02789,Rahul Verma,Home Office,India,Uttar Pradesh,Noida,289734,North
CUST-02790,Preethi Verma,Consumer,India,Haryana,Gurugram,525805,North
CUST-02791,Karthik Mishra,Home Office,India,Punjab,Amritsar,157398,North
CUST-02792,Pooja Singh,Home Office,India,Goa,Margao,197251,West
CUST-02793,Vijay Pillai,Home Office,India,West Bengal,Howrah,325259,East
CUST-02794,Anita Singh,Small Business,India,Haryana,Faridabad,973743,North
CUST-02795,  ganesh mishra  ,Home Office,India,Tamil Nadu,Chennai,372585,South
CUST-02796,Anjali Joshi,Consumer,India,Gujarat,Surat,660270,West
CUST-02797,Karthik Iyer,Corporate,India,Bihar,Patna,310804,East
CUST-02798,Sneha Das,Small Business,India,Delhi,Rohini,637898,North
CUST-02799,  neha iyer  ,Corporate,India,Andhra Pradesh,Visakhapatnam,932992,South
CUST-02800,Naveen Das,Consumer,India,Uttar Pradesh,Kanpur,431318,North
CUST-02801,Kavya Verma,Home Office,India,Odisha,Bhubaneswar,323039,East
CUST-02802,Arjun Sharma,Consumer,India,Haryana,Gurugram,636749,North
CUST-02803,Suresh Chatterjee,Small Business,India,Gujarat,Ahmedabad,191878,West
CUST-02804,Shalini Chatterjee,Home Office,India,Goa,Panaji,168476,West
CUST-02805,Lakshmi Patel,Small Business,India,Andhra Pradesh,Guntur,759664,South
CUST-02806,Ganesh Kumar,Consumer,India,Bihar,Patna,138725,East
CUST-02807,Anjali Kumar,Home Office,India,Rajasthan,Jaipur,345317,West
CUST-02808,Kavya Singh,Home Office,India,Karnataka,Hubballi,278468,South
CUST-02809,Arjun Singh,Small Business,India,West Bengal,Kolkata,887567,East
CUST-02810,Ashok Pillai,Home Office,India,Gujarat,Ahmedabad,444555,West
CUST-02811,Divya Sharma,Consumer,India,Uttar Pradesh,Kanpur,250427,North
CUST-02812,Lakshmi Iyer,Corporate,India,Haryana,Panchkula,413775,North
CUST-02813,Karthik Mishra,Home Office,India,Delhi,New Delhi,444107,North
CUST-02814,Divya Patel,Small Business,India,Tamil Nadu,Salem,546120,South
CUST-02815,Arjun Reddy,Corporate,India,Punjab,Jalandhar,291076,North
CUST-02816,Vijay Das,Consumer,India,Rajasthan,Jaipur,219618,West
CUST-02817,NAVEEN IYER,Consumer,India,Karnataka,Mysuru,452908,South
CUST-02818,Shalini Gupta,Small Business,India,Haryana,Gurugram,566925,North
CUST-02819,Preethi Das,Corporate,India,Maharashtra,Mumbai,713627,West
CUST-02820,Naveen Verma,Consumer,India,Jharkhand,Jamshedpur,629103,East
CUST-02821,Vijay Verma,Small Business,India,Tamil Nadu,Chennai,232683,South
CUST-02822,Anjali Iyer,Corporate,India,Delhi,New Delhi,360696,North
CUST-02823,KIRAN VERMA,Corporate,India,Andhra Pradesh,Visakhapatnam,227153,South
CUST-02824,  priya verma  ,Consumer,India,Rajasthan,Jaipur,936345,West
CUST-02825,Rahul Sharma,Corporate,India,Haryana,Panchkula,413877,North
CUST-02826,Rahul Joshi,Small Business,India,Tamil Nadu,Salem,497530,South
CUST-02827,Pooja Chatterjee,Corporate,India,Rajasthan,Udaipur,357263,West
CUST-02828,Arun Verma,Small Business,India,Rajasthan,Jaipur,437386,West
CUST-02829,Swathi Rao,Home Office,India,Punjab,Jalandhar,782268,North
CUST-02830,Deepa Gupta,Consumer,India,Andhra Pradesh,Visakhapatnam,463559,South
CUST-02831,  swathi sharma  ,Corporate,India,Odisha,Bhubaneswar,240534,East
CUST-02832,,Small Business,India,West Bengal,Siliguri,496582,East
CUST-02833,Radha Rao,Consumer,India,Karnataka,Hubballi,285691,South
CUST-02834,Ravi Das,Consumer,India,Punjab,Amritsar,136660,North
CUST-02835,Rahul Menon,Home Office,India,Kerala,Kozhikode,661421,South
CUST-02836,  divya sharma  ,Consumer,India,Tamil Nadu,Chennai,801789,South
CUST-02837,Rohan Joshi,Small Business,India,Telangana,Warangal,318660,South
CUST-02838,Suresh Patel,Small Business,India,Odisha,Cuttack,383732,East
CUST-02839,RAHUL MENON,Small Business,India,Delhi,Dwarka,703292,North
CUST-02840,Deepa Chatterjee,Consumer,India,Karnataka,Bengaluru,828941,South
CUST-02841,Preethi Patel,Small Business,India,West Bengal,Kolkata,633879,East
CUST-02842,Pooja Reddy,Home Office,India,Bihar,Gaya,348648,East
CUST-02843,Deepa Reddy,Corporate,India,Maharashtra,Nagpur,378797,West
CUST-02844,Neha Reddy,Small Business,India,Haryana,Gurugram,894358,North
CUST-02845,Vijay Sharma,Corporate,India,Tamil Nadu,Chennai,419885,South
CUST-02846,Arjun Joshi,Small Business,India,Tamil Nadu,Salem,675014,South
CUST-02847,Anjali Rao,Home Office,India,Tamil Nadu,Salem,524361,South
CUST-02848,Divya Rao,Consumer,India,Bihar,Gaya,108838,East
CUST-02849,Vikram Das,Corporate,India,Delhi,Dwarka,295338,North
CUST-02850,Priya Patel,Corporate,India,Punjab,Amritsar,787036,North
CUST-02851,,Corporate,India,Maharashtra,Pune,584258,West
CUST-02852,Vijay Patel,Consumer,India,Punjab,Amritsar,120636,North
CUST-02853,Ravi Patel,Corporate,India,Haryana,Gurugram,692472,North
CUST-02854,Naveen Iyer,Small Business,India,Punjab,Ludhiana,751568,North
CUST-02855,Radha Nair,Home Office,India,Uttar Pradesh,Lucknow,887116,North
CUST-02856,Anita Joshi,Small Business,India,Uttar Pradesh,Lucknow,880569,North
CUST-02857,Vikram Gupta,Consumer,India,Uttar Pradesh,Kanpur,491322,North
CUST-02858,Sneha Singh,Corporate,India,Delhi,New Delhi,377888,North
CUST-02859,Lakshmi Sharma,Home Office,India,Delhi,Rohini,301765,North
CUST-02860,Vikram Sharma,Corporate,India,Maharashtra,Nashik,112582,West
CUST-02861,Priya Nair,Home Office,India,Delhi,Rohini,133342,North
CUST-02862,Kavya Nair,Home Office,India,Punjab,Amritsar,698989,North
CUST-02863,Arun Verma,Home Office,India,Maharashtra,Nagpur,598908,West
CUST-02864,Rahul Kumar,Small Business,India,Delhi,Dwarka,937319,North
CUST-02865,Vijay Sharma,Corporate,India,West Bengal,Siliguri,573401,East
CUST-02866,Sanjay Sharma,Small Business,India,Jharkhand,Jamshedpur,634056,East
CUST-02867,Sneha Reddy,Home Office,India,Delhi,Dwarka,943332,North
CUST-02868,Anita Das,Consumer,India,Haryana,Faridabad,620070,North
CUST-02869,Karthik Joshi,Home Office,India,Delhi,New Delhi,576879,North
CUST-02870,Rohan Rao,Corporate,India,Kerala,Kochi,407375,South
CUST-02871,Arun Nair,Corporate,India,Kerala,Kozhikode,289880,South
CUST-02872,Anita Kumar,Home Office,India,Goa,Panaji,384790,West
CUST-02873,Ashok Gupta,Consumer,India,Andhra Pradesh,Guntur,746996,South
CUST-02874,Pooja Verma,Corporate,India,Haryana,Gurugram,335561,North
CUST-02875,Naveen Singh,Consumer,India,Jharkhand,Ranchi,684257,East
CUST-02876,POOJA PILLAI,Home Office,India,Goa,Panaji,666283,West
CUST-02877,Divya Reddy,Consumer,India,Rajasthan,Udaipur,799835,West
CUST-02878,Naveen Iyer,Small Business,India,Uttar Pradesh,Noida,944547,North
CUST-02879,Meena Das,Small Business,India,Karnataka,Bengaluru,602235,South
CUST-02880,Kavya Nair,Small Business,India,Tamil Nadu,Salem,586129,South
CUST-02881,Suresh Singh,Consumer,India,Maharashtra,Nagpur,371390,West
CUST-02882,Neha Iyer,Consumer,India,Rajasthan,Udaipur,214856,West
CUST-02883,Karthik Das,Consumer,India,Kerala,Kochi,145730,South
CUST-02884,Radha Menon,Corporate,India,Telangana,Hyderabad,737460,South
CUST-02885,Suresh Patel,Home Office,India,Gujarat,Surat,558276,West
CUST-02886,Divya Rao,Small Business,India,Rajasthan,Udaipur,653421,West
CUST-02887,Preethi Kumar,Corporate,India,Uttar Pradesh,Noida,169120,North
CUST-02888,,Home Office,India,Delhi,New Delhi,476731,North
CUST-02889,Vikram Menon,Consumer,India,Delhi,New Delhi,163920,North
CUST-02890,MEENA CHATTERJEE,Consumer,India,Maharashtra,Nagpur,350895,West
CUST-02891,ARJUN IYER,Consumer,India,Haryana,Faridabad,364369,North
CUST-02892,Ganesh Iyer,Corporate,India,Andhra Pradesh,Guntur,695294,South
CUST-02893,Radha Mishra,Small Business,India,Jharkhand,Jamshedpur,972068,East
CUST-02894,Neha Verma,Consumer,India,Kerala,Kochi,669719,South
CUST-02895,Deepa Patel,Consumer,India,Andhra Pradesh,Guntur,356842,South
CUST-02896,Ganesh Patel,Corporate,India,Odisha,Cuttack,329761,East
CUST-02897,Anjali Mishra,Consumer,India,Punjab,Jalandhar,200790,North
CUST-02898,Pooja Patel,Corporate,India,Kerala,Kozhikode,625597,South
CUST-02899,Arun Menon,Consumer,India,West Bengal,Howrah,372393,East
CUST-02900,Suresh Das,Small Business,India,Telangana,Warangal,131427,South
CUST-02901,Suresh Singh,Home Office,India,Goa,Panaji,838253,West
CUST-02902,  priya reddy  ,Corporate,India,Punjab,Ludhiana,677279,North
CUST-02903,Rohan Iyer,Corporate,India,Bihar,Patna,631623,East
CUST-02904,Lakshmi Singh,Small Business,India,Delhi,New Delhi,256543,North
CUST-02905,Karthik Joshi,Home Office,India,Karnataka,Bengaluru,822287,South
CUST-02906,Pooja Menon,Corporate,India,Telangana,Warangal,426708,South
CUST-02907,Arun Kumar,Corporate,India,Karnataka,Hubballi,191425,South
CUST-02908,Rohan Verma,Consumer,India,Haryana,Gurugram,675617,North
CUST-02909,Shalini Verma,Consumer,India,Andhra Pradesh,Visakhapatnam,691880,South
CUST-02910,Ashok Sharma,Corporate,India,Punjab,Ludhiana,587219,North
CUST-02911,  priya iyer  ,Corporate,India,Haryana,Panchkula,688835,North
CUST-02912,  anita gupta  ,Small Business,India,Tamil Nadu,Chennai,233328,South
CUST-02913,Ashok Patel,Home Office,India,Rajasthan,Jaipur,850078,West
CUST-02914,Rahul Rao,Home Office,India,Jharkhand,Ranchi,890541,East
CUST-02915,Meena Gupta,Small Business,India,Uttar Pradesh,Lucknow,561170,North
CUST-02916,NAVEEN KUMAR,Consumer,India,Haryana,Gurugram,752255,North
CUST-02917,Deepa Menon,Small Business,India,Jharkhand,Ranchi,424143,East
CUST-02918,Kavya Iyer,Corporate,India,Gujarat,Ahmedabad,529740,West
CUST-02919,Swathi Nair,Corporate,India,Maharashtra,Nagpur,800635,West
CUST-02920,Preethi Das,Small Business,India,Bihar,Gaya,948549,East
CUST-02921,Rohan Nair,Small Business,India,Karnataka,Mysuru,180308,South
CUST-02922,Arjun Patel,Small Business,India,West Bengal,Kolkata,407706,East
CUST-02923,Priya Menon,Consumer,India,Andhra Pradesh,Vijayawada,115775,South
CUST-02924,Meena Joshi,Corporate,India,Kerala,Kochi,252645,South
CUST-02925,Meena Sharma,Small Business,India,Kerala,Kochi,861327,South
CUST-02926,Divya Nair,Small Business,India,Punjab,Jalandhar,452613,North
CUST-02927,Sneha Pillai,Corporate,India,Karnataka,Bengaluru,702755,South
CUST-02928,Shalini Singh,Consumer,India,West Bengal,Siliguri,958113,East
CUST-02929,  deepa menon  ,Consumer,India,Rajasthan,Jaipur,677168,West
CUST-02930,Swathi Das,Corporate,India,Tamil Nadu,Coimbatore,421622,South
CUST-02931,  preethi gupta  ,Home Office,India,Jharkhand,Ranchi,167919,East
CUST-02932,Sanjay Chatterjee,Consumer,India,Karnataka,Bengaluru,911735,South
CUST-02933,Priya Gupta,Home Office,India,Punjab,Jalandhar,268818,North
CUST-02934,Shalini Gupta,Consumer,India,Tamil Nadu,Madurai,130731,South
CUST-02935,Arjun Das,Corporate,India,Delhi,New Delhi,963812,North
CUST-02936,Preethi Chatterjee,Corporate,India,Punjab,Ludhiana,161293,North
CUST-02937,  lakshmi mishra  ,Consumer,India,Rajasthan,Jodhpur,968296,West
CUST-02938,Arun Menon,Consumer,India,Kerala,Kochi,597909,South
CUST-02939,Divya Mishra,Small Business,India,West Bengal,Siliguri,681724,East
CUST-02940,Vijay Chatterjee,Home Office,India,Uttar Pradesh,Lucknow,897504,North
CUST-02941,Priya Patel,Home Office,India,Haryana,Gurugram,710097,North
CUST-02942,Rahul Pillai,Consumer,India,Delhi,New Delhi,759225,North
CUST-02943,Rahul Gupta,Consumer,India,Bihar,Gaya,225178,East
CUST-02944,Preethi Mishra,Consumer,India,Gujarat,Vadodara,880850,West
CUST-02945,PRIYA RAO,Small Business,India,Maharashtra,Nagpur,217389,West
CUST-02946,Ravi Reddy,Corporate,India,West Bengal,Kolkata,592811,East
CUST-02947,Vijay Chatterjee,Small Business,India,Karnataka,Bengaluru,604492,South
CUST-02948,Naveen Rao,Small Business,India,Delhi,Rohini,569142,North
CUST-02949,Sneha Singh,Home Office,India,Rajasthan,Jodhpur,115649,West
CUST-02950,Priya Kumar,Home Office,India,Uttar Pradesh,Noida,782970,North
CUST-02951,Rohan Menon,Corporate,India,Telangana,Hyderabad,295268,South
CUST-02952,Shalini Chatterjee,Small Business,India,Goa,Margao,801381,West
CUST-02953,Swathi Joshi,Small Business,India,Delhi,Dwarka,507826,North
CUST-02954,Ravi Reddy,Home Office,India,Tamil Nadu,Madurai,706144,South
CUST-02955,Karthik Verma,Consumer,India,Punjab,Ludhiana,871542,North
CUST-02956,Sanjay Iyer,Consumer,India,Delhi,New Delhi,603675,North
CUST-02957,Naveen Patel,Corporate,India,Uttar Pradesh,Noida,395771,North
CUST-02958,Preethi Rao,Home Office,India,Rajasthan,Udaipur,243606,West
CUST-02959,Arun Kumar,Small Business,India,Kerala,Kochi,212341,South
CUST-02960,Rahul Rao,Consumer,India,Delhi,Rohini,254518,North
CUST-02961,Pooja Chatterjee,Small Business,India,Bihar,Patna,404927,East
CUST-02962,Radha Verma,Consumer,India,Tamil Nadu,Coimbatore,424909,South
CUST-02963,Ashok Patel,Home Office,India,Gujarat,Ahmedabad,541042,West
CUST-02964,Shalini Das,Small Business,India,Haryana,Faridabad,435604,North
CUST-02965,Radha Reddy,Consumer,India,Haryana,Panchkula,672531,North
CUST-02966,Divya Nair,Home Office,India,Tamil Nadu,Coimbatore,721045,South
CUST-02967,Pooja Patel,Consumer,India,Uttar Pradesh,Lucknow,494663,North
CUST-02968,Anjali Chatterjee,Home Office,India,Delhi,Dwarka,260965,North
CUST-02969,POOJA PATEL,Small Business,India,Maharashtra,Mumbai,910721,West
CUST-02970,Karthik Mishra,Small Business,India,Haryana,Gurugram,128643,North
CUST-02971,Pooja Chatterjee,Small Business,India,Karnataka,Bengaluru,891358,South
CUST-02972,Swathi Sharma,Small Business,India,Tamil Nadu,Salem,202448,South
CUST-02973,Vijay Gupta,Consumer,India,Maharashtra,Pune,410909,West
CUST-02974,Manoj Gupta,Corporate,India,Andhra Pradesh,Guntur,152230,South
CUST-02975,Sanjay Chatterjee,Corporate,India,Uttar Pradesh,Lucknow,572769,North
CUST-02976,Manoj Das,Corporate,India,Maharashtra,Mumbai,362848,West
CUST-02977,Vikram Nair,Corporate,India,Maharashtra,Nashik,170881,West
CUST-02978,Radha Chatterjee,Corporate,India,Maharashtra,Nashik,537852,West
CUST-02979,Kavya Joshi,Small Business,India,Goa,Margao,154649,West
CUST-02980,Arjun Chatterjee,Corporate,India,Goa,Panaji,812427,West
CUST-02981,Vijay Rao,Home Office,India,Karnataka,Bengaluru,106319,South
CUST-02982,Lakshmi Nair,Small Business,India,Maharashtra,Nashik,309730,West
CUST-02983,Preethi Mishra,Consumer,India,Maharashtra,Mumbai,369874,West
CUST-02984,Kavya Mishra,Small Business,India,Punjab,Ludhiana,872533,North
CUST-02985,Rahul Pillai,Small Business,India,Karnataka,Bengaluru,266498,South
CUST-02986,Anjali Patel,Corporate,India,Uttar Pradesh,Lucknow,986128,North
CUST-02987,Rohan Mishra,Corporate,India,Jharkhand,Ranchi,316260,East
CUST-02988,Rohan Joshi,Consumer,India,Haryana,Gurugram,211586,North
CUST-02989,Deepa Das,Small Business,India,Goa,Margao,226554,West
CUST-02990,Sneha Pillai,Home Office,India,Haryana,Faridabad,402986,North
CUST-02991,PRIYA PILLAI,Small Business,India,Uttar Pradesh,Kanpur,208596,North
CUST-02992,Ganesh Gupta,Corporate,India,Uttar Pradesh,Kanpur,131025,North
CUST-02993,Shalini Kumar,Corporate,India,Haryana,Gurugram,379069,North
CUST-02994,Priya Das,Consumer,India,Rajasthan,Jaipur,126500,West
CUST-02995,Radha Menon,Corporate,India,Punjab,Jalandhar,519495,North
CUST-02996,Swathi Kumar,Corporate,India,Delhi,Rohini,405350,North
CUST-02997,Suresh Patel,Corporate,India,Andhra Pradesh,Guntur,705628,South
CUST-02998,GANESH PATEL,Corporate,India,Maharashtra,Pune,554275,West
CUST-02999,Anjali Sharma,Home Office,India,Jharkhand,Jamshedpur,517017,East
CUST-03000,Anita Verma,Corporate,India,Haryana,Gurugram,832829,North
CUST-03001,Sneha Joshi,Consumer,India,Uttar Pradesh,Kanpur,667193,North
CUST-03002,Anjali Pillai,Home Office,India,West Bengal,Siliguri,150077,East
CUST-03003,Rohan Das,Small Business,India,Bihar,Gaya,540172,East
CUST-03004,Preethi Gupta,Home Office,India,Rajasthan,Jodhpur,775829,West
CUST-03005,Lakshmi Pillai,Consumer,India,Delhi,Dwarka,574631,North
CUST-03006,  arun das  ,Home Office,India,Jharkhand,Jamshedpur,619214,East
CUST-03007,Priya Kumar,Consumer,India,Odisha,Bhubaneswar,849593,East
CUST-03008,Priya Gupta,Consumer,India,Uttar Pradesh,Kanpur,909130,North
CUST-03009,  ashok rao  ,Home Office,India,West Bengal,Kolkata,134156,East
CUST-03010,Anjali Gupta,Corporate,India,Uttar Pradesh,Noida,465424,North
CUST-03011,Anjali Pillai,Corporate,India,Punjab,Amritsar,142715,North
CUST-03012,Pooja Sharma,Corporate,India,Haryana,Faridabad,748221,North
CUST-03013,Swathi Sharma,Small Business,India,Tamil Nadu,Coimbatore,996864,South
CUST-03014,Meena Menon,Corporate,India,West Bengal,Kolkata,303047,East
CUST-03015,,Corporate,India,Goa,Panaji,547484,West
CUST-03016,Neha Kumar,Corporate,India,Andhra Pradesh,Visakhapatnam,691743,South
CUST-03017,Vijay Patel,Consumer,India,Punjab,Jalandhar,269546,North
CUST-03018,Rahul Nair,Corporate,India,Punjab,Ludhiana,223631,North
CUST-03019,  deepa mishra  ,Home Office,India,Kerala,Kochi,716560,South
CUST-03020,Sneha Patel,Corporate,India,West Bengal,Siliguri,197419,East
CUST-03021,Divya Nair,Small Business,India,Uttar Pradesh,Kanpur,514736,North
CUST-03022,Anjali Chatterjee,Home Office,India,Haryana,Panchkula,544126,North
CUST-03023,  kiran chatterjee  ,Consumer,India,Karnataka,Bengaluru,501704,South
CUST-03024,Lakshmi Das,Corporate,India,Haryana,Faridabad,570358,North
CUST-03025,Anita Patel,Home Office,India,Kerala,Thiruvananthapuram,244104,South
CUST-03026,Pooja Rao,Consumer,India,Kerala,Kozhikode,471852,South
CUST-03027,  rohan reddy  ,Consumer,India,Goa,Panaji,770928,West
CUST-03028,Preethi Mishra,Small Business,India,Gujarat,Ahmedabad,720001,West
CUST-03029,Rohan Pillai,Home Office,India,Bihar,Patna,877255,East
CUST-03030,Neha Rao,Home Office,India,Bihar,Gaya,958404,East
CUST-03031,Neha Reddy,Consumer,India,Goa,Panaji,289092,West
CUST-03032,Kavya Joshi,Corporate,India,West Bengal,Howrah,500769,East
CUST-03033,Ganesh Das,Home Office,India,Andhra Pradesh,Visakhapatnam,199903,South
CUST-03034,Manoj Singh,Consumer,India,Maharashtra,Mumbai,388292,West
CUST-03035,Shalini Pillai,Corporate,India,Jharkhand,Jamshedpur,652905,East
CUST-03036,  rahul das  ,Small Business,India,Bihar,Gaya,932291,East
CUST-03037,Arjun Patel,Corporate,India,Telangana,Hyderabad,605681,South
CUST-03038,Radha Menon,Home Office,India,West Bengal,Howrah,434372,East
CUST-03039,Sneha Gupta,Consumer,India,Uttar Pradesh,Kanpur,467382,North
CUST-03040,Shalini Chatterjee,Home Office,India,Uttar Pradesh,Noida,893701,North
CUST-03041,Vijay Patel,Consumer,India,Uttar Pradesh,Kanpur,777504,North
CUST-03042,Anjali Patel,Corporate,India,Punjab,Jalandhar,401437,North
CUST-03043,  kiran das  ,Small Business,India,Telangana,Hyderabad,278510,South
CUST-03044,Radha Verma,Home Office,India,Punjab,Ludhiana,708921,North
CUST-03045,MEENA SHARMA,Corporate,India,Delhi,Dwarka,852014,North
CUST-03046,Vijay Iyer,Corporate,India,Rajasthan,Udaipur,330273,West
CUST-03047,Rohan Gupta,Small Business,India,Kerala,Kochi,976980,South
CUST-03048,Preethi Kumar,Small Business,India,Bihar,Patna,149049,East
CUST-03049,Deepa Sharma,Home Office,India,Kerala,Thiruvananthapuram,519403,South
CUST-03050,Naveen Sharma,Corporate,India,Maharashtra,Nashik,557102,West
CUST-03051,Pooja Kumar,Home Office,India,Delhi,New Delhi,700249,North
CUST-03052,Karthik Mishra,Corporate,India,Maharashtra,Mumbai,791048,West
CUST-03053,Preethi Menon,Consumer,India,Telangana,Warangal,220236,South
CUST-03054,Ravi Iyer,Corporate,India,Maharashtra,Mumbai,414227,West
CUST-03055,Suresh Singh,Corporate,India,Haryana,Faridabad,885242,North
CUST-03056,Sanjay Pillai,Consumer,India,Maharashtra,Nashik,540636,West
CUST-03057,Lakshmi Singh,Consumer,India,Uttar Pradesh,Kanpur,753971,North
CUST-03058,Deepa Verma,Small Business,India,Kerala,Kozhikode,204948,South
CUST-03059,Lakshmi Menon,Corporate,India,Uttar Pradesh,Kanpur,414341,North
CUST-03060,Manoj Singh,Home Office,India,Karnataka,Mysuru,908971,South
CUST-03061,Pooja Das,Corporate,India,Kerala,Kozhikode,934803,South
CUST-03062,Ganesh Kumar,Home Office,India,Uttar Pradesh,Noida,476371,North
CUST-03063,Naveen Nair,Consumer,India,Telangana,Warangal,686585,South
CUST-03064,KAVYA PATEL,Consumer,India,Punjab,Amritsar,784549,North
CUST-03065,Rahul Rao,Home Office,India,Gujarat,Surat,453596,West
CUST-03066,SANJAY PATEL,Consumer,India,Tamil Nadu,Madurai,436893,South
CUST-03067,Vijay Rao,Consumer,India,Maharashtra,Nashik,659552,West
CUST-03068,Preethi Das,Home Office,India,Jharkhand,Jamshedpur,198422,East
CUST-03069,Suresh Patel,Consumer,India,Tamil Nadu,Salem,579237,South
CUST-03070,Manoj Pillai,Small Business,India,Telangana,Warangal,368862,South
CUST-03071,Vijay Rao,Consumer,India,Telangana,Hyderabad,680337,South
CUST-03072,Arjun Pillai,Consumer,India,Gujarat,Vadodara,882808,West
CUST-03073,Ravi Gupta,Consumer,India,Rajasthan,Udaipur,984078,West
CUST-03074,Ravi Mishra,Small Business,India,West Bengal,Siliguri,982122,East
CUST-03075,Vijay Das,Consumer,India,Delhi,Rohini,453853,North
CUST-03076,Kavya Rao,Small Business,India,Tamil Nadu,Salem,128363,South
CUST-03077,Naveen Chatterjee,Consumer,India,Maharashtra,Nashik,834887,West
CUST-03078,Kavya Das,Home Office,India,Maharashtra,Nashik,702549,West
CUST-03079,  manoj das  ,Home Office,India,Kerala,Kozhikode,328621,South
CUST-03080,Deepa Menon,Corporate,India,Rajasthan,Udaipur,534854,West
CUST-03081,Ravi Joshi,Home Office,India,Telangana,Hyderabad,125239,South
CUST-03082,Preethi Singh,Corporate,India,Rajasthan,Udaipur,244756,West
CUST-03083,Kiran Das,Consumer,India,Bihar,Patna,901995,East
CUST-03084,Arun Das,Corporate,India,Telangana,Hyderabad,315936,South
CUST-03085,Sneha Kumar,Corporate,India,Maharashtra,Nashik,300967,West
CUST-03086,Swathi Gupta,Corporate,India,Gujarat,Ahmedabad,225827,West
CUST-03087,Vikram Rao,Small Business,India,Maharashtra,Nagpur,194830,West
CUST-03088,  naveen singh  ,Corporate,India,West Bengal,Kolkata,375161,East
CUST-03089,Ravi Rao,Corporate,India,Punjab,Jalandhar,807339,North
CUST-03090,Lakshmi Kumar,Home Office,India,Haryana,Faridabad,395988,North
CUST-03091,Arun Chatterjee,Consumer,India,Goa,Margao,288358,West
CUST-03092,Arun Pillai,Corporate,India,Karnataka,Bengaluru,736756,South
CUST-03093,Arjun Patel,Corporate,India,Odisha,Bhubaneswar,924547,East
CUST-03094,Ravi Iyer,Consumer,India,Maharashtra,Nagpur,859881,West
CUST-03095,Sanjay Chatterjee,Corporate,India,West Bengal,Siliguri,384247,East
CUST-03096,Ganesh Sharma,Home Office,India,Haryana,Gurugram,498053,North
CUST-03097,Rohan Iyer,Corporate,India,Kerala,Kozhikode,101544,South
CUST-03098,Priya Nair,Home Office,India,Telangana,Warangal,761453,South
CUST-03099,Arjun Sharma,Consumer,India,Gujarat,Vadodara,771740,West
CUST-03100,Lakshmi Das,Home Office,India,Rajasthan,Jodhpur,282298,West
CUST-03101,Arun Kumar,Home Office,India,Maharashtra,Nagpur,254460,West
CUST-03102,Kiran Patel,Small Business,India,Punjab,Jalandhar,178917,North
CUST-03103,Divya Chatterjee,Small Business,India,Haryana,Faridabad,279820,North
CUST-03104,Arjun Nair,Consumer,India,Delhi,Dwarka,351771,North
CUST-03105,Radha Das,Home Office,India,Tamil Nadu,Chennai,805186,South
CUST-03106,Sanjay Gupta,Home Office,India,West Bengal,Siliguri,365375,East
CUST-03107,Ashok Kumar,Consumer,India,Punjab,Jalandhar,287320,North
CUST-03108,Swathi Nair,Home Office,India,Kerala,Kochi,270190,South
CUST-03109,Radha Nair,Home Office,India,Tamil Nadu,Coimbatore,580802,South
CUST-03110,Ganesh Mishra,Consumer,India,Telangana,Hyderabad,962892,South
CUST-03111,Arun Nair,Small Business,India,Karnataka,Hubballi,354052,South
CUST-03112,Meena Sharma,Corporate,India,Andhra Pradesh,Visakhapatnam,472097,South
CUST-03113,Karthik Mishra,Home Office,India,Andhra Pradesh,Vijayawada,916719,South
CUST-03114,Naveen Patel,Corporate,India,Gujarat,Surat,673344,West
CUST-03115,Deepa Rao,Home Office,India,Gujarat,Vadodara,487384,West
CUST-03116,Vikram Nair,Consumer,India,Tamil Nadu,Coimbatore,548672,South
CUST-03117,Lakshmi Das,Consumer,India,Karnataka,Hubballi,713739,South
CUST-03118,Deepa Gupta,Consumer,India,Haryana,Panchkula,884853,North
CUST-03119,Sneha Gupta,Corporate,India,Telangana,Warangal,691056,South
CUST-03120,Manoj Das,Home Office,India,Uttar Pradesh,Kanpur,298331,North
CUST-03121,Lakshmi Nair,Corporate,India,Goa,Panaji,873048,West
CUST-03122,Preethi Chatterjee,Small Business,India,Rajasthan,Jodhpur,639773,West
CUST-03123,  radha das  ,Consumer,India,Delhi,New Delhi,415734,North
CUST-03124,Preethi Patel,Corporate,India,Goa,Margao,952595,West
CUST-03125,,Small Business,India,Uttar Pradesh,Lucknow,232177,North
CUST-03126,Arun Iyer,Consumer,India,Karnataka,Hubballi,411941,South
CUST-03127,Sanjay Nair,Consumer,India,West Bengal,Kolkata,859564,East
CUST-03128,Anjali Sharma,Consumer,India,Karnataka,Hubballi,866602,South
CUST-03129,Shalini Joshi,Small Business,India,Kerala,Thiruvananthapuram,259704,South
CUST-03130,Kiran Verma,Home Office,India,Odisha,Bhubaneswar,502385,East
CUST-03131,Rohan Singh,Corporate,India,Delhi,New Delhi,445512,North
CUST-03132,Anjali Kumar,Small Business,India,Rajasthan,Udaipur,608013,West
CUST-03133,Suresh Chatterjee,Consumer,India,Haryana,Panchkula,695994,North
CUST-03134,Rohan Kumar,Home Office,India,Punjab,Jalandhar,596876,North
CUST-03135,Kavya Das,Small Business,India,Haryana,Gurugram,651752,North
CUST-03136,Vijay Singh,Corporate,India,Delhi,New Delhi,424660,North
CUST-03137,Ravi Gupta,Consumer,India,Kerala,Thiruvananthapuram,336494,South
CUST-03138,Preethi Chatterjee,Consumer,India,Haryana,Gurugram,113351,North
CUST-03139,Karthik Joshi,Corporate,India,Andhra Pradesh,Visakhapatnam,165126,South
CUST-03140,Sneha Sharma,Home Office,India,Uttar Pradesh,Lucknow,828770,North
CUST-03141,Anita Iyer,Small Business,India,Goa,Panaji,307907,West
CUST-03142,Anita Gupta,Home Office,India,Karnataka,Hubballi,993160,South
CUST-03143,Arun Patel,Consumer,India,Gujarat,Ahmedabad,552200,West
CUST-03144,Rohan Rao,Consumer,India,Kerala,Thiruvananthapuram,168879,South
CUST-03145,Vijay Iyer,Consumer,India,Maharashtra,Nashik,760471,West
CUST-03146,Pooja Iyer,Corporate,India,Maharashtra,Nashik,828840,West
CUST-03147,Pooja Iyer,Small Business,India,Karnataka,Mysuru,468758,South
CUST-03148,Karthik Pillai,Home Office,India,Gujarat,Surat,101526,West
CUST-03149,Shalini Reddy,Small Business,India,Kerala,Thiruvananthapuram,975736,South
CUST-03150,SWATHI PILLAI,Consumer,India,Tamil Nadu,Madurai,731533,South
CUST-03151,Deepa Joshi,Home Office,India,Delhi,New Delhi,153035,North
CUST-03152,Arun Singh,Consumer,India,Kerala,Thiruvananthapuram,426902,South
CUST-03153,Anjali Nair,Consumer,India,Uttar Pradesh,Kanpur,185390,North
CUST-03154,Sneha Sharma,Home Office,India,Tamil Nadu,Madurai,638697,South
CUST-03155,Suresh Kumar,Consumer,India,Odisha,Bhubaneswar,566423,East
CUST-03156,Rahul Iyer,Small Business,India,Andhra Pradesh,Guntur,396206,South
CUST-03157,Anjali Verma,Corporate,India,Jharkhand,Ranchi,537805,East
CUST-03158,Manoj Singh,Consumer,India,Karnataka,Bengaluru,991294,South
CUST-03159,VIJAY DAS,Small Business,India,Gujarat,Ahmedabad,144639,West
CUST-03160,Sneha Sharma,Consumer,India,Odisha,Cuttack,850401,East
CUST-03161,Anita Singh,Consumer,India,Tamil Nadu,Coimbatore,182691,South
CUST-03162,Sanjay Chatterjee,Home Office,India,Haryana,Gurugram,200923,North
CUST-03163,Rahul Gupta,Corporate,India,Telangana,Hyderabad,352674,South
CUST-03164,Priya Singh,Corporate,India,Maharashtra,Nagpur,937519,West
CUST-03165,Deepa Kumar,Home Office,India,Maharashtra,Nashik,600597,West
CUST-03166,Ravi Sharma,Corporate,India,Rajasthan,Jaipur,811874,West
CUST-03167,Vijay Iyer,Consumer,India,Karnataka,Hubballi,509365,South
CUST-03168,Ganesh Patel,Small Business,India,Telangana,Warangal,931177,South
CUST-03169,Kavya Gupta,Small Business,India,Tamil Nadu,Madurai,442587,South
CUST-03170,Rohan Chatterjee,Home Office,India,Punjab,Amritsar,875802,North
CUST-03171,RADHA MISHRA,Small Business,India,Delhi,New Delhi,326578,North
CUST-03172,Radha Sharma,Consumer,India,Telangana,Hyderabad,347992,South
CUST-03173,Pooja Sharma,Consumer,India,Haryana,Panchkula,866439,North
CUST-03174,Lakshmi Reddy,Consumer,India,Delhi,New Delhi,326865,North
CUST-03175,ANITA RAO,Corporate,India,West Bengal,Howrah,130212,East
CUST-03176,Suresh Verma,Corporate,India,Uttar Pradesh,Noida,822007,North
CUST-03177,Manoj Pillai,Consumer,India,Tamil Nadu,Coimbatore,999120,South
CUST-03178,Priya Sharma,Small Business,India,West Bengal,Kolkata,851417,East
CUST-03179,Radha Joshi,Home Office,India,Karnataka,Hubballi,793723,South
CUST-03180,Rohan Sharma,Home Office,India,Kerala,Thiruvananthapuram,399714,South
CUST-03181,Karthik Reddy,Consumer,India,Rajasthan,Jodhpur,117081,West
CUST-03182,Pooja Menon,Home Office,India,Karnataka,Hubballi,979721,South
CUST-03183,Preethi Gupta,Home Office,India,Goa,Margao,932781,West
CUST-03184,Rahul Das,Corporate,India,Andhra Pradesh,Guntur,112658,South
CUST-03185,NAVEEN NAIR,Small Business,India,Kerala,Kochi,668077,South
CUST-03186,Manoj Nair,Consumer,India,Telangana,Warangal,525831,South
CUST-03187,Pooja Pillai,Home Office,India,Delhi,Dwarka,174455,North
CUST-03188,Anjali Iyer,Consumer,India,Maharashtra,Mumbai,621195,West
CUST-03189,Ganesh Sharma,Corporate,India,Andhra Pradesh,Vijayawada,235212,South
CUST-03190,Rahul Singh,Home Office,India,Maharashtra,Pune,694718,West
CUST-03191,Anita Pillai,Home Office,India,Tamil Nadu,Salem,201789,South
CUST-03192,Priya Verma,Consumer,India,Jharkhand,Ranchi,582591,East
CUST-03193,Radha Chatterjee,Home Office,India,Maharashtra,Mumbai,879715,West
CUST-03194,Rahul Chatterjee,Corporate,India,Haryana,Faridabad,680626,North
CUST-03195,Suresh Mishra,Consumer,India,Telangana,Hyderabad,673506,South
CUST-03196,  anjali joshi  ,Consumer,India,Maharashtra,Nashik,940212,West
CUST-03197,Kiran Reddy,Corporate,India,Rajasthan,Udaipur,294624,West
CUST-03198,Vikram Menon,Small Business,India,Uttar Pradesh,Lucknow,823730,North
CUST-03199,Preethi Chatterjee,Consumer,India,Karnataka,Hubballi,371661,South
CUST-03200,Anjali Gupta,Small Business,India,Telangana,Hyderabad,942944,South
CUST-03201,Suresh Gupta,Corporate,India,Maharashtra,Pune,596393,West
CUST-03202,  neha verma  ,Consumer,India,West Bengal,Siliguri,247525,East
CUST-03203,Divya Patel,Consumer,India,Bihar,Patna,100139,East
CUST-03204,Sneha Patel,Corporate,India,Karnataka,Hubballi,245018,South
CUST-03205,Ganesh Nair,Small Business,India,Goa,Margao,109534,West
CUST-03206,Naveen Patel,Corporate,India,Bihar,Patna,458714,East
CUST-03207,Rahul Das,Consumer,India,Rajasthan,Udaipur,823230,West
CUST-03208,Arun Chatterjee,Corporate,India,Karnataka,Hubballi,357797,South
CUST-03209,Kiran Nair,Small Business,India,Haryana,Panchkula,616699,North
CUST-03210,KAVYA SHARMA,Home Office,India,Telangana,Hyderabad,521327,South
CUST-03211,  shalini mishra  ,Home Office,India,Delhi,New Delhi,317406,North
CUST-03212,Lakshmi Verma,Home Office,India,Uttar Pradesh,Noida,754211,North
CUST-03213,  priya joshi  ,Consumer,India,Bihar,Gaya,411963,East
CUST-03214,Kiran Das,Home Office,India,Maharashtra,Nashik,919463,West
CUST-03215,POOJA KUMAR,Corporate,India,Maharashtra,Mumbai,970744,West
CUST-03216,Ravi Chatterjee,Home Office,India,Tamil Nadu,Chennai,943946,South
CUST-03217,Ashok Patel,Consumer,India,Telangana,Warangal,864336,South
CUST-03218,Deepa Menon,Corporate,India,Haryana,Gurugram,648110,North
CUST-03219,Deepa Patel,Consumer,India,Goa,Margao,927948,West
CUST-03220,Priya Verma,Home Office,India,Kerala,Thiruvananthapuram,114896,South
CUST-03221,Naveen Das,Corporate,India,Maharashtra,Mumbai,411006,West
CUST-03222,Suresh Chatterjee,Consumer,India,Haryana,Gurugram,237114,North
CUST-03223,Ashok Iyer,Home Office,India,Odisha,Bhubaneswar,209397,East
CUST-03224,Suresh Kumar,Consumer,India,Delhi,New Delhi,833796,North
CUST-03225,Radha Gupta,Home Office,India,Haryana,Panchkula,302488,North
CUST-03226,Radha Gupta,Small Business,India,Kerala,Kozhikode,517009,South
CUST-03227,Arjun Nair,Small Business,India,Haryana,Panchkula,314989,North
CUST-03228,Rahul Singh,Consumer,India,Punjab,Amritsar,506777,North
CUST-03229,Ravi Patel,Home Office,India,Rajasthan,Udaipur,773640,West
CUST-03230,Lakshmi Patel,Home Office,India,Telangana,Hyderabad,125691,South
CUST-03231,Ganesh Chatterjee,Corporate,India,Tamil Nadu,Chennai,811218,South
CUST-03232,Manoj Nair,Consumer,India,Tamil Nadu,Chennai,514157,South
CUST-03233,Rohan Das,Small Business,India,Punjab,Jalandhar,502853,North
CUST-03234,Ashok Verma,Small Business,India,Jharkhand,Ranchi,571459,East
CUST-03235,Arjun Chatterjee,Home Office,India,Kerala,Thiruvananthapuram,443700,South
CUST-03236,,Home Office,India,Maharashtra,Nashik,551887,West
CUST-03237,Priya Chatterjee,Home Office,India,Gujarat,Vadodara,568095,West
CUST-03238,Preethi Nair,Consumer,India,Karnataka,Hubballi,816485,South
CUST-03239,Rahul Reddy,Home Office,India,Uttar Pradesh,Lucknow,283631,North
CUST-03240,Ganesh Joshi,Corporate,India,Karnataka,Hubballi,105178,South
CUST-03241,Kavya Das,Corporate,India,Delhi,Dwarka,637456,North
CUST-03242,ANITA IYER,Corporate,India,Maharashtra,Pune,120845,West
CUST-03243,Lakshmi Singh,Corporate,India,Karnataka,Mysuru,261357,South
CUST-03244,Shalini Verma,Corporate,India,Jharkhand,Ranchi,150867,East
CUST-03245,Anita Iyer,Consumer,India,Tamil Nadu,Salem,382187,South
CUST-03246,Lakshmi Joshi,Small Business,India,Goa,Margao,608340,West
CUST-03247,  neha patel  ,Home Office,India,Haryana,Faridabad,319933,North
CUST-03248,Rahul Sharma,Home Office,India,Maharashtra,Nagpur,314584,West
CUST-03249,Meena Kumar,Small Business,India,Rajasthan,Udaipur,437503,West
CUST-03250,  swathi kumar  ,Consumer,India,Kerala,Kozhikode,712869,South
CUST-03251,Ravi Patel,Consumer,India,Karnataka,Mysuru,254286,South
CUST-03252,Arjun Nair,Home Office,India,Kerala,Kozhikode,645872,South
CUST-03253,Preethi Singh,Corporate,India,Uttar Pradesh,Lucknow,142854,North
CUST-03254,Deepa Singh,Small Business,India,Rajasthan,Jaipur,558003,West
CUST-03255,Swathi Singh,Small Business,India,Punjab,Amritsar,638428,North
CUST-03256,Anita Gupta,Corporate,India,Tamil Nadu,Chennai,103872,South
CUST-03257,Preethi Chatterjee,Home Office,India,Bihar,Patna,639285,East
CUST-03258,Vijay Rao,Consumer,India,Uttar Pradesh,Noida,550219,North
CUST-03259,Ravi Patel,Small Business,India,Uttar Pradesh,Noida,581554,North
CUST-03260,Divya Mishra,Consumer,India,Tamil Nadu,Chennai,833787,South
CUST-03261,Swathi Iyer,Consumer,India,Andhra Pradesh,Vijayawada,196754,South
CUST-03262,Rohan Chatterjee,Home Office,India,Andhra Pradesh,Vijayawada,961617,South
CUST-03263,Naveen Kumar,Corporate,India,Telangana,Warangal,260183,South
CUST-03264,Deepa Reddy,Consumer,India,Maharashtra,Pune,755017,West
CUST-03265,Swathi Sharma,Small Business,India,Delhi,Rohini,842842,North
CUST-03266,Neha Mishra,Home Office,India,Punjab,Ludhiana,803698,North
CUST-03267,Ravi Patel,Small Business,India,Punjab,Amritsar,757582,North
CUST-03268,Arjun Iyer,Consumer,India,Rajasthan,Jaipur,667056,West
CUST-03269,Karthik Pillai,Home Office,India,Goa,Panaji,167949,West
CUST-03270,Pooja Chatterjee,Corporate,India,Uttar Pradesh,Noida,524659,North
CUST-03271,Vikram Kumar,Small Business,India,Uttar Pradesh,Lucknow,117714,North
CUST-03272,Swathi Reddy,Consumer,India,Uttar Pradesh,Kanpur,220079,North
CUST-03273,Ashok Reddy,Small Business,India,Uttar Pradesh,Lucknow,694618,North
CUST-03274,,Small Business,India,Delhi,Dwarka,780374,North
CUST-03275,SANJAY CHATTERJEE,Consumer,India,Bihar,Gaya,897363,East
CUST-03276,Ganesh Nair,Corporate,India,Tamil Nadu,Coimbatore,604415,South
CUST-03277,Ashok Rao,Small Business,India,Tamil Nadu,Coimbatore,388254,South
CUST-03278,Priya Rao,Consumer,India,Bihar,Gaya,431541,East
CUST-03279,KAVYA RAO,Home Office,India,Tamil Nadu,Chennai,454753,South
CUST-03280,Deepa Mishra,Consumer,India,Tamil Nadu,Madurai,875668,South
CUST-03281,ASHOK MENON,Home Office,India,Haryana,Gurugram,438590,North
CUST-03282,Preethi Verma,Consumer,India,Maharashtra,Pune,808962,West
CUST-03283,Lakshmi Rao,Home Office,India,Gujarat,Vadodara,387150,West
CUST-03284,Neha Menon,Home Office,India,Haryana,Gurugram,180058,North
CUST-03285,Kiran Reddy,Home Office,India,Uttar Pradesh,Lucknow,337839,North
CUST-03286,Manoj Reddy,Small Business,India,Kerala,Thiruvananthapuram,758280,South
CUST-03287,Anita Sharma,Small Business,India,Goa,Panaji,769903,West
CUST-03288,Priya Nair,Home Office,India,Tamil Nadu,Coimbatore,769840,South
CUST-03289,Arjun Singh,Small Business,India,Karnataka,Bengaluru,532027,South
CUST-03290,Anjali Das,Small Business,India,Jharkhand,Ranchi,997816,East
CUST-03291,Vikram Nair,Small Business,India,West Bengal,Kolkata,434808,East
CUST-03292,Preethi Reddy,Small Business,India,Andhra Pradesh,Visakhapatnam,710577,South
CUST-03293,Radha Nair,Corporate,India,Odisha,Bhubaneswar,560515,East
CUST-03294,Anita Menon,Corporate,India,Bihar,Gaya,139579,East
CUST-03295,Radha Singh,Corporate,India,West Bengal,Siliguri,271628,East
CUST-03296,Anita Pillai,Home Office,India,Punjab,Amritsar,676706,North
CUST-03297,Kavya Chatterjee,Corporate,India,Delhi,Dwarka,589227,North
CUST-03298,Ravi Patel,Consumer,India,Andhra Pradesh,Guntur,285268,South
CUST-03299,Meena Iyer,Home Office,India,West Bengal,Howrah,610715,East
CUST-03300,Kavya Iyer,Home Office,India,Maharashtra,Pune,103080,West
CUST-03301,Arjun Reddy,Consumer,India,Telangana,Hyderabad,691967,South
CUST-03302,Divya Rao,Home Office,India,Kerala,Kochi,978472,South
CUST-03303,Ravi Patel,Small Business,India,Rajasthan,Jodhpur,313275,West
CUST-03304,Rohan Nair,Home Office,India,Rajasthan,Jaipur,524744,West
CUST-03305,Vijay Kumar,Home Office,India,Uttar Pradesh,Lucknow,545385,North
CUST-03306,Kiran Chatterjee,Corporate,India,Bihar,Gaya,958962,East
CUST-03307,Manoj Mishra,Small Business,India,Haryana,Faridabad,728918,North
CUST-03308,Arun Nair,Small Business,India,Kerala,Thiruvananthapuram,882872,South
CUST-03309,Radha Sharma,Corporate,India,Haryana,Panchkula,931975,North
CUST-03310,Lakshmi Sharma,Small Business,India,Punjab,Amritsar,318897,North
CUST-03311,Deepa Pillai,Consumer,India,West Bengal,Kolkata,876333,East
CUST-03312,Rahul Nair,Home Office,India,West Bengal,Howrah,419217,East
CUST-03313,Lakshmi Gupta,Home Office,India,Tamil Nadu,Salem,357229,South
CUST-03314,Pooja Das,Small Business,India,Kerala,Kochi,246918,South
CUST-03315,Deepa Nair,Consumer,India,Andhra Pradesh,Guntur,328783,South
CUST-03316,Ashok Chatterjee,Home Office,India,West Bengal,Kolkata,764488,East
CUST-03317,  deepa mishra  ,Home Office,India,Andhra Pradesh,Guntur,992136,South
CUST-03318,Vikram Verma,Home Office,India,Delhi,New Delhi,287590,North
CUST-03319,Naveen Patel,Home Office,India,Karnataka,Hubballi,816540,South
CUST-03320,Neha Rao,Home Office,India,Rajasthan,Udaipur,100832,West
CUST-03321,Suresh Pillai,Consumer,India,Karnataka,Mysuru,496330,South
CUST-03322,Vikram Nair,Consumer,India,Andhra Pradesh,Visakhapatnam,197302,South
CUST-03323,Arjun Mishra,Home Office,India,Goa,Panaji,963921,West
CUST-03324,Meena Kumar,Home Office,India,Goa,Panaji,437883,West
CUST-03325,Divya Menon,Home Office,India,Punjab,Ludhiana,832288,North
CUST-03326,Neha Joshi,Home Office,India,Tamil Nadu,Madurai,189940,South
CUST-03327,Karthik Patel,Small Business,India,Tamil Nadu,Coimbatore,554174,South
CUST-03328,Shalini Kumar,Consumer,India,Gujarat,Ahmedabad,937216,West
CUST-03329,Sanjay Verma,Corporate,India,Maharashtra,Mumbai,415823,West
CUST-03330,Kiran Kumar,Corporate,India,Uttar Pradesh,Lucknow,548595,North
CUST-03331,SURESH GUPTA,Corporate,India,Bihar,Gaya,879140,East
CUST-03332,Sneha Menon,Small Business,India,Punjab,Ludhiana,294006,North
CUST-03333,Rahul Kumar,Corporate,India,Odisha,Cuttack,442298,East
CUST-03334,Shalini Nair,Small Business,India,Delhi,Dwarka,523326,North
CUST-03335,Rahul Nair,Small Business,India,Delhi,Dwarka,200084,North
CUST-03336,ARJUN NAIR,Corporate,India,Haryana,Panchkula,242274,North
CUST-03337,RAHUL RAO,Corporate,India,Goa,Panaji,236830,West
CUST-03338,Sanjay Nair,Consumer,India,West Bengal,Siliguri,128868,East
CUST-03339,Preethi Iyer,Corporate,India,Haryana,Faridabad,894993,North
CUST-03340,Divya Menon,Corporate,India,Tamil Nadu,Coimbatore,772915,South
CUST-03341,Divya Menon,Home Office,India,Uttar Pradesh,Noida,355073,North
CUST-03342,Rahul Nair,Corporate,India,Tamil Nadu,Salem,419059,South
CUST-03343,Lakshmi Mishra,Consumer,India,Maharashtra,Mumbai,931574,West
CUST-03344,Vikram Patel,Consumer,India,Uttar Pradesh,Kanpur,881632,North
CUST-03345,Kavya Mishra,Small Business,India,West Bengal,Howrah,802567,East
CUST-03346,Swathi Pillai,Small Business,India,Uttar Pradesh,Kanpur,752036,North
CUST-03347,Karthik Verma,Small Business,India,Bihar,Patna,286188,East
CUST-03348,Ganesh Iyer,Small Business,India,Karnataka,Mysuru,611626,South
CUST-03349,Kiran Sharma,Small Business,India,West Bengal,Kolkata,536790,East
CUST-03350,Pooja Rao,Home Office,India,Tamil Nadu,Madurai,523960,South
CUST-03351,Suresh Chatterjee,Home Office,India,Maharashtra,Mumbai,854638,West
CUST-03352,Ravi Das,Home Office,India,Haryana,Panchkula,898898,North
CUST-03353,Radha Chatterjee,Corporate,India,Gujarat,Ahmedabad,721166,West
CUST-03354,Kiran Mishra,Small Business,India,West Bengal,Siliguri,831740,East
CUST-03355,Anjali Verma,Home Office,India,Karnataka,Mysuru,322825,South
CUST-03356,Anjali Kumar,Consumer,India,Telangana,Warangal,922914,South
CUST-03357,Deepa Rao,Consumer,India,West Bengal,Kolkata,737973,East
CUST-03358,Arjun Iyer,Corporate,India,Haryana,Gurugram,512773,North
CUST-03359,Deepa Menon,Small Business,India,Maharashtra,Nashik,237152,West
CUST-03360,Vijay Kumar,Small Business,India,Haryana,Gurugram,387173,North
CUST-03361,Arun Nair,Home Office,India,Andhra Pradesh,Guntur,867469,South
CUST-03362,Meena Chatterjee,Home Office,India,Tamil Nadu,Chennai,720917,South
CUST-03363,Kiran Patel,Corporate,India,Uttar Pradesh,Lucknow,885032,North
CUST-03364,Sanjay Menon,Consumer,India,Tamil Nadu,Chennai,726888,South
CUST-03365,Shalini Singh,Small Business,India,Delhi,New Delhi,325686,North
CUST-03366,Karthik Reddy,Small Business,India,Uttar Pradesh,Kanpur,773218,North
CUST-03367,MANOJ IYER,Small Business,India,West Bengal,Kolkata,529914,East
CUST-03368,SWATHI RAO,Corporate,India,Tamil Nadu,Salem,444600,South
CUST-03369,Sanjay Reddy,Consumer,India,Uttar Pradesh,Noida,466901,North
CUST-03370,Lakshmi Patel,Consumer,India,Jharkhand,Ranchi,713523,East
CUST-03371,Suresh Patel,Small Business,India,Tamil Nadu,Salem,599371,South
CUST-03372,Swathi Patel,Consumer,India,Rajasthan,Jaipur,933162,West
CUST-03373,Ravi Patel,Consumer,India,Punjab,Jalandhar,863751,North
CUST-03374,VIKRAM SHARMA,Consumer,India,Punjab,Amritsar,363240,North
CUST-03375,Meena Iyer,Home Office,India,Delhi,Dwarka,149870,North
CUST-03376,Priya Nair,Small Business,India,Gujarat,Vadodara,689112,West
CUST-03377,Neha Sharma,Consumer,India,Jharkhand,Jamshedpur,175868,East
CUST-03378,Vijay Menon,Home Office,India,Karnataka,Bengaluru,626326,South
CUST-03379,Priya Menon,Consumer,India,Kerala,Thiruvananthapuram,307074,South
CUST-03380,Swathi Reddy,Consumer,India,Gujarat,Ahmedabad,978007,West
CUST-03381,Rahul Joshi,Consumer,India,Haryana,Gurugram,996755,North
CUST-03382,Shalini Reddy,Home Office,India,Goa,Panaji,814966,West
CUST-03383,Meena Mishra,Corporate,India,Odisha,Bhubaneswar,104517,East
CUST-03384,Karthik Singh,Corporate,India,Punjab,Jalandhar,225022,North
CUST-03385,Rahul Nair,Consumer,India,Gujarat,Ahmedabad,831067,West
CUST-03386,Deepa Pillai,Home Office,India,Gujarat,Ahmedabad,499050,West
CUST-03387,Neha Iyer,Small Business,India,Delhi,Rohini,768102,North
CUST-03388,Sanjay Reddy,Corporate,India,Rajasthan,Udaipur,400173,West
CUST-03389,Ashok Sharma,Corporate,India,Punjab,Amritsar,844474,North
CUST-03390,Kavya Das,Small Business,India,Odisha,Bhubaneswar,294559,East
CUST-03391,  rahul gupta  ,Small Business,India,Kerala,Thiruvananthapuram,284025,South
CUST-03392,Kiran Pillai,Consumer,India,Karnataka,Hubballi,610193,South
CUST-03393,Ravi Patel,Home Office,India,Gujarat,Vadodara,651248,West
CUST-03394,Lakshmi Rao,Home Office,India,Punjab,Ludhiana,132113,North
CUST-03395,Rahul Das,Small Business,India,Maharashtra,Pune,464766,West
CUST-03396,Ashok Nair,Consumer,India,Uttar Pradesh,Kanpur,570029,North
CUST-03397,Kiran Pillai,Consumer,India,Telangana,Hyderabad,484783,South
CUST-03398,Swathi Sharma,Home Office,India,Punjab,Jalandhar,408344,North
CUST-03399,Sanjay Das,Consumer,India,Uttar Pradesh,Kanpur,373339,North
CUST-03400,Divya Kumar,Small Business,India,Delhi,New Delhi,769171,North
CUST-03401,,Corporate,India,Gujarat,Ahmedabad,242161,West
CUST-03402,Kavya Gupta,Consumer,India,Tamil Nadu,Chennai,625863,South
CUST-03403,Rohan Rao,Corporate,India,Uttar Pradesh,Lucknow,679038,North
CUST-03404,Neha Patel,Corporate,India,Maharashtra,Nashik,442613,West
CUST-03405,Lakshmi Singh,Home Office,India,Delhi,Rohini,101351,North
CUST-03406,Manoj Reddy,Consumer,India,Tamil Nadu,Coimbatore,491145,South
CUST-03407,Arun Verma,Small Business,India,Tamil Nadu,Chennai,434164,South
CUST-03408,Ganesh Nair,Small Business,India,Delhi,New Delhi,929995,North
CUST-03409,POOJA JOSHI,Small Business,India,Rajasthan,Jodhpur,142923,West
CUST-03410,Radha Kumar,Home Office,India,Punjab,Amritsar,124882,North
CUST-03411,Rahul Rao,Home Office,India,Kerala,Kochi,180951,South
CUST-03412,Vijay Reddy,Home Office,India,West Bengal,Siliguri,375394,East
CUST-03413,Anita Nair,Corporate,India,Rajasthan,Jodhpur,138181,West
CUST-03414,Lakshmi Rao,Corporate,India,Delhi,Dwarka,504253,North
CUST-03415,Kiran Kumar,Small Business,India,Odisha,Cuttack,338387,East
CUST-03416,Divya Rao,Small Business,India,Odisha,Bhubaneswar,750709,East
CUST-03417,Anita Chatterjee,Consumer,India,Goa,Margao,703674,West
CUST-03418,POOJA JOSHI,Home Office,India,Andhra Pradesh,Vijayawada,721130,South
CUST-03419,Vijay Patel,Consumer,India,Uttar Pradesh,Kanpur,703888,North
CUST-03420,Kiran Sharma,Home Office,India,Bihar,Patna,412514,East
CUST-03421,Kavya Kumar,Consumer,India,Andhra Pradesh,Guntur,169916,South
CUST-03422,Manoj Patel,Consumer,India,Andhra Pradesh,Vijayawada,565622,South
CUST-03423,Karthik Rao,Consumer,India,Telangana,Warangal,796130,South
CUST-03424,Pooja Rao,Home Office,India,West Bengal,Howrah,121491,East
CUST-03425,Sneha Chatterjee,Home Office,India,Karnataka,Hubballi,382437,South
CUST-03426,Sneha Verma,Home Office,India,Delhi,New Delhi,657322,North
CUST-03427,Suresh Gupta,Consumer,India,Tamil Nadu,Salem,416126,South
CUST-03428,Rohan Singh,Home Office,India,Haryana,Faridabad,855128,North
CUST-03429,Divya Verma,Home Office,India,Rajasthan,Jaipur,454457,West
CUST-03430,Arun Chatterjee,Small Business,India,Uttar Pradesh,Kanpur,974613,North
CUST-03431,Sneha Pillai,Corporate,India,Maharashtra,Pune,164418,West
CUST-03432,Lakshmi Verma,Home Office,India,Odisha,Cuttack,728918,East
CUST-03433,RAHUL NAIR,Corporate,India,Gujarat,Vadodara,505667,West
CUST-03434,Naveen Nair,Small Business,India,Goa,Margao,556217,West
CUST-03435,Karthik Mishra,Small Business,India,Uttar Pradesh,Noida,204027,North
CUST-03436,Rohan Kumar,Small Business,India,Kerala,Kochi,191239,South
CUST-03437,Divya Pillai,Corporate,India,Odisha,Cuttack,352432,East
CUST-03438,Preethi Kumar,Corporate,India,Telangana,Hyderabad,332040,South
CUST-03439,Divya Rao,Consumer,India,Goa,Panaji,264512,West
CUST-03440,Arun Gupta,Small Business,India,Uttar Pradesh,Lucknow,147273,North
CUST-03441,Anjali Rao,Corporate,India,Tamil Nadu,Salem,491823,South
CUST-03442,Arun Sharma,Corporate,India,West Bengal,Siliguri,122731,East
CUST-03443,Sanjay Nair,Home Office,India,Uttar Pradesh,Kanpur,982572,North
CUST-03444,  deepa iyer  ,Home Office,India,Gujarat,Surat,875906,West
CUST-03445,Manoj Nair,Home Office,India,Tamil Nadu,Coimbatore,100493,South
CUST-03446,Vikram Nair,Consumer,India,Jharkhand,Jamshedpur,345715,East
CUST-03447,Radha Iyer,Small Business,India,Karnataka,Hubballi,447600,South
CUST-03448,Manoj Kumar,Home Office,India,Jharkhand,Jamshedpur,224014,East
CUST-03449,Ravi Reddy,Small Business,India,Punjab,Jalandhar,802629,North
CUST-03450,Kavya Verma,Corporate,India,Punjab,Ludhiana,461340,North
CUST-03451,Karthik Nair,Corporate,India,Delhi,Dwarka,921825,North
CUST-03452,Deepa Sharma,Consumer,India,Telangana,Warangal,794346,South
CUST-03453,Anjali Iyer,Small Business,India,Odisha,Cuttack,219408,East
CUST-03454,Arun Chatterjee,Small Business,India,West Bengal,Howrah,966024,East
CUST-03455,Rohan Menon,Consumer,India,Odisha,Cuttack,609916,East
CUST-03456,Rohan Chatterjee,Home Office,India,West Bengal,Howrah,641921,East
CUST-03457,  deepa iyer  ,Corporate,India,Punjab,Jalandhar,399962,North
CUST-03458,Anita Rao,Home Office,India,Maharashtra,Nagpur,970504,West
CUST-03459,Ganesh Nair,Consumer,India,Tamil Nadu,Madurai,837189,South
CUST-03460,Swathi Chatterjee,Corporate,India,Andhra Pradesh,Guntur,742363,South
CUST-03461,Ravi Patel,Corporate,India,Haryana,Gurugram,614734,North
CUST-03462,Karthik Verma,Corporate,India,Tamil Nadu,Salem,649236,South
CUST-03463,Preethi Kumar,Home Office,India,Andhra Pradesh,Guntur,942875,South
CUST-03464,Kavya Mishra,Consumer,India,Tamil Nadu,Coimbatore,486715,South
CUST-03465,Rahul Pillai,Corporate,India,Tamil Nadu,Coimbatore,947038,South
CUST-03466,Rahul Chatterjee,Small Business,India,West Bengal,Kolkata,592056,East
CUST-03467,  kavya gupta  ,Home Office,India,Uttar Pradesh,Noida,392219,North
CUST-03468,Kavya Nair,Small Business,India,Kerala,Thiruvananthapuram,106095,South
CUST-03469,Sanjay Verma,Consumer,India,Haryana,Faridabad,249940,North
CUST-03470,Ashok Das,Corporate,India,Bihar,Gaya,616098,East
CUST-03471,Arun Mishra,Corporate,India,Goa,Panaji,915400,West
CUST-03472,Karthik Nair,Home Office,India,Rajasthan,Udaipur,215602,West
CUST-03473,Arun Gupta,Corporate,India,Uttar Pradesh,Lucknow,925671,North
CUST-03474,Preethi Kumar,Small Business,India,Karnataka,Hubballi,461642,South
CUST-03475,Pooja Reddy,Consumer,India,Gujarat,Vadodara,405457,West
CUST-03476,Arjun Nair,Small Business,India,Punjab,Jalandhar,406818,North
CUST-03477,Rohan Rao,Corporate,India,Tamil Nadu,Chennai,566309,South
CUST-03478,Suresh Verma,Small Business,India,Punjab,Amritsar,852634,North
CUST-03479,Sanjay Menon,Corporate,India,Telangana,Warangal,760749,South
CUST-03480,Shalini Das,Consumer,India,Tamil Nadu,Chennai,104555,South
CUST-03481,Rohan Kumar,Home Office,India,Punjab,Ludhiana,855018,North
CUST-03482,Suresh Menon,Corporate,India,Tamil Nadu,Salem,889303,South
CUST-03483,Arun Gupta,Small Business,India,Bihar,Patna,666500,East
CUST-03484,Vikram Chatterjee,Home Office,India,Delhi,New Delhi,993199,North
CUST-03485,Ashok Das,Consumer,India,Goa,Margao,239545,West
CUST-03486,Ganesh Sharma,Corporate,India,Haryana,Faridabad,296919,North
CUST-03487,Radha Menon,Consumer,India,Andhra Pradesh,Vijayawada,152343,South
CUST-03488,DIVYA JOSHI,Consumer,India,Andhra Pradesh,Visakhapatnam,925316,South
CUST-03489,Arjun Sharma,Consumer,India,Karnataka,Hubballi,367681,South
CUST-03490,Pooja Chatterjee,Home Office,India,Andhra Pradesh,Guntur,633694,South
CUST-03491,Arjun Reddy,Corporate,India,Karnataka,Mysuru,640070,South
CUST-03492,Priya Menon,Consumer,India,Delhi,Rohini,754799,North
CUST-03493,Sanjay Singh,Small Business,India,Maharashtra,Pune,215332,West
CUST-03494,Karthik Sharma,Consumer,India,Uttar Pradesh,Lucknow,585060,North
CUST-03495,Kiran Menon,Consumer,India,Maharashtra,Nashik,835813,West
CUST-03496,Sanjay Das,Consumer,India,Gujarat,Vadodara,542913,West
CUST-03497,Sanjay Mishra,Corporate,India,Andhra Pradesh,Visakhapatnam,707274,South
CUST-03498,Preethi Sharma,Consumer,India,Jharkhand,Ranchi,436433,East
CUST-03499,Vikram Patel,Consumer,India,Andhra Pradesh,Visakhapatnam,774888,South
CUST-03500,Rohan Pillai,Corporate,India,Tamil Nadu,Madurai,482463,South
CUST-03501,Vijay Gupta,Small Business,India,Karnataka,Hubballi,266956,South
CUST-03502,Vijay Joshi,Consumer,India,Kerala,Kozhikode,686739,South
CUST-03503,Radha Das,Small Business,India,Maharashtra,Mumbai,674675,West
CUST-03504,Vijay Menon,Home Office,India,Delhi,New Delhi,258990,North
CUST-03505,Deepa Chatterjee,Corporate,India,Maharashtra,Mumbai,721309,West
CUST-03506,Anita Sharma,Corporate,India,Uttar Pradesh,Noida,435476,North
CUST-03507,  divya rao  ,Small Business,India,Delhi,New Delhi,942836,North
CUST-03508,Radha Joshi,Consumer,India,Haryana,Panchkula,857135,North
CUST-03509,Preethi Gupta,Small Business,India,Maharashtra,Nashik,931896,West
CUST-03510,Divya Reddy,Corporate,India,Gujarat,Surat,406697,West
CUST-03511,,Consumer,India,Tamil Nadu,Chennai,101149,South
CUST-03512,Radha Iyer,Consumer,India,Uttar Pradesh,Lucknow,176738,North
CUST-03513,Vikram Singh,Small Business,India,Odisha,Cuttack,404367,East
CUST-03514,Anita Joshi,Small Business,India,Bihar,Patna,794382,East
CUST-03515,Radha Das,Small Business,India,Haryana,Faridabad,810783,North
CUST-03516,POOJA CHATTERJEE,Small Business,India,Telangana,Hyderabad,907052,South
CUST-03517,  lakshmi chatterjee  ,Corporate,India,Gujarat,Vadodara,996212,West
CUST-03518,Lakshmi Pillai,Home Office,India,Uttar Pradesh,Lucknow,269320,North
CUST-03519,Ravi Pillai,Small Business,India,Tamil Nadu,Chennai,918236,South
CUST-03520,  naveen iyer  ,Home Office,India,Goa,Panaji,179627,West
CUST-03521,Arun Pillai,Small Business,India,Bihar,Patna,398334,East
CUST-03522,  rahul joshi  ,Consumer,India,West Bengal,Howrah,715245,East
CUST-03523,Ravi Reddy,Small Business,India,Delhi,Rohini,172606,North
CUST-03524,Arun Sharma,Home Office,India,Haryana,Panchkula,520820,North
CUST-03525,Preethi Mishra,Small Business,India,Kerala,Kozhikode,726915,South
CUST-03526,Rahul Singh,Corporate,India,Gujarat,Surat,624700,West
CUST-03527,Divya Singh,Small Business,India,Rajasthan,Udaipur,522491,West
CUST-03528,Ashok Das,Home Office,India,West Bengal,Howrah,506153,East
CUST-03529,Ashok Menon,Corporate,India,Punjab,Jalandhar,618893,North
CUST-03530,Vijay Nair,Home Office,India,Kerala,Kochi,511928,South
CUST-03531,,Home Office,India,Odisha,Bhubaneswar,234779,East
CUST-03532,  shalini sharma  ,Corporate,India,Bihar,Patna,870323,East
CUST-03533,Meena Chatterjee,Consumer,India,Delhi,Dwarka,435155,North
CUST-03534,Vikram Nair,Small Business,India,Gujarat,Ahmedabad,220105,West
CUST-03535,Kiran Menon,Small Business,India,Tamil Nadu,Madurai,435825,South
CUST-03536,RAVI MENON,Consumer,India,Delhi,New Delhi,193752,North
CUST-03537,Priya Rao,Small Business,India,Punjab,Amritsar,679909,North
CUST-03538,Meena Sharma,Corporate,India,Uttar Pradesh,Kanpur,652313,North
CUST-03539,Neha Gupta,Consumer,India,West Bengal,Kolkata,816117,East
CUST-03540,Ravi Rao,Small Business,India,West Bengal,Howrah,565024,East
CUST-03541,Sneha Kumar,Consumer,India,Gujarat,Surat,927189,West
CUST-03542,Arjun Iyer,Home Office,India,Andhra Pradesh,Visakhapatnam,994487,South
CUST-03543,Vijay Mishra,Corporate,India,Delhi,New Delhi,464361,North
CUST-03544,  priya pillai  ,Corporate,India,Odisha,Cuttack,675123,East
CUST-03545,Lakshmi Das,Small Business,India,Gujarat,Ahmedabad,312654,West
CUST-03546,Neha Reddy,Corporate,India,Jharkhand,Jamshedpur,423406,East
CUST-03547,Kavya Pillai,Consumer,India,West Bengal,Siliguri,130179,East
CUST-03548,Preethi Reddy,Small Business,India,Gujarat,Surat,619296,West
CUST-03549,Neha Menon,Small Business,India,Telangana,Warangal,347660,South
CUST-03550,Arun Iyer,Small Business,India,Jharkhand,Ranchi,786545,East
CUST-03551,Radha Chatterjee,Corporate,India,Uttar Pradesh,Kanpur,720887,North
CUST-03552,Naveen Kumar,Corporate,India,Rajasthan,Udaipur,833203,West
CUST-03553,Naveen Verma,Consumer,India,Uttar Pradesh,Noida,296357,North
CUST-03554,Rahul Reddy,Home Office,India,Haryana,Panchkula,439171,North
CUST-03555,Rahul Joshi,Consumer,India,Andhra Pradesh,Guntur,410783,South
CUST-03556,Anita Kumar,Consumer,India,Kerala,Thiruvananthapuram,130750,South
CUST-03557,Vijay Mishra,Small Business,India,Haryana,Gurugram,918632,North
CUST-03558,Karthik Nair,Small Business,India,Goa,Panaji,469601,West
CUST-03559,Karthik Reddy,Small Business,India,Kerala,Kochi,651112,South
CUST-03560,Priya Kumar,Corporate,India,Bihar,Gaya,732783,East
CUST-03561,  arjun mishra  ,Small Business,India,Rajasthan,Jodhpur,975844,West
CUST-03562,Anjali Kumar,Corporate,India,Uttar Pradesh,Lucknow,718293,North
CUST-03563,RAHUL KUMAR,Small Business,India,Punjab,Amritsar,775016,North
CUST-03564,Suresh Gupta,Consumer,India,Rajasthan,Udaipur,890873,West
CUST-03565,Sneha Gupta,Corporate,India,Tamil Nadu,Coimbatore,992319,South
CUST-03566,Neha Kumar,Consumer,India,Andhra Pradesh,Guntur,276316,South
CUST-03567,Arun Nair,Corporate,India,Karnataka,Bengaluru,923652,South
CUST-03568,Suresh Mishra,Small Business,India,Andhra Pradesh,Vijayawada,350838,South
CUST-03569,Arun Verma,Consumer,India,Gujarat,Ahmedabad,919875,West
CUST-03570,Swathi Pillai,Small Business,India,Telangana,Warangal,811237,South
CUST-03571,Deepa Menon,Home Office,India,Andhra Pradesh,Vijayawada,777318,South
CUST-03572,Anita Iyer,Small Business,India,Karnataka,Mysuru,499315,South
CUST-03573,Kavya Pillai,Home Office,India,Gujarat,Surat,308275,West
CUST-03574,Preethi Rao,Small Business,India,Odisha,Bhubaneswar,470329,East
CUST-03575,  vikram das  ,Home Office,India,Telangana,Hyderabad,970182,South
CUST-03576,,Small Business,India,Maharashtra,Nashik,482644,West
CUST-03577,Arjun Singh,Small Business,India,Tamil Nadu,Madurai,266794,South
CUST-03578,Naveen Patel,Small Business,India,Kerala,Kochi,355700,South
CUST-03579,Priya Pillai,Home Office,India,Delhi,Dwarka,900230,North
CUST-03580,  priya gupta  ,Small Business,India,Rajasthan,Jaipur,382213,West
CUST-03581,Manoj Menon,Corporate,India,Karnataka,Mysuru,280580,South
CUST-03582,Radha Joshi,Home Office,India,Uttar Pradesh,Lucknow,985560,North
CUST-03583,Kiran Kumar,Consumer,India,Tamil Nadu,Madurai,689538,South
CUST-03584,Pooja Reddy,Corporate,India,Andhra Pradesh,Visakhapatnam,140319,South
CUST-03585,Rahul Kumar,Consumer,India,Odisha,Bhubaneswar,293977,East
CUST-03586,Rohan Mishra,Corporate,India,Goa,Margao,377687,West
CUST-03587,Naveen Verma,Consumer,India,Tamil Nadu,Chennai,182490,South
CUST-03588,Arun Patel,Home Office,India,Uttar Pradesh,Noida,520589,North
CUST-03589,Neha Das,Corporate,India,Odisha,Cuttack,498777,East
CUST-03590,Arjun Pillai,Corporate,India,Gujarat,Ahmedabad,334298,West
CUST-03591,Rahul Iyer,Small Business,India,Karnataka,Bengaluru,762616,South
CUST-03592,Kiran Iyer,Home Office,India,Goa,Panaji,343427,West
CUST-03593,Meena Pillai,Corporate,India,Andhra Pradesh,Visakhapatnam,427852,South
CUST-03594,Kavya Nair,Consumer,India,Maharashtra,Nashik,295535,West
CUST-03595,Sanjay Reddy,Consumer,India,Haryana,Panchkula,986944,North
CUST-03596,Kavya Gupta,Consumer,India,Maharashtra,Mumbai,369828,West
CUST-03597,ARJUN REDDY,Small Business,India,Gujarat,Surat,921597,West
CUST-03598,Lakshmi Sharma,Corporate,India,Maharashtra,Mumbai,698757,West
CUST-03599,Shalini Rao,Home Office,India,West Bengal,Kolkata,726747,East
CUST-03600,Priya Singh,Home Office,India,Kerala,Kozhikode,134064,South
CUST-03601,Radha Nair,Small Business,India,Odisha,Cuttack,838091,East
CUST-03602,Sneha Menon,Corporate,India,Karnataka,Mysuru,919613,South
CUST-03603,Priya Singh,Consumer,India,Gujarat,Surat,460874,West
CUST-03604,Pooja Rao,Home Office,India,Telangana,Hyderabad,412244,South
CUST-03605,Shalini Rao,Home Office,India,Haryana,Gurugram,358281,North
CUST-03606,Sanjay Mishra,Consumer,India,Uttar Pradesh,Kanpur,735833,North
CUST-03607,Anita Singh,Corporate,India,West Bengal,Howrah,371330,East
CUST-03608,Kiran Singh,Home Office,India,Tamil Nadu,Madurai,557051,South
CUST-03609,Swathi Gupta,Small Business,India,Odisha,Bhubaneswar,713685,East
CUST-03610,Arun Das,Consumer,India,Uttar Pradesh,Lucknow,816512,North
CUST-03611,Sanjay Verma,Corporate,India,Punjab,Amritsar,573866,North
CUST-03612,Rohan Iyer,Small Business,India,Jharkhand,Jamshedpur,156177,East
CUST-03613,Ganesh Rao,Consumer,India,Telangana,Hyderabad,694752,South
CUST-03614,Kavya Joshi,Consumer,India,Haryana,Faridabad,910419,North
CUST-03615,Deepa Kumar,Home Office,India,Maharashtra,Pune,774726,West
CUST-03616,  anita iyer  ,Consumer,India,Andhra Pradesh,Vijayawada,306041,South
CUST-03617,Sneha Kumar,Small Business,India,Haryana,Panchkula,913814,North
CUST-03618,Neha Sharma,Home Office,India,Tamil Nadu,Salem,880954,South
CUST-03619,  rahul chatterjee  ,Small Business,India,Maharashtra,Pune,898210,West
CUST-03620,Arun Menon,Small Business,India,Karnataka,Mysuru,527910,South
CUST-03621,Ravi Nair,Small Business,India,Tamil Nadu,Madurai,927124,South
CUST-03622,Anjali Nair,Consumer,India,Maharashtra,Pune,280903,West
CUST-03623,  anjali patel  ,Consumer,India,Andhra Pradesh,Guntur,163026,South
CUST-03624,Anjali Gupta,Corporate,India,Andhra Pradesh,Vijayawada,934765,South
CUST-03625,Swathi Iyer,Consumer,India,Odisha,Cuttack,505521,East
CUST-03626,Naveen Kumar,Consumer,India,Tamil Nadu,Madurai,663579,South
CUST-03627,Anita Chatterjee,Small Business,India,Goa,Margao,113243,West
CUST-03628,Deepa Das,Consumer,India,Maharashtra,Nashik,293134,West
CUST-03629,Ravi Reddy,Consumer,India,Punjab,Ludhiana,596908,North
CUST-03630,  pooja kumar  ,Home Office,India,West Bengal,Siliguri,803900,East
CUST-03631,Pooja Iyer,Consumer,India,Haryana,Faridabad,919022,North
CUST-03632,Suresh Pillai,Small Business,India,Telangana,Warangal,734921,South
CUST-03633,Naveen Reddy,Small Business,India,Goa,Margao,295102,West
CUST-03634,Anita Reddy,Small Business,India,Bihar,Patna,891935,East
CUST-03635,Pooja Chatterjee,Small Business,India,Haryana,Gurugram,241004,North
CUST-03636,Neha Rao,Home Office,India,Delhi,Dwarka,490337,North
CUST-03637,Preethi Joshi,Consumer,India,Jharkhand,Jamshedpur,400412,East
CUST-03638,Radha Singh,Consumer,India,Odisha,Bhubaneswar,499277,East
CUST-03639,,Corporate,India,Maharashtra,Mumbai,314741,West
CUST-03640,Swathi Reddy,Small Business,India,Punjab,Amritsar,944665,North
CUST-03641,Kiran Reddy,Home Office,India,Andhra Pradesh,Vijayawada,294583,South
CUST-03642,Neha Das,Home Office,India,Tamil Nadu,Salem,535849,South
CUST-03643,Sanjay Chatterjee,Small Business,India,Goa,Panaji,635312,West
CUST-03644,Vijay Rao,Home Office,India,Delhi,New Delhi,129681,North
CUST-03645,Kiran Rao,Corporate,India,Telangana,Hyderabad,864345,South
CUST-03646,Sneha Nair,Consumer,India,Bihar,Gaya,722706,East
CUST-03647,  sanjay verma  ,Home Office,India,Goa,Margao,333889,West
CUST-03648,Anita Nair,Consumer,India,Goa,Panaji,198763,West
CUST-03649,Suresh Joshi,Corporate,India,Haryana,Faridabad,643785,North
CUST-03650,Ganesh Chatterjee,Small Business,India,West Bengal,Siliguri,156023,East
CUST-03651,Shalini Patel,Home Office,India,Rajasthan,Udaipur,600238,West
CUST-03652,Rahul Gupta,Small Business,India,Haryana,Panchkula,211626,North
CUST-03653,Shalini Verma,Consumer,India,Telangana,Warangal,473236,South
CUST-03654,Ashok Kumar,Small Business,India,Maharashtra,Mumbai,180708,West
CUST-03655,Preethi Verma,Consumer,India,Telangana,Warangal,355070,South
CUST-03656,Lakshmi Mishra,Home Office,India,Andhra Pradesh,Vijayawada,973257,South
CUST-03657,Kavya Reddy,Home Office,India,Telangana,Warangal,725667,South
CUST-03658,Arjun Iyer,Corporate,India,Punjab,Jalandhar,701839,North
CUST-03659,Ganesh Sharma,Corporate,India,Telangana,Hyderabad,656166,South
CUST-03660,Naveen Kumar,Small Business,India,Gujarat,Ahmedabad,180593,West
CUST-03661,Ravi Gupta,Corporate,India,Haryana,Faridabad,507914,North
CUST-03662,DIVYA RAO,Home Office,India,Punjab,Amritsar,593047,North
CUST-03663,Preethi Sharma,Consumer,India,Kerala,Kochi,822727,South
CUST-03664,Anita Singh,Home Office,India,Andhra Pradesh,Vijayawada,640948,South
CUST-03665,Naveen Rao,Consumer,India,Odisha,Cuttack,726735,East
CUST-03666,Vikram Nair,Home Office,India,Uttar Pradesh,Lucknow,437805,North
CUST-03667,Lakshmi Gupta,Consumer,India,Kerala,Thiruvananthapuram,684739,South
CUST-03668,Naveen Patel,Corporate,India,Gujarat,Ahmedabad,541420,West
CUST-03669,Sneha Menon,Consumer,India,Telangana,Hyderabad,950497,South
CUST-03670,Lakshmi Patel,Consumer,India,Andhra Pradesh,Visakhapatnam,370750,South
CUST-03671,Rahul Rao,Small Business,India,Haryana,Gurugram,429201,North
CUST-03672,Ashok Joshi,Home Office,India,Goa,Margao,519370,West
CUST-03673,Kavya Singh,Small Business,India,Andhra Pradesh,Vijayawada,926550,South
CUST-03674,Neha Gupta,Small Business,India,Bihar,Patna,212838,East
CUST-03675,Kiran Iyer,Consumer,India,Telangana,Warangal,519912,South
CUST-03676,Deepa Menon,Consumer,India,Maharashtra,Mumbai,574817,West
CUST-03677,Anjali Singh,Corporate,India,Delhi,New Delhi,840658,North
CUST-03678,Anita Patel,Corporate,India,Haryana,Gurugram,821782,North
CUST-03679,Anjali Gupta,Small Business,India,Jharkhand,Ranchi,346088,East
CUST-03680,Neha Reddy,Home Office,India,West Bengal,Siliguri,929321,East
CUST-03681,Neha Patel,Consumer,India,Uttar Pradesh,Lucknow,801918,North
CUST-03682,Vijay Pillai,Home Office,India,Delhi,New Delhi,831598,North
CUST-03683,Karthik Reddy,Small Business,India,Odisha,Bhubaneswar,871582,East
CUST-03684,Suresh Kumar,Home Office,India,West Bengal,Kolkata,941698,East
CUST-03685,Neha Iyer,Consumer,India,Tamil Nadu,Chennai,590165,South
CUST-03686,Naveen Verma,Consumer,India,Punjab,Jalandhar,817621,North
CUST-03687,Karthik Iyer,Corporate,India,Delhi,Dwarka,774238,North
CUST-03688,Anita Gupta,Corporate,India,Delhi,Rohini,764978,North
CUST-03689,Ganesh Das,Corporate,India,Goa,Margao,281685,West
CUST-03690,Karthik Patel,Consumer,India,Punjab,Jalandhar,975313,North
CUST-03691,Lakshmi Kumar,Corporate,India,West Bengal,Kolkata,931572,East
CUST-03692,Kiran Nair,Small Business,India,Karnataka,Hubballi,102307,South
CUST-03693,Suresh Das,Home Office,India,Tamil Nadu,Chennai,311363,South
CUST-03694,Anjali Patel,Home Office,India,Tamil Nadu,Salem,595598,South
CUST-03695,Kavya Patel,Small Business,India,Jharkhand,Ranchi,139093,East
CUST-03696,Meena Rao,Corporate,India,Jharkhand,Ranchi,689320,East
CUST-03697,  rahul verma  ,Home Office,India,Delhi,Dwarka,571614,North
CUST-03698,Preethi Pillai,Home Office,India,Uttar Pradesh,Noida,895993,North
CUST-03699,Naveen Kumar,Small Business,India,Tamil Nadu,Madurai,696973,South
CUST-03700,Meena Verma,Consumer,India,Tamil Nadu,Salem,438392,South
CUST-03701,,Corporate,India,Haryana,Faridabad,941553,North
CUST-03702,Vijay Verma,Small Business,India,Karnataka,Mysuru,242998,South
CUST-03703,Anita Chatterjee,Small Business,India,Odisha,Bhubaneswar,495618,East
CUST-03704,Suresh Mishra,Consumer,India,Delhi,Dwarka,528430,North
CUST-03705,Preethi Das,Consumer,India,Goa,Panaji,153991,West
CUST-03706,Karthik Kumar,Home Office,India,Tamil Nadu,Salem,937204,South
CUST-03707,Manoj Reddy,Small Business,India,Kerala,Kozhikode,511239,South
CUST-03708,Arun Verma,Small Business,India,Punjab,Amritsar,669187,North
CUST-03709,Swathi Singh,Corporate,India,Karnataka,Bengaluru,690322,South
CUST-03710,Pooja Das,Home Office,India,Rajasthan,Udaipur,642242,West
CUST-03711,Rahul Kumar,Small Business,India,West Bengal,Siliguri,451402,East
CUST-03712,Anjali Joshi,Consumer,India,Kerala,Kozhikode,425967,South
CUST-03713,Ashok Gupta,Consumer,India,Rajasthan,Jodhpur,555746,West
CUST-03714,Ashok Verma,Home Office,India,Maharashtra,Pune,230413,West
CUST-03715,Preethi Rao,Small Business,India,Rajasthan,Jaipur,439451,West
CUST-03716,Naveen Singh,Consumer,India,Gujarat,Surat,927940,West
CUST-03717,Kiran Singh,Small Business,India,Rajasthan,Udaipur,356370,West
CUST-03718,  vikram verma  ,Corporate,India,Gujarat,Surat,467834,West
CUST-03719,Karthik Nair,Small Business,India,Maharashtra,Pune,675952,West
CUST-03720,Kiran Menon,Home Office,India,Delhi,New Delhi,895965,North
CUST-03721,RADHA JOSHI,Small Business,India,Maharashtra,Nagpur,467293,West
CUST-03722,Vikram Chatterjee,Corporate,India,Kerala,Thiruvananthapuram,535110,South
CUST-03723,Suresh Singh,Corporate,India,Odisha,Cuttack,394921,East
CUST-03724,Lakshmi Chatterjee,Corporate,India,Jharkhand,Jamshedpur,874635,East
CUST-03725,Rohan Menon,Small Business,India,Tamil Nadu,Coimbatore,488794,South
CUST-03726,Anita Sharma,Consumer,India,Maharashtra,Pune,330519,West
CUST-03727,Manoj Mishra,Small Business,India,Maharashtra,Mumbai,281465,West
CUST-03728,Manoj Verma,Small Business,India,Bihar,Patna,143138,East
CUST-03729,Vijay Pillai,Home Office,India,West Bengal,Kolkata,385857,East
CUST-03730,Ravi Verma,Home Office,India,Haryana,Panchkula,715968,North
CUST-03731,Suresh Kumar,Small Business,India,Tamil Nadu,Madurai,599330,South
CUST-03732,Suresh Nair,Small Business,India,Delhi,Dwarka,603335,North
CUST-03733,Pooja Menon,Consumer,India,Kerala,Kochi,192554,South
CUST-03734,  vijay menon  ,Consumer,India,Punjab,Ludhiana,752204,North
CUST-03735,Preethi Patel,Small Business,India,Jharkhand,Jamshedpur,135124,East
CUST-03736,Anjali Singh,Home Office,India,Jharkhand,Ranchi,376186,East
CUST-03737,Kiran Das,Home Office,India,Andhra Pradesh,Vijayawada,357951,South
CUST-03738,ROHAN DAS,Consumer,India,Maharashtra,Mumbai,133440,West
CUST-03739,Manoj Kumar,Consumer,India,Rajasthan,Udaipur,872656,West
CUST-03740,Ganesh Pillai,Consumer,India,Telangana,Warangal,181575,South
CUST-03741,Ganesh Chatterjee,Consumer,India,Kerala,Thiruvananthapuram,184252,South
CUST-03742,Vikram Mishra,Small Business,India,Karnataka,Mysuru,521310,South
CUST-03743,Kavya Iyer,Small Business,India,Gujarat,Surat,774062,West
CUST-03744,Manoj Das,Small Business,India,Telangana,Hyderabad,803819,South
CUST-03745,Anita Pillai,Home Office,India,Bihar,Gaya,239635,East
CUST-03746,  arun iyer  ,Corporate,India,Karnataka,Mysuru,853222,South
CUST-03747,Sneha Gupta,Home Office,India,Gujarat,Ahmedabad,543351,West
CUST-03748,Swathi Rao,Small Business,India,West Bengal,Kolkata,661019,East
CUST-03749,Pooja Iyer,Small Business,India,Tamil Nadu,Salem,192525,South
CUST-03750,Preethi Rao,Consumer,India,Tamil Nadu,Salem,678565,South
CUST-03751,SNEHA PATEL,Home Office,India,Maharashtra,Nagpur,413767,West
CUST-03752,Rahul Patel,Consumer,India,Karnataka,Hubballi,208120,South
CUST-03753,Radha Rao,Corporate,India,Gujarat,Surat,604208,West
CUST-03754,Anita Das,Small Business,India,Telangana,Warangal,425156,South
CUST-03755,,Corporate,India,Punjab,Amritsar,630036,North
CUST-03756,Pooja Pillai,Small Business,India,Tamil Nadu,Chennai,380531,South
CUST-03757,Vikram Pillai,Consumer,India,West Bengal,Howrah,275937,East
CUST-03758,Lakshmi Sharma,Home Office,India,Rajasthan,Udaipur,647896,West
CUST-03759,Radha Gupta,Home Office,India,Rajasthan,Jodhpur,493329,West
CUST-03760,Preethi Reddy,Home Office,India,Andhra Pradesh,Guntur,583095,South
CUST-03761,Preethi Reddy,Home Office,India,Goa,Panaji,331042,West
CUST-03762,Ashok Sharma,Corporate,India,Jharkhand,Ranchi,158182,East
CUST-03763,Sanjay Menon,Corporate,India,Karnataka,Bengaluru,233310,South
CUST-03764,Ashok Pillai,Corporate,India,Rajasthan,Udaipur,585816,West
CUST-03765,Anita Reddy,Home Office,India,Uttar Pradesh,Kanpur,166389,North
CUST-03766,Karthik Singh,Consumer,India,Jharkhand,Ranchi,521084,East
CUST-03767,  pooja pillai  ,Consumer,India,Tamil Nadu,Chennai,990214,South
CUST-03768,Priya Singh,Small Business,India,Karnataka,Hubballi,110761,South
CUST-03769,Ashok Sharma,Small Business,India,West Bengal,Kolkata,876367,East
CUST-03770,Rahul Verma,Small Business,India,Maharashtra,Nagpur,526536,West
CUST-03771,Ashok Singh,Corporate,India,Haryana,Faridabad,921124,North
CUST-03772,Lakshmi Patel,Consumer,India,Kerala,Kozhikode,260118,South
CUST-03773,Radha Reddy,Consumer,India,Delhi,Dwarka,539721,North
CUST-03774,Sanjay Iyer,Corporate,India,Delhi,Dwarka,161733,North
CUST-03775,Divya Chatterjee,Small Business,India,Rajasthan,Jaipur,248263,West
CUST-03776,Karthik Joshi,Small Business,India,Andhra Pradesh,Visakhapatnam,769029,South
CUST-03777,Ganesh Chatterjee,Corporate,India,Uttar Pradesh,Lucknow,131957,North
CUST-03778,Ravi Iyer,Consumer,India,Jharkhand,Jamshedpur,104070,East
CUST-03779,Kiran Pillai,Corporate,India,Gujarat,Ahmedabad,235797,West
CUST-03780,Sneha Nair,Small Business,India,Delhi,Dwarka,148891,North
CUST-03781,Deepa Nair,Corporate,India,Karnataka,Bengaluru,944168,South
CUST-03782,Pooja Iyer,Corporate,India,Karnataka,Hubballi,450934,South
CUST-03783,Arjun Kumar,Small Business,India,Bihar,Gaya,254580,East
CUST-03784,Arun Gupta,Consumer,India,Uttar Pradesh,Kanpur,374881,North
CUST-03785,Deepa Patel,Small Business,India,Maharashtra,Pune,943729,West
CUST-03786,Ravi Kumar,Home Office,India,Karnataka,Bengaluru,187484,South
CUST-03787,Priya Reddy,Home Office,India,Andhra Pradesh,Guntur,445221,South
CUST-03788,Deepa Mishra,Home Office,India,Jharkhand,Ranchi,499420,East
CUST-03789,Lakshmi Rao,Small Business,India,Punjab,Amritsar,316010,North
CUST-03790,Ashok Nair,Consumer,India,Goa,Panaji,124148,West
CUST-03791,Neha Chatterjee,Small Business,India,Delhi,New Delhi,393016,North
CUST-03792,ASHOK IYER,Consumer,India,Rajasthan,Udaipur,745292,West
CUST-03793,Rahul Reddy,Home Office,India,Jharkhand,Ranchi,865750,East
CUST-03794,Vijay Verma,Corporate,India,Jharkhand,Ranchi,357836,East
CUST-03795,Ganesh Reddy,Consumer,India,Karnataka,Bengaluru,581927,South
CUST-03796,Neha Rao,Consumer,India,Goa,Panaji,475817,West
CUST-03797,  priya verma  ,Corporate,India,Jharkhand,Ranchi,331801,East
CUST-03798,Neha Patel,Small Business,India,Gujarat,Surat,896015,West
CUST-03799,Naveen Verma,Corporate,India,Andhra Pradesh,Guntur,822224,South
CUST-03800,Swathi Gupta,Corporate,India,Uttar Pradesh,Noida,651065,North
CUST-03801,Divya Menon,Home Office,India,Uttar Pradesh,Lucknow,357393,North
CUST-03802,Rahul Das,Home Office,India,Rajasthan,Jaipur,862831,West
CUST-03803,Kavya Joshi,Small Business,India,Gujarat,Surat,119369,West
CUST-03804,Suresh Patel,Small Business,India,Rajasthan,Udaipur,441263,West
CUST-03805,Vikram Iyer,Home Office,India,Maharashtra,Nashik,438037,West
CUST-03806,Sneha Joshi,Small Business,India,Karnataka,Mysuru,663556,South
CUST-03807,Ravi Singh,Corporate,India,Gujarat,Vadodara,504510,West
CUST-03808,Anita Reddy,Small Business,India,West Bengal,Kolkata,748878,East
CUST-03809,Kavya Pillai,Home Office,India,Kerala,Thiruvananthapuram,175436,South
CUST-03810,Lakshmi Chatterjee,Small Business,India,Maharashtra,Pune,655103,West
CUST-03811,Priya Menon,Corporate,India,Andhra Pradesh,Visakhapatnam,872169,South
CUST-03812,Naveen Sharma,Home Office,India,Punjab,Jalandhar,895450,North
CUST-03813,Radha Patel,Home Office,India,Uttar Pradesh,Lucknow,232385,North
CUST-03814,Vijay Gupta,Small Business,India,Maharashtra,Nashik,500105,West
CUST-03815,Suresh Das,Consumer,India,West Bengal,Siliguri,827877,East
CUST-03816,  priya patel  ,Corporate,India,Delhi,New Delhi,932185,North
CUST-03817,Naveen Verma,Corporate,India,Tamil Nadu,Coimbatore,559940,South
CUST-03818,  anita joshi  ,Home Office,India,Haryana,Gurugram,462723,North
CUST-03819,Anjali Nair,Small Business,India,Telangana,Hyderabad,142889,South
CUST-03820,Sanjay Nair,Consumer,India,Gujarat,Ahmedabad,242640,West
CUST-03821,Ravi Singh,Consumer,India,West Bengal,Kolkata,701238,East
CUST-03822,  naveen pillai  ,Corporate,India,Telangana,Warangal,566036,South
CUST-03823,Karthik Pillai,Corporate,India,Kerala,Thiruvananthapuram,857758,South
CUST-03824,Manoj Verma,Corporate,India,Kerala,Thiruvananthapuram,675691,South
CUST-03825,Suresh Menon,Small Business,India,Goa,Margao,488791,West
CUST-03826,Sanjay Kumar,Consumer,India,Maharashtra,Pune,688438,West
CUST-03827,Shalini Reddy,Consumer,India,Goa,Margao,629397,West
CUST-03828,Ganesh Patel,Home Office,India,Kerala,Kochi,200639,South
CUST-03829,Divya Das,Corporate,India,Karnataka,Mysuru,750025,South
CUST-03830,Vijay Verma,Small Business,India,Odisha,Bhubaneswar,698070,East
CUST-03831,Vijay Verma,Small Business,India,Goa,Panaji,138483,West
CUST-03832,Suresh Menon,Home Office,India,West Bengal,Howrah,975922,East
CUST-03833,Swathi Joshi,Small Business,India,Haryana,Gurugram,452621,North
CUST-03834,Arun Patel,Small Business,India,West Bengal,Kolkata,156380,East
CUST-03835,Preethi Reddy,Home Office,India,Andhra Pradesh,Visakhapatnam,320734,South
CUST-03836,Swathi Sharma,Home Office,India,Haryana,Faridabad,229047,North
CUST-03837,Vijay Singh,Corporate,India,West Bengal,Kolkata,375597,East
CUST-03838,Ravi Joshi,Home Office,India,Haryana,Panchkula,281349,North
CUST-03839,Sanjay Patel,Home Office,India,Haryana,Gurugram,334095,North
CUST-03840,Meena Reddy,Home Office,India,Telangana,Hyderabad,659905,South
CUST-03841,Swathi Verma,Corporate,India,Uttar Pradesh,Lucknow,349338,North
CUST-03842,Arun Pillai,Home Office,India,Gujarat,Ahmedabad,883115,West
CUST-03843,Kiran Das,Corporate,India,Telangana,Hyderabad,146463,South
CUST-03844,Suresh Reddy,Corporate,India,Tamil Nadu,Chennai,530487,South
CUST-03845,Kiran Singh,Home Office,India,Maharashtra,Pune,101972,West
CUST-03846,Ganesh Mishra,Consumer,India,West Bengal,Howrah,851113,East
CUST-03847,Deepa Rao,Home Office,India,Karnataka,Hubballi,230532,South
CUST-03848,Arjun Menon,Home Office,India,Gujarat,Ahmedabad,397167,West
CUST-03849,Arun Menon,Small Business,India,Goa,Margao,964703,West
CUST-03850,  swathi kumar  ,Consumer,India,Odisha,Bhubaneswar,987497,East
CUST-03851,Sanjay Mishra,Home Office,India,Rajasthan,Udaipur,928980,West
CUST-03852,Lakshmi Gupta,Home Office,India,Gujarat,Vadodara,427785,West
CUST-03853,Divya Pillai,Corporate,India,Goa,Panaji,949789,West
CUST-03854,Kavya Mishra,Corporate,India,Telangana,Hyderabad,809734,South
CUST-03855,  anjali pillai  ,Home Office,India,Odisha,Cuttack,934229,East
CUST-03856,Priya Mishra,Corporate,India,Haryana,Panchkula,239292,North
CUST-03857,Shalini Pillai,Corporate,India,Haryana,Gurugram,889872,North
CUST-03858,Lakshmi Mishra,Small Business,India,Kerala,Kochi,272982,South
CUST-03859,Sanjay Rao,Small Business,India,Kerala,Thiruvananthapuram,603090,South
CUST-03860,Ravi Patel,Corporate,India,Gujarat,Vadodara,123432,West
CUST-03861,Arun Sharma,Corporate,India,Maharashtra,Nagpur,806262,West
CUST-03862,Pooja Nair,Consumer,India,Andhra Pradesh,Guntur,964406,South
CUST-03863,Swathi Das,Small Business,India,Tamil Nadu,Madurai,864893,South
CUST-03864,Shalini Iyer,Small Business,India,Uttar Pradesh,Lucknow,631187,North
CUST-03865,Rohan Nair,Corporate,India,Tamil Nadu,Chennai,935467,South
CUST-03866,Preethi Gupta,Consumer,India,Andhra Pradesh,Guntur,186621,South
CUST-03867,Shalini Nair,Home Office,India,Kerala,Kozhikode,949359,South
CUST-03868,Suresh Patel,Corporate,India,Andhra Pradesh,Guntur,490386,South
CUST-03869,Meena Iyer,Consumer,India,Haryana,Faridabad,646068,North
CUST-03870,Vijay Verma,Small Business,India,Punjab,Jalandhar,324216,North
CUST-03871,Swathi Verma,Corporate,India,Uttar Pradesh,Lucknow,160753,North
CUST-03872,Ravi Menon,Small Business,India,Maharashtra,Pune,978183,West
CUST-03873,  ashok patel  ,Home Office,India,Gujarat,Ahmedabad,184170,West
CUST-03874,Karthik Patel,Corporate,India,Odisha,Bhubaneswar,647595,East
CUST-03875,Ashok Reddy,Small Business,India,Haryana,Faridabad,293550,North
CUST-03876,Vikram Kumar,Small Business,India,Gujarat,Surat,605081,West
CUST-03877,Anita Kumar,Small Business,India,Telangana,Warangal,793528,South
CUST-03878,,Home Office,India,Uttar Pradesh,Lucknow,876431,North
CUST-03879,Kavya Joshi,Consumer,India,Bihar,Patna,979060,East
CUST-03880,Rohan Sharma,Small Business,India,Karnataka,Hubballi,672103,South
CUST-03881,Sanjay Rao,Corporate,India,Delhi,Rohini,337175,North
CUST-03882,Sanjay Patel,Small Business,India,West Bengal,Kolkata,550258,East
CUST-03883,PRIYA VERMA,Corporate,India,Bihar,Gaya,817945,East
CUST-03884,Shalini Patel,Small Business,India,Rajasthan,Udaipur,134802,West
CUST-03885,Naveen Reddy,Small Business,India,Bihar,Gaya,725143,East
CUST-03886,Preethi Pillai,Consumer,India,Rajasthan,Jodhpur,701744,West
CUST-03887,Sanjay Mishra,Home Office,India,Delhi,New Delhi,584831,North
CUST-03888,Karthik Rao,Corporate,India,West Bengal,Howrah,517305,East
CUST-03889,Shalini Kumar,Consumer,India,Haryana,Panchkula,282695,North
CUST-03890,Neha Mishra,Home Office,India,Andhra Pradesh,Vijayawada,931171,South
CUST-03891,Lakshmi Rao,Home Office,India,Tamil Nadu,Chennai,910237,South
CUST-03892,Vikram Iyer,Home Office,India,Delhi,New Delhi,528084,North
CUST-03893,Karthik Joshi,Home Office,India,Kerala,Kochi,454494,South
CUST-03894,Pooja Reddy,Consumer,India,Delhi,Dwarka,270838,North
CUST-03895,Rohan Rao,Home Office,India,Tamil Nadu,Chennai,190996,South
CUST-03896,Deepa Kumar,Small Business,India,Tamil Nadu,Coimbatore,455335,South
CUST-03897,Deepa Kumar,Home Office,India,Tamil Nadu,Chennai,134244,South
CUST-03898,  ganesh singh  ,Home Office,India,Punjab,Amritsar,235863,North
CUST-03899,Karthik Chatterjee,Corporate,India,Karnataka,Bengaluru,667143,South
CUST-03900,Vikram Rao,Home Office,India,Maharashtra,Pune,503895,West
CUST-03901,SANJAY MISHRA,Small Business,India,Maharashtra,Nagpur,799642,West
CUST-03902,Suresh Rao,Small Business,India,Kerala,Kochi,440365,South
CUST-03903,Karthik Joshi,Corporate,India,Tamil Nadu,Madurai,146774,South
CUST-03904,Anita Mishra,Small Business,India,Kerala,Kozhikode,891601,South
CUST-03905,Divya Kumar,Home Office,India,Kerala,Kochi,669214,South
CUST-03906,Ravi Mishra,Corporate,India,Jharkhand,Ranchi,940950,East
CUST-03907,Sanjay Kumar,Home Office,India,Kerala,Kozhikode,986178,South
CUST-03908,Preethi Pillai,Home Office,India,Goa,Panaji,853002,West
CUST-03909,Divya Sharma,Small Business,India,Maharashtra,Nashik,704116,West
CUST-03910,Swathi Pillai,Small Business,India,Telangana,Warangal,458005,South
CUST-03911,Sneha Chatterjee,Corporate,India,Odisha,Cuttack,704624,East
CUST-03912,Swathi Kumar,Consumer,India,Tamil Nadu,Salem,708142,South
CUST-03913,Arjun Pillai,Consumer,India,Jharkhand,Jamshedpur,537111,East
CUST-03914,Lakshmi Gupta,Small Business,India,West Bengal,Siliguri,852697,East
CUST-03915,Shalini Joshi,Small Business,India,Delhi,Rohini,755145,North
CUST-03916,Pooja Mishra,Corporate,India,Delhi,Rohini,893634,North
CUST-03917,Sanjay Rao,Corporate,India,Gujarat,Ahmedabad,591190,West
CUST-03918,Karthik Iyer,Corporate,India,Punjab,Ludhiana,559071,North
CUST-03919,Kavya Gupta,Consumer,India,Uttar Pradesh,Kanpur,792782,North
CUST-03920,Sneha Singh,Corporate,India,Tamil Nadu,Chennai,271928,South
CUST-03921,Shalini Nair,Corporate,India,Tamil Nadu,Salem,746743,South
CUST-03922,  naveen kumar  ,Home Office,India,Andhra Pradesh,Guntur,693492,South
CUST-03923,Lakshmi Pillai,Corporate,India,West Bengal,Siliguri,236854,East
CUST-03924,Vijay Nair,Consumer,India,Goa,Margao,420361,West
CUST-03925,Naveen Sharma,Small Business,India,Delhi,Rohini,923624,North
CUST-03926,Naveen Verma,Small Business,India,Karnataka,Hubballi,657536,South
CUST-03927,Ganesh Kumar,Home Office,India,Karnataka,Bengaluru,274817,South
CUST-03928,Shalini Kumar,Small Business,India,Kerala,Thiruvananthapuram,359607,South
CUST-03929,Pooja Verma,Small Business,India,Delhi,Dwarka,602971,North
CUST-03930,Sanjay Kumar,Consumer,India,Odisha,Cuttack,289190,East
CUST-03931,Divya Rao,Consumer,India,Punjab,Amritsar,603878,North
CUST-03932,Ashok Verma,Small Business,India,Rajasthan,Jodhpur,520776,West
CUST-03933,Swathi Nair,Small Business,India,Rajasthan,Jaipur,950510,West
CUST-03934,Ashok Joshi,Consumer,India,Tamil Nadu,Chennai,966507,South
CUST-03935,Pooja Das,Consumer,India,Uttar Pradesh,Kanpur,704270,North
CUST-03936,Meena Reddy,Corporate,India,Maharashtra,Mumbai,108747,West
CUST-03937,ARUN JOSHI,Home Office,India,Delhi,New Delhi,120327,North
CUST-03938,ARJUN JOSHI,Consumer,India,Kerala,Kochi,454917,South
CUST-03939,Swathi Gupta,Consumer,India,Jharkhand,Ranchi,837472,East
CUST-03940,Pooja Patel,Home Office,India,Punjab,Amritsar,517699,North
CUST-03941,Ravi Iyer,Small Business,India,Punjab,Ludhiana,382130,North
CUST-03942,Anita Kumar,Corporate,India,Haryana,Gurugram,472781,North
CUST-03943,Suresh Gupta,Small Business,India,Punjab,Ludhiana,340975,North
CUST-03944,Meena Menon,Home Office,India,Tamil Nadu,Chennai,114047,South
CUST-03945,Ravi Menon,Consumer,India,Telangana,Hyderabad,660892,South
CUST-03946,Rahul Mishra,Corporate,India,Goa,Margao,260986,West
CUST-03947,Swathi Verma,Consumer,India,Gujarat,Surat,837877,West
CUST-03948,Priya Reddy,Small Business,India,Rajasthan,Udaipur,553284,West
CUST-03949,Rohan Kumar,Home Office,India,West Bengal,Kolkata,235399,East
CUST-03950,Neha Nair,Home Office,India,Rajasthan,Jodhpur,858982,West
CUST-03951,Ganesh Mishra,Home Office,India,Delhi,New Delhi,971723,North
CUST-03952,Ganesh Verma,Consumer,India,Gujarat,Surat,269371,West
CUST-03953,Pooja Verma,Small Business,India,Haryana,Faridabad,181081,North
CUST-03954,Karthik Singh,Consumer,India,Goa,Margao,272882,West
CUST-03955,Manoj Singh,Home Office,India,Bihar,Patna,216076,East
CUST-03956,Naveen Rao,Corporate,India,Goa,Panaji,532060,West
CUST-03957,Radha Rao,Corporate,India,Bihar,Patna,173494,East
CUST-03958,Shalini Joshi,Corporate,India,Jharkhand,Ranchi,571368,East
CUST-03959,Manoj Joshi,Home Office,India,Uttar Pradesh,Noida,888000,North
CUST-03960,Ashok Verma,Small Business,India,Kerala,Kochi,752881,South
CUST-03961,Sanjay Pillai,Home Office,India,Maharashtra,Nashik,215676,West
CUST-03962,Anjali Sharma,Consumer,India,Uttar Pradesh,Noida,743179,North
CUST-03963,Kiran Kumar,Corporate,India,West Bengal,Siliguri,411247,East
CUST-03964,,Home Office,India,Jharkhand,Ranchi,152260,East
CUST-03965,Karthik Das,Small Business,India,Bihar,Patna,471548,East
CUST-03966,Sneha Chatterjee,Corporate,India,Andhra Pradesh,Guntur,828259,South
CUST-03967,Priya Rao,Corporate,India,Telangana,Warangal,919871,South
CUST-03968,Suresh Sharma,Home Office,India,Haryana,Gurugram,811741,North
CUST-03969,Divya Mishra,Corporate,India,Uttar Pradesh,Kanpur,959404,North
CUST-03970,Preethi Verma,Consumer,India,Telangana,Warangal,699342,South
CUST-03971,Rohan Rao,Home Office,India,Tamil Nadu,Salem,445987,South
CUST-03972,Neha Rao,Home Office,India,West Bengal,Siliguri,898987,East
CUST-03973,DEEPA JOSHI,Corporate,India,Punjab,Jalandhar,470054,North
CUST-03974,Sneha Gupta,Corporate,India,Maharashtra,Mumbai,906510,West
CUST-03975,Sanjay Verma,Corporate,India,Delhi,New Delhi,144780,North
CUST-03976,Ravi Sharma,Small Business,India,Maharashtra,Mumbai,415216,West
CUST-03977,Meena Nair,Small Business,India,Maharashtra,Pune,627683,West
CUST-03978,Suresh Sharma,Corporate,India,Bihar,Gaya,397942,East
CUST-03979,Lakshmi Nair,Consumer,India,Jharkhand,Ranchi,839591,East
CUST-03980,Preethi Patel,Corporate,India,Rajasthan,Udaipur,335545,West
CUST-03981,Ganesh Kumar,Corporate,India,Karnataka,Mysuru,434983,South
CUST-03982,Shalini Pillai,Small Business,India,Uttar Pradesh,Kanpur,638322,North
CUST-03983,Anjali Reddy,Consumer,India,Tamil Nadu,Coimbatore,358236,South
CUST-03984,Kiran Menon,Corporate,India,Punjab,Ludhiana,289570,North
CUST-03985,Meena Joshi,Home Office,India,Karnataka,Bengaluru,122689,South
CUST-03986,Anjali Rao,Home Office,India,Andhra Pradesh,Visakhapatnam,146999,South
CUST-03987,Naveen Nair,Consumer,India,Kerala,Thiruvananthapuram,200492,South
CUST-03988,Rahul Joshi,Home Office,India,Punjab,Ludhiana,943025,North
CUST-03989,Rohan Singh,Home Office,India,Kerala,Kozhikode,512373,South
CUST-03990,  naveen pillai  ,Home Office,India,Punjab,Jalandhar,237988,North
CUST-03991,Deepa Iyer,Corporate,India,Goa,Panaji,195559,West
CUST-03992,Ashok Kumar,Corporate,India,Andhra Pradesh,Visakhapatnam,850252,South
CUST-03993,Radha Iyer,Small Business,India,West Bengal,Kolkata,847582,East
CUST-03994,Rahul Pillai,Small Business,India,Gujarat,Ahmedabad,227167,West
CUST-03995,Kiran Nair,Corporate,India,Karnataka,Mysuru,529475,South
CUST-03996,Kavya Nair,Home Office,India,Punjab,Amritsar,803962,North
CUST-03997,Rohan Kumar,Small Business,India,Delhi,New Delhi,580459,North
CUST-03998,Priya Verma,Small Business,India,Goa,Margao,689695,West
CUST-03999,Lakshmi Mishra,Home Office,India,Maharashtra,Nagpur,181103,West
CUST-04000,Arun Sharma,Consumer,India,Jharkhand,Jamshedpur,902644,East
CUST-04001,Vijay Das,Consumer,India,Jharkhand,Ranchi,200712,East
CUST-04002,Arjun Reddy,Corporate,India,Rajasthan,Jaipur,722745,West
CUST-04003,Swathi Reddy,Consumer,India,Andhra Pradesh,Guntur,354880,South
CUST-04004,  anita pillai  ,Home Office,India,Punjab,Jalandhar,653063,North
CUST-04005,Pooja Sharma,Small Business,India,Odisha,Bhubaneswar,719930,East
CUST-04006,VIJAY GUPTA,Corporate,India,Andhra Pradesh,Guntur,601883,South
CUST-04007,Rohan Joshi,Consumer,India,Uttar Pradesh,Noida,964154,North
CUST-04008,Swathi Singh,Corporate,India,Maharashtra,Pune,261834,West
CUST-04009,Manoj Rao,Consumer,India,Jharkhand,Ranchi,859619,East
CUST-04010,Lakshmi Mishra,Home Office,India,Gujarat,Vadodara,897164,West
CUST-04011,Lakshmi Menon,Consumer,India,Telangana,Warangal,583866,South
CUST-04012,Kavya Chatterjee,Small Business,India,Gujarat,Vadodara,640123,West
CUST-04013,Vijay Joshi,Small Business,India,Haryana,Gurugram,188081,North
CUST-04014,Lakshmi Pillai,Home Office,India,Telangana,Hyderabad,317294,South
CUST-04015,RADHA MISHRA,Corporate,India,Tamil Nadu,Salem,717161,South
CUST-04016,Pooja Pillai,Corporate,India,Maharashtra,Mumbai,447368,West
CUST-04017,Shalini Rao,Corporate,India,Delhi,Dwarka,809893,North
CUST-04018,Divya Gupta,Home Office,India,Telangana,Warangal,212964,South
CUST-04019,Preethi Reddy,Consumer,India,Uttar Pradesh,Lucknow,375378,North
CUST-04020,Rahul Verma,Consumer,India,Delhi,Dwarka,790156,North
CUST-04021,Arjun Sharma,Corporate,India,Odisha,Bhubaneswar,690961,East
CUST-04022,Anjali Joshi,Small Business,India,Haryana,Panchkula,424907,North
CUST-04023,  shalini singh  ,Corporate,India,Tamil Nadu,Madurai,651710,South
CUST-04024,Karthik Singh,Corporate,India,Tamil Nadu,Coimbatore,428069,South
CUST-04025,Arun Joshi,Home Office,India,Bihar,Patna,848546,East
CUST-04026,Kiran Das,Small Business,India,Kerala,Thiruvananthapuram,384656,South
CUST-04027,Ravi Menon,Small Business,India,Andhra Pradesh,Visakhapatnam,204622,South
CUST-04028,RAHUL CHATTERJEE,Corporate,India,Punjab,Ludhiana,104380,North
CUST-04029,Anjali Singh,Small Business,India,Delhi,Rohini,490364,North
CUST-04030,Divya Gupta,Home Office,India,Andhra Pradesh,Vijayawada,182640,South
CUST-04031,  divya gupta  ,Home Office,India,Gujarat,Surat,112553,West
CUST-04032,Neha Reddy,Corporate,India,Uttar Pradesh,Kanpur,328075,North
CUST-04033,Deepa Sharma,Small Business,India,Goa,Panaji,683924,West
CUST-04034,Deepa Chatterjee,Home Office,India,West Bengal,Kolkata,438647,East
CUST-04035,Shalini Patel,Corporate,India,Bihar,Patna,682296,East
CUST-04036,  anita iyer  ,Corporate,India,Tamil Nadu,Madurai,583906,South
CUST-04037,Karthik Reddy,Corporate,India,Rajasthan,Jaipur,133099,West
CUST-04038,Divya Patel,Corporate,India,Haryana,Faridabad,733636,North
CUST-04039,Arun Patel,Consumer,India,Maharashtra,Nagpur,920522,West
CUST-04040,Naveen Reddy,Corporate,India,Goa,Panaji,943304,West
CUST-04041,Swathi Nair,Small Business,India,Kerala,Kochi,861560,South
CUST-04042,Meena Iyer,Home Office,India,Delhi,Rohini,331152,North
CUST-04043,Arjun Reddy,Consumer,India,Haryana,Faridabad,999537,North
CUST-04044,  karthik rao  ,Consumer,India,Uttar Pradesh,Noida,430157,North
CUST-04045,Meena Mishra,Home Office,India,Delhi,Rohini,626729,North
CUST-04046,Priya Chatterjee,Home Office,India,Maharashtra,Nagpur,204949,West
CUST-04047,Karthik Kumar,Home Office,India,Tamil Nadu,Chennai,209645,South
CUST-04048,Suresh Verma,Corporate,India,Maharashtra,Nashik,231222,West
CUST-04049,Suresh Sharma,Home Office,India,Maharashtra,Nagpur,860892,West
CUST-04050,,Small Business,India,Karnataka,Bengaluru,748268,South
CUST-04051,Anjali Rao,Corporate,India,Goa,Margao,211718,West
CUST-04052,  karthik gupta  ,Home Office,India,West Bengal,Howrah,524170,East
CUST-04053,Sneha Das,Corporate,India,Maharashtra,Pune,467623,West
CUST-04054,POOJA JOSHI,Consumer,India,Telangana,Hyderabad,353163,South
CUST-04055,Arun Chatterjee,Home Office,India,West Bengal,Siliguri,448428,East
CUST-04056,Sanjay Sharma,Consumer,India,Andhra Pradesh,Guntur,402640,South
CUST-04057,Sanjay Mishra,Small Business,India,Goa,Margao,414901,West
CUST-04058,Ganesh Patel,Consumer,India,Gujarat,Surat,364582,West
CUST-04059,SHALINI REDDY,Small Business,India,Delhi,Dwarka,156158,North
CUST-04060,Karthik Mishra,Corporate,India,Gujarat,Ahmedabad,902390,West
CUST-04061,Lakshmi Menon,Consumer,India,Tamil Nadu,Chennai,955505,South
CUST-04062,Karthik Mishra,Small Business,India,Haryana,Gurugram,701604,North
CUST-04063,Arun Gupta,Home Office,India,Punjab,Jalandhar,381070,North
CUST-04064,Rahul Das,Corporate,India,Maharashtra,Pune,392884,West
CUST-04065,Swathi Das,Home Office,India,Bihar,Patna,459077,East
CUST-04066,Deepa Kumar,Corporate,India,Tamil Nadu,Salem,862202,South
CUST-04067,Vijay Sharma,Corporate,India,Kerala,Kochi,747169,South
CUST-04068,Anita Chatterjee,Small Business,India,Bihar,Gaya,217092,East
CUST-04069,Manoj Menon,Small Business,India,Rajasthan,Udaipur,418178,West
CUST-04070,Ravi Nair,Home Office,India,Tamil Nadu,Chennai,931289,South
CUST-04071,Swathi Rao,Small Business,India,West Bengal,Kolkata,260887,East
CUST-04072,Karthik Patel,Corporate,India,Bihar,Patna,182041,East
CUST-04073,Vijay Joshi,Small Business,India,Goa,Margao,509486,West
CUST-04074,Neha Reddy,Home Office,India,Maharashtra,Nashik,340119,West
CUST-04075,Divya Chatterjee,Consumer,India,Haryana,Panchkula,455468,North
CUST-04076,Vikram Pillai,Home Office,India,Karnataka,Bengaluru,512242,South
CUST-04077,Lakshmi Mishra,Home Office,India,Delhi,New Delhi,206560,North
CUST-04078,Deepa Kumar,Corporate,India,Tamil Nadu,Coimbatore,728411,South
CUST-04079,Divya Chatterjee,Corporate,India,Telangana,Hyderabad,883667,South
CUST-04080,  kiran sharma  ,Corporate,India,Kerala,Kozhikode,125012,South
CUST-04081,Karthik Reddy,Consumer,India,Odisha,Bhubaneswar,908156,East
CUST-04082,Karthik Mishra,Home Office,India,Tamil Nadu,Chennai,689140,South
CUST-04083,,Corporate,India,Haryana,Panchkula,191981,North
CUST-04084,Swathi Nair,Corporate,India,West Bengal,Siliguri,900882,East
CUST-04085,Naveen Sharma,Small Business,India,Odisha,Cuttack,819950,East
CUST-04086,Karthik Sharma,Home Office,India,Karnataka,Bengaluru,797628,South
CUST-04087,Manoj Rao,Home Office,India,West Bengal,Howrah,532738,East
CUST-04088,ROHAN NAIR,Corporate,India,Punjab,Amritsar,909605,North
CUST-04089,Vikram Iyer,Small Business,India,Gujarat,Vadodara,862561,West
CUST-04090,Kiran Rao,Corporate,India,Delhi,Dwarka,263096,North
CUST-04091,Kavya Rao,Corporate,India,Maharashtra,Mumbai,631358,West
CUST-04092,Kavya Mishra,Consumer,India,Maharashtra,Mumbai,387220,West
CUST-04093,Swathi Iyer,Corporate,India,Bihar,Gaya,699329,East
CUST-04094,Ashok Nair,Small Business,India,West Bengal,Howrah,944146,East
CUST-04095,Ashok Rao,Home Office,India,Maharashtra,Nagpur,711501,West
CUST-04096,Preethi Gupta,Corporate,India,Uttar Pradesh,Kanpur,428226,North
CUST-04097,Meena Patel,Small Business,India,Tamil Nadu,Madurai,940365,South
CUST-04098,  divya reddy  ,Corporate,India,Punjab,Amritsar,424125,North
CUST-04099,Ravi Kumar,Small Business,India,Kerala,Thiruvananthapuram,689224,South
CUST-04100,Pooja Sharma,Corporate,India,West Bengal,Howrah,507535,East
CUST-04101,PRIYA GUPTA,Consumer,India,Andhra Pradesh,Visakhapatnam,705161,South
CUST-04102,Anita Patel,Small Business,India,Andhra Pradesh,Guntur,346814,South
CUST-04103,Sanjay Chatterjee,Corporate,India,Jharkhand,Ranchi,123579,East
CUST-04104,Neha Kumar,Home Office,India,Uttar Pradesh,Kanpur,752726,North
CUST-04105,Deepa Mishra,Small Business,India,Tamil Nadu,Coimbatore,856530,South
CUST-04106,Naveen Pillai,Home Office,India,Gujarat,Ahmedabad,994136,West
CUST-04107,Naveen Nair,Small Business,India,Karnataka,Bengaluru,854777,South
CUST-04108,Swathi Menon,Consumer,India,Telangana,Hyderabad,578202,South
CUST-04109,Pooja Chatterjee,Small Business,India,West Bengal,Siliguri,585507,East
CUST-04110,Meena Gupta,Consumer,India,Tamil Nadu,Salem,318097,South
CUST-04111,Anjali Sharma,Corporate,India,Jharkhand,Jamshedpur,632848,East
CUST-04112,Kiran Nair,Corporate,India,Gujarat,Surat,588990,West
CUST-04113,Divya Sharma,Corporate,India,Maharashtra,Nashik,816126,West
CUST-04114,KAVYA PILLAI,Home Office,India,Karnataka,Hubballi,671231,South
CUST-04115,Rohan Kumar,Small Business,India,Punjab,Amritsar,747162,North
CUST-04116,Deepa Patel,Small Business,India,Odisha,Cuttack,172723,East
CUST-04117,Kavya Menon,Home Office,India,West Bengal,Howrah,514774,East
CUST-04118,Pooja Verma,Consumer,India,Punjab,Jalandhar,817678,North
CUST-04119,Arjun Reddy,Home Office,India,West Bengal,Kolkata,418321,East
CUST-04120,Vikram Sharma,Small Business,India,Delhi,New Delhi,319995,North
CUST-04121,,Corporate,India,Uttar Pradesh,Lucknow,882051,North
CUST-04122,Ashok Menon,Corporate,India,Odisha,Bhubaneswar,384915,East
CUST-04123,Manoj Verma,Consumer,India,Tamil Nadu,Salem,702213,South
CUST-04124,Neha Kumar,Small Business,India,Goa,Margao,217290,West
CUST-04125,Ashok Das,Small Business,India,West Bengal,Kolkata,504233,East
CUST-04126,  preethi kumar  ,Home Office,India,Karnataka,Bengaluru,491974,South
CUST-04127,,Small Business,India,Telangana,Hyderabad,376722,South
CUST-04128,Swathi Singh,Home Office,India,Karnataka,Hubballi,927094,South
CUST-04129,Divya Joshi,Corporate,India,Telangana,Warangal,413863,South
CUST-04130,Arjun Kumar,Home Office,India,Goa,Panaji,235889,West
CUST-04131,Arun Das,Small Business,India,West Bengal,Kolkata,700986,East
CUST-04132,Rahul Gupta,Home Office,India,Bihar,Gaya,447515,East
CUST-04133,Swathi Sharma,Corporate,India,Kerala,Thiruvananthapuram,627658,South
CUST-04134,Anjali Pillai,Consumer,India,Karnataka,Mysuru,876124,South
CUST-04135,SANJAY GUPTA,Corporate,India,Kerala,Kozhikode,882397,South
CUST-04136,Divya Iyer,Corporate,India,Haryana,Faridabad,445623,North
CUST-04137,Naveen Gupta,Corporate,India,Maharashtra,Nagpur,566953,West
CUST-04138,Suresh Kumar,Home Office,India,Tamil Nadu,Madurai,120837,South
CUST-04139,Ashok Kumar,Small Business,India,Bihar,Gaya,896112,East
CUST-04140,Ashok Singh,Corporate,India,Haryana,Panchkula,286741,North
CUST-04141,Vijay Singh,Home Office,India,Odisha,Bhubaneswar,866338,East
CUST-04142,Shalini Pillai,Small Business,India,Rajasthan,Udaipur,526524,West
CUST-04143,Preethi Iyer,Corporate,India,Haryana,Gurugram,813681,North
CUST-04144,Anjali Kumar,Home Office,India,Bihar,Gaya,420287,East
CUST-04145,SURESH VERMA,Consumer,India,Odisha,Cuttack,209135,East
CUST-04146,GANESH PILLAI,Small Business,India,Gujarat,Vadodara,698149,West
CUST-04147,Vijay Reddy,Corporate,India,Andhra Pradesh,Visakhapatnam,791323,South
CUST-04148,Ravi Chatterjee,Corporate,India,Punjab,Ludhiana,108139,North
CUST-04149,Rohan Rao,Small Business,India,Delhi,New Delhi,820223,North
CUST-04150,Anita Rao,Small Business,India,Jharkhand,Ranchi,977764,East
CUST-04151,Manoj Reddy,Small Business,India,West Bengal,Howrah,444310,East
CUST-04152,Anjali Menon,Small Business,India,Gujarat,Vadodara,809633,West
CUST-04153,Ashok Nair,Small Business,India,Gujarat,Surat,483249,West
CUST-04154,Suresh Rao,Small Business,India,Rajasthan,Udaipur,590116,West
CUST-04155,Ganesh Kumar,Small Business,India,West Bengal,Siliguri,104270,East
CUST-04156,Lakshmi Singh,Small Business,India,Karnataka,Mysuru,427819,South
CUST-04157,Shalini Singh,Consumer,India,Karnataka,Mysuru,215678,South
CUST-04158,Anita Das,Home Office,India,Haryana,Panchkula,504332,North
CUST-04159,Naveen Pillai,Small Business,India,Rajasthan,Udaipur,214426,West
CUST-04160,Rahul Menon,Home Office,India,West Bengal,Kolkata,640776,East
CUST-04161,Anita Sharma,Small Business,India,Maharashtra,Nagpur,951836,West
CUST-04162,Vijay Rao,Home Office,India,Odisha,Cuttack,621015,East
CUST-04163,Sanjay Joshi,Corporate,India,Gujarat,Vadodara,424460,West
CUST-04164,Ravi Menon,Consumer,India,Punjab,Ludhiana,564368,North
CUST-04165,SANJAY REDDY,Corporate,India,Odisha,Cuttack,767755,East
CUST-04166,Kiran Kumar,Corporate,India,Gujarat,Ahmedabad,632530,West
CUST-04167,Ravi Verma,Corporate,India,Karnataka,Hubballi,114317,South
CUST-04168,Rahul Nair,Consumer,India,Rajasthan,Jodhpur,449207,West
CUST-04169,Rohan Chatterjee,Corporate,India,Kerala,Thiruvananthapuram,305067,South
CUST-04170,Rahul Reddy,Small Business,India,Karnataka,Hubballi,753335,South
CUST-04171,Rohan Nair,Small Business,India,Tamil Nadu,Madurai,380848,South
CUST-04172,Rahul Sharma,Home Office,India,Goa,Panaji,354830,West
CUST-04173,Priya Nair,Small Business,India,Delhi,Rohini,142943,North
CUST-04174,Meena Patel,Home Office,India,Andhra Pradesh,Vijayawada,690978,South
CUST-04175,Sneha Reddy,Corporate,India,Rajasthan,Jodhpur,691101,West
CUST-04176,Rohan Joshi,Consumer,India,Odisha,Cuttack,867997,East
CUST-04177,Sanjay Reddy,Corporate,India,Uttar Pradesh,Lucknow,277062,North
CUST-04178,Ravi Kumar,Home Office,India,Andhra Pradesh,Vijayawada,504963,South
CUST-04179,Swathi Kumar,Home Office,India,Karnataka,Bengaluru,488999,South
CUST-04180,Priya Nair,Home Office,India,Telangana,Warangal,322556,South
CUST-04181,Neha Singh,Corporate,India,Tamil Nadu,Salem,343360,South
CUST-04182,Anita Sharma,Small Business,India,Karnataka,Bengaluru,811326,South
CUST-04183,Naveen Rao,Small Business,India,Telangana,Hyderabad,693038,South
CUST-04184,Kavya Kumar,Corporate,India,Uttar Pradesh,Kanpur,818958,North
CUST-04185,RAHUL KUMAR,Small Business,India,Telangana,Hyderabad,209244,South
CUST-04186,Kiran Mishra,Consumer,India,Delhi,Dwarka,856340,North
CUST-04187,Priya Menon,Corporate,India,Goa,Panaji,989552,West
CUST-04188,Lakshmi Joshi,Small Business,India,Uttar Pradesh,Noida,220067,North
CUST-04189,Swathi Rao,Corporate,India,Odisha,Cuttack,957627,East
CUST-04190,Anita Gupta,Corporate,India,Rajasthan,Udaipur,496282,West
CUST-04191,Deepa Iyer,Small Business,India,Uttar Pradesh,Noida,281756,North
CUST-04192,Ashok Nair,Small Business,India,Gujarat,Surat,344500,West
CUST-04193,Priya Verma,Home Office,India,Karnataka,Hubballi,750581,South
CUST-04194,Shalini Gupta,Consumer,India,Rajasthan,Jodhpur,252351,West
CUST-04195,Arjun Kumar,Small Business,India,Punjab,Jalandhar,275543,North
CUST-04196,Suresh Das,Home Office,India,Bihar,Gaya,539443,East
CUST-04197,Suresh Joshi,Small Business,India,Telangana,Warangal,113779,South
CUST-04198,Ashok Patel,Home Office,India,Maharashtra,Pune,263191,West
CUST-04199,Manoj Menon,Small Business,India,Maharashtra,Pune,676834,West
CUST-04200,Neha Patel,Consumer,India,Delhi,New Delhi,562966,North
CUST-04201,Rahul Joshi,Consumer,India,Maharashtra,Nagpur,580403,West
CUST-04202,Arjun Mishra,Home Office,India,Uttar Pradesh,Lucknow,672266,North
CUST-04203,Rohan Nair,Consumer,India,Telangana,Hyderabad,820389,South
CUST-04204,Manoj Kumar,Corporate,India,Delhi,New Delhi,458193,North
CUST-04205,KAVYA SHARMA,Small Business,India,Kerala,Kozhikode,506000,South
CUST-04206,Vikram Iyer,Small Business,India,Bihar,Patna,980101,East
CUST-04207,Ganesh Pillai,Corporate,India,West Bengal,Howrah,167217,East
CUST-04208,Ashok Gupta,Home Office,India,Karnataka,Bengaluru,240022,South
CUST-04209,Karthik Chatterjee,Consumer,India,Delhi,Dwarka,188857,North
CUST-04210,Arun Mishra,Consumer,India,Delhi,New Delhi,836573,North
CUST-04211,Swathi Chatterjee,Home Office,India,Gujarat,Ahmedabad,207763,West
CUST-04212,Anita Sharma,Home Office,India,Maharashtra,Nashik,967183,West
CUST-04213,Neha Pillai,Small Business,India,Jharkhand,Ranchi,564135,East
CUST-04214,Kavya Iyer,Home Office,India,Odisha,Bhubaneswar,156317,East
CUST-04215,Ganesh Kumar,Small Business,India,Punjab,Ludhiana,809136,North
CUST-04216,Pooja Kumar,Consumer,India,Jharkhand,Ranchi,285189,East
CUST-04217,  ganesh joshi  ,Corporate,India,Uttar Pradesh,Noida,819404,North
CUST-04218,Arun Gupta,Home Office,India,West Bengal,Kolkata,593531,East
CUST-04219,Kiran Mishra,Home Office,India,Odisha,Cuttack,826473,East
CUST-04220,Lakshmi Mishra,Home Office,India,Jharkhand,Jamshedpur,424253,East
CUST-04221,Swathi Patel,Corporate,India,Odisha,Bhubaneswar,779945,East
CUST-04222,Pooja Menon,Consumer,India,Maharashtra,Pune,405891,West
CUST-04223,Karthik Menon,Corporate,India,Tamil Nadu,Madurai,580862,South
CUST-04224,Sanjay Mishra,Consumer,India,Andhra Pradesh,Guntur,659492,South
CUST-04225,Arun Verma,Consumer,India,Kerala,Kozhikode,620517,South
CUST-04226,Priya Pillai,Small Business,India,Gujarat,Vadodara,412763,West
CUST-04227,Lakshmi Sharma,Corporate,India,Gujarat,Surat,161144,West
CUST-04228,  sneha singh  ,Home Office,India,Jharkhand,Jamshedpur,147325,East
CUST-04229,Lakshmi Das,Home Office,India,Tamil Nadu,Salem,291530,South
CUST-04230,Manoj Reddy,Consumer,India,Haryana,Gurugram,222222,North
CUST-04231,Pooja Iyer,Small Business,India,Rajasthan,Jaipur,362443,West
CUST-04232,Swathi Verma,Corporate,India,Goa,Margao,333174,West
CUST-04233,Divya Menon,Small Business,India,Punjab,Ludhiana,958505,North
CUST-04234,Radha Kumar,Corporate,India,Delhi,Rohini,263784,North
CUST-04235,Lakshmi Joshi,Consumer,India,Odisha,Bhubaneswar,240777,East
CUST-04236,Sneha Joshi,Corporate,India,Rajasthan,Jodhpur,206928,West
CUST-04237,Deepa Patel,Home Office,India,Goa,Margao,864248,West
CUST-04238,Ganesh Rao,Small Business,India,Maharashtra,Nagpur,208730,West
CUST-04239,Shalini Gupta,Small Business,India,Punjab,Jalandhar,374989,North
CUST-04240,Priya Patel,Corporate,India,Andhra Pradesh,Visakhapatnam,939500,South
CUST-04241,Preethi Das,Small Business,India,West Bengal,Kolkata,627902,East
CUST-04242,Deepa Verma,Home Office,India,Karnataka,Hubballi,392322,South
CUST-04243,Karthik Rao,Consumer,India,Karnataka,Mysuru,104478,South
CUST-04244,Radha Menon,Home Office,India,Telangana,Warangal,103419,South
CUST-04245,Rahul Iyer,Corporate,India,Bihar,Patna,709670,East
CUST-04246,Arun Reddy,Home Office,India,Uttar Pradesh,Lucknow,981114,North
CUST-04247,Deepa Rao,Home Office,India,Maharashtra,Mumbai,853681,West
CUST-04248,Pooja Das,Small Business,India,Rajasthan,Jodhpur,942339,West
CUST-04249,  preethi sharma  ,Small Business,India,Maharashtra,Nagpur,129593,West
CUST-04250,Rahul Rao,Consumer,India,Haryana,Gurugram,497166,North
CUST-04251,Meena Rao,Corporate,India,Tamil Nadu,Madurai,155425,South
CUST-04252,Ashok Joshi,Small Business,India,Punjab,Amritsar,662975,North
CUST-04253,Preethi Pillai,Consumer,India,Telangana,Warangal,297187,South
CUST-04254,Vikram Kumar,Corporate,India,Gujarat,Ahmedabad,670981,West
CUST-04255,Priya Chatterjee,Home Office,India,Telangana,Warangal,181342,South
CUST-04256,Arjun Verma,Small Business,India,Gujarat,Surat,520835,West
CUST-04257,Meena Iyer,Corporate,India,Gujarat,Vadodara,130117,West
CUST-04258,RAHUL NAIR,Small Business,India,Punjab,Amritsar,279679,North
CUST-04259,Radha Verma,Small Business,India,West Bengal,Kolkata,385746,East
CUST-04260,Meena Gupta,Corporate,India,Rajasthan,Jaipur,625862,West
CUST-04261,Manoj Sharma,Consumer,India,Kerala,Kozhikode,261601,South
CUST-04262,  sneha mishra  ,Corporate,India,Punjab,Jalandhar,931174,North
CUST-04263,Preethi Das,Small Business,India,Andhra Pradesh,Guntur,648357,South
CUST-04264,Preethi Joshi,Corporate,India,Rajasthan,Jaipur,508104,West
CUST-04265,Rahul Gupta,Small Business,India,Maharashtra,Nashik,251021,West
CUST-04266,Rohan Kumar,Small Business,India,Gujarat,Surat,606585,West
CUST-04267,Karthik Kumar,Corporate,India,Telangana,Warangal,290837,South
CUST-04268,Naveen Pillai,Home Office,India,Maharashtra,Nashik,354508,West
CUST-04269,Rohan Mishra,Consumer,India,Gujarat,Ahmedabad,775614,West
CUST-04270,Pooja Joshi,Corporate,India,Tamil Nadu,Salem,163853,South
CUST-04271,Naveen Nair,Home Office,India,Uttar Pradesh,Noida,677504,North
CUST-04272,Arun Singh,Home Office,India,Bihar,Gaya,271145,East
CUST-04273,Rahul Verma,Corporate,India,Karnataka,Hubballi,530487,South
CUST-04274,Manoj Sharma,Consumer,India,Karnataka,Hubballi,209325,South
CUST-04275,Karthik Pillai,Home Office,India,Goa,Panaji,541792,West
CUST-04276,Sanjay Verma,Consumer,India,Andhra Pradesh,Guntur,738291,South
CUST-04277,Radha Patel,Small Business,India,Jharkhand,Jamshedpur,803729,East
CUST-04278,Sneha Iyer,Home Office,India,Bihar,Patna,270954,East
CUST-04279,Radha Mishra,Small Business,India,Delhi,Dwarka,111080,North
CUST-04280,Rahul Patel,Home Office,India,Uttar Pradesh,Noida,542232,North
CUST-04281,Lakshmi Verma,Consumer,India,Tamil Nadu,Salem,162030,South
CUST-04282,Anjali Kumar,Corporate,India,Bihar,Patna,223027,East
CUST-04283,Vijay Chatterjee,Corporate,India,Uttar Pradesh,Lucknow,670741,North
CUST-04284,Rahul Iyer,Consumer,India,Delhi,Rohini,667109,North
CUST-04285,Manoj Patel,Small Business,India,Tamil Nadu,Chennai,441916,South
CUST-04286,Deepa Gupta,Small Business,India,Gujarat,Surat,904201,West
CUST-04287,Lakshmi Das,Home Office,India,Odisha,Bhubaneswar,751160,East
CUST-04288,Meena Pillai,Home Office,India,Gujarat,Ahmedabad,457172,West
CUST-04289,Ashok Verma,Corporate,India,Kerala,Thiruvananthapuram,780041,South
CUST-04290,Kiran Iyer,Home Office,India,Maharashtra,Pune,220306,West
CUST-04291,Meena Iyer,Home Office,India,Rajasthan,Jodhpur,335149,West
CUST-04292,Preethi Pillai,Consumer,India,Uttar Pradesh,Lucknow,948303,North
CUST-04293,Kiran Gupta,Home Office,India,Punjab,Amritsar,513513,North
CUST-04294,Sneha Iyer,Home Office,India,Kerala,Kochi,972657,South
CUST-04295,Priya Menon,Corporate,India,Delhi,Rohini,927842,North
CUST-04296,Suresh Mishra,Corporate,India,Tamil Nadu,Chennai,126970,South
CUST-04297,Pooja Rao,Consumer,India,Uttar Pradesh,Kanpur,858639,North
CUST-04298,Meena Kumar,Corporate,India,Jharkhand,Jamshedpur,836342,East
CUST-04299,Meena Kumar,Consumer,India,Rajasthan,Udaipur,362683,West
CUST-04300,Ashok Sharma,Corporate,India,Andhra Pradesh,Vijayawada,853328,South
CUST-04301,Priya Kumar,Small Business,India,Karnataka,Hubballi,957000,South
CUST-04302,Radha Rao,Home Office,India,Uttar Pradesh,Lucknow,440700,North
CUST-04303,Karthik Reddy,Home Office,India,Tamil Nadu,Salem,938772,South
CUST-04304,Shalini Pillai,Corporate,India,Maharashtra,Nashik,171992,West
CUST-04305,Ravi Gupta,Small Business,India,Maharashtra,Nagpur,548286,West
CUST-04306,Rohan Reddy,Consumer,India,Haryana,Faridabad,258059,North
CUST-04307,Ravi Menon,Corporate,India,Gujarat,Surat,187643,West
CUST-04308,Neha Sharma,Consumer,India,Uttar Pradesh,Noida,748092,North
CUST-04309,Ganesh Chatterjee,Home Office,India,Odisha,Cuttack,532190,East
CUST-04310,Ganesh Reddy,Consumer,India,Odisha,Cuttack,703680,East
CUST-04311,Rahul Chatterjee,Corporate,India,Rajasthan,Jodhpur,862377,West
CUST-04312,Kavya Chatterjee,Home Office,India,Gujarat,Ahmedabad,156449,West
CUST-04313,Karthik Joshi,Corporate,India,Punjab,Jalandhar,111896,North
CUST-04314,DIVYA JOSHI,Home Office,India,Karnataka,Hubballi,137502,South
CUST-04315,Anjali Menon,Corporate,India,Uttar Pradesh,Noida,124039,North
CUST-04316,Kavya Kumar,Home Office,India,Gujarat,Ahmedabad,180334,West
CUST-04317,Priya Joshi,Corporate,India,Maharashtra,Nagpur,463596,West
CUST-04318,ANJALI IYER,Corporate,India,Andhra Pradesh,Guntur,892621,South
CUST-04319,Vikram Joshi,Consumer,India,West Bengal,Siliguri,628302,East
CUST-04320,Vijay Sharma,Small Business,India,Kerala,Thiruvananthapuram,907973,South
CUST-04321,  vijay chatterjee  ,Small Business,India,Tamil Nadu,Salem,163362,South
CUST-04322,Lakshmi Patel,Small Business,India,Telangana,Hyderabad,726205,South
CUST-04323,Rohan Rao,Small Business,India,Tamil Nadu,Salem,823540,South
CUST-04324,Rahul Kumar,Small Business,India,Delhi,Dwarka,708171,North
CUST-04325,  neha das  ,Corporate,India,Tamil Nadu,Chennai,361774,South
CUST-04326,Vijay Chatterjee,Small Business,India,Kerala,Kozhikode,660481,South
CUST-04327,Arjun Menon,Corporate,India,West Bengal,Kolkata,782718,East
CUST-04328,Naveen Joshi,Home Office,India,Uttar Pradesh,Kanpur,249045,North
CUST-04329,Pooja Verma,Home Office,India,Jharkhand,Jamshedpur,387674,East
CUST-04330,Vijay Reddy,Consumer,India,Rajasthan,Udaipur,541272,West
CUST-04331,Sneha Rao,Corporate,India,Maharashtra,Mumbai,619683,West
CUST-04332,Ganesh Menon,Consumer,India,Uttar Pradesh,Lucknow,352204,North
CUST-04333,Manoj Pillai,Small Business,India,Gujarat,Vadodara,426317,West
CUST-04334,Anita Joshi,Consumer,India,Bihar,Gaya,378657,East
CUST-04335,Priya Chatterjee,Small Business,India,Tamil Nadu,Coimbatore,210781,South
CUST-04336,Deepa Chatterjee,Home Office,India,Delhi,Rohini,227746,North
CUST-04337,Divya Patel,Consumer,India,Karnataka,Bengaluru,938077,South
CUST-04338,Meena Menon,Consumer,India,Bihar,Patna,497666,East
CUST-04339,Meena Chatterjee,Small Business,India,Delhi,Dwarka,307873,North
CUST-04340,Anita Kumar,Home Office,India,Kerala,Kozhikode,458293,South
CUST-04341,Radha Patel,Small Business,India,Uttar Pradesh,Kanpur,877538,North
CUST-04342,Suresh Rao,Consumer,India,Gujarat,Ahmedabad,574037,West
CUST-04343,Ashok Patel,Home Office,India,West Bengal,Howrah,819308,East
CUST-04344,SWATHI DAS,Consumer,India,Maharashtra,Mumbai,130054,West
CUST-04345,Karthik Iyer,Corporate,India,Goa,Margao,533756,West
CUST-04346,Arjun Chatterjee,Home Office,India,Goa,Panaji,594483,West
CUST-04347,Anita Mishra,Corporate,India,Jharkhand,Jamshedpur,941924,East
CUST-04348,Swathi Sharma,Small Business,India,Goa,Panaji,440623,West
CUST-04349,Arun Iyer,Home Office,India,Telangana,Warangal,816144,South
CUST-04350,Shalini Patel,Home Office,India,Delhi,Dwarka,352232,North
CUST-04351,Vikram Joshi,Consumer,India,Maharashtra,Nagpur,135574,West
CUST-04352,Ganesh Verma,Home Office,India,Bihar,Gaya,792863,East
CUST-04353,Lakshmi Pillai,Small Business,India,Karnataka,Bengaluru,398932,South
CUST-04354,Karthik Joshi,Home Office,India,Bihar,Patna,832077,East
CUST-04355,Arjun Kumar,Small Business,India,Delhi,New Delhi,217698,North
CUST-04356,Radha Iyer,Corporate,India,West Bengal,Siliguri,568534,East
CUST-04357,Meena Verma,Corporate,India,Goa,Panaji,293068,West
CUST-04358,Vikram Rao,Home Office,India,Uttar Pradesh,Noida,543089,North
CUST-04359,Karthik Sharma,Small Business,India,Punjab,Ludhiana,194893,North
CUST-04360,Rohan Singh,Home Office,India,West Bengal,Howrah,787984,East
CUST-04361,Anjali Sharma,Home Office,India,Karnataka,Mysuru,915987,South
CUST-04362,Meena Gupta,Corporate,India,West Bengal,Howrah,839889,East
CUST-04363,Ashok Menon,Small Business,India,West Bengal,Howrah,323627,East
CUST-04364,POOJA CHATTERJEE,Consumer,India,Odisha,Bhubaneswar,615839,East
CUST-04365,Rohan Das,Home Office,India,Kerala,Thiruvananthapuram,496736,South
CUST-04366,Naveen Iyer,Corporate,India,Kerala,Kozhikode,642798,South
CUST-04367,  arjun mishra  ,Home Office,India,Delhi,Rohini,807931,North
CUST-04368,Anita Reddy,Consumer,India,Haryana,Faridabad,536754,North
CUST-04369,Sanjay Iyer,Corporate,India,Haryana,Gurugram,710820,North
CUST-04370,Meena Gupta,Home Office,India,Jharkhand,Ranchi,904725,East
CUST-04371,Naveen Verma,Corporate,India,Bihar,Gaya,293697,East
CUST-04372,Meena Joshi,Consumer,India,Maharashtra,Nagpur,104961,West
CUST-04373,Rohan Verma,Home Office,India,Tamil Nadu,Madurai,280965,South
CUST-04374,Anita Kumar,Corporate,India,Rajasthan,Jodhpur,271363,West
CUST-04375,Lakshmi Das,Small Business,India,Odisha,Bhubaneswar,525581,East
CUST-04376,Radha Menon,Home Office,India,Rajasthan,Jodhpur,325451,West
CUST-04377,Naveen Nair,Consumer,India,Haryana,Gurugram,905868,North
CUST-04378,Deepa Kumar,Consumer,India,Jharkhand,Jamshedpur,722568,East
CUST-04379,Vijay Sharma,Small Business,India,Gujarat,Vadodara,762190,West
CUST-04380,Shalini Rao,Small Business,India,Uttar Pradesh,Noida,138361,North
CUST-04381,Ganesh Rao,Home Office,India,Karnataka,Mysuru,629118,South
CUST-04382,Deepa Singh,Small Business,India,Rajasthan,Jaipur,561644,West
CUST-04383,Priya Joshi,Home Office,India,Karnataka,Hubballi,805898,South
CUST-04384,Kavya Joshi,Home Office,India,Telangana,Hyderabad,477959,South
CUST-04385,Divya Mishra,Small Business,India,Goa,Panaji,384632,West
CUST-04386,Shalini Sharma,Home Office,India,Tamil Nadu,Chennai,422260,South
CUST-04387,Kavya Gupta,Corporate,India,Telangana,Hyderabad,741158,South
CUST-04388,  swathi patel  ,Home Office,India,Andhra Pradesh,Visakhapatnam,280177,South
CUST-04389,RADHA SHARMA,Home Office,India,Maharashtra,Nagpur,890087,West
CUST-04390,Sanjay Rao,Small Business,India,Kerala,Kozhikode,190745,South
CUST-04391,Manoj Chatterjee,Home Office,India,Jharkhand,Jamshedpur,601885,East
CUST-04392,Deepa Kumar,Home Office,India,Punjab,Ludhiana,855102,North
CUST-04393,Radha Das,Corporate,India,Goa,Margao,319011,West
CUST-04394,Suresh Nair,Home Office,India,Uttar Pradesh,Lucknow,658671,North
CUST-04395,Arjun Rao,Corporate,India,Maharashtra,Nagpur,246604,West
CUST-04396,Ganesh Menon,Corporate,India,Haryana,Gurugram,137061,North
CUST-04397,Anita Sharma,Home Office,India,Delhi,New Delhi,669605,North
CUST-04398,Priya Menon,Consumer,India,Jharkhand,Jamshedpur,567424,East
CUST-04399,Vikram Reddy,Corporate,India,West Bengal,Howrah,757189,East
CUST-04400,  karthik nair  ,Small Business,India,Andhra Pradesh,Vijayawada,777033,South
CUST-04401,Manoj Rao,Home Office,India,Maharashtra,Pune,205935,West
CUST-04402,Kavya Chatterjee,Small Business,India,Rajasthan,Jaipur,117367,West
CUST-04403,Meena Nair,Small Business,India,Haryana,Gurugram,485508,North
CUST-04404,Lakshmi Gupta,Consumer,India,Maharashtra,Mumbai,403421,West
CUST-04405,Manoj Menon,Small Business,India,West Bengal,Siliguri,731803,East
CUST-04406,Anita Nair,Corporate,India,Gujarat,Vadodara,683105,West
CUST-04407,Manoj Mishra,Corporate,India,Odisha,Cuttack,804779,East
CUST-04408,Anjali Gupta,Home Office,India,Haryana,Gurugram,722710,North
CUST-04409,POOJA PILLAI,Consumer,India,Punjab,Jalandhar,814012,North
CUST-04410,Kavya Das,Small Business,India,Jharkhand,Jamshedpur,780893,East
CUST-04411,Manoj Rao,Small Business,India,Kerala,Kochi,618219,South
CUST-04412,Ganesh Das,Home Office,India,Tamil Nadu,Madurai,249239,South
CUST-04413,Anjali Verma,Corporate,India,Uttar Pradesh,Kanpur,425498,North
CUST-04414,Rahul Pillai,Small Business,India,Rajasthan,Udaipur,896259,West
CUST-04415,Ganesh Das,Home Office,India,Tamil Nadu,Coimbatore,725549,South
CUST-04416,Vikram Pillai,Home Office,India,Kerala,Thiruvananthapuram,926147,South
CUST-04417,Pooja Menon,Consumer,India,Punjab,Amritsar,592757,North
CUST-04418,Anita Iyer,Corporate,India,Delhi,Dwarka,794352,North
CUST-04419,Sanjay Chatterjee,Corporate,India,Tamil Nadu,Coimbatore,816068,South
CUST-04420,Vikram Gupta,Corporate,India,Uttar Pradesh,Noida,865160,North
CUST-04421,,Small Business,India,Maharashtra,Mumbai,799957,West
CUST-04422,Divya Reddy,Consumer,India,Delhi,Rohini,732509,North
CUST-04423,Anita Kumar,Corporate,India,Jharkhand,Jamshedpur,563853,East
CUST-04424,Meena Mishra,Corporate,India,Rajasthan,Jodhpur,698757,West
CUST-04425,Kiran Patel,Small Business,India,Punjab,Jalandhar,607871,North
CUST-04426,Arun Menon,Small Business,India,Gujarat,Ahmedabad,201426,West
CUST-04427,Swathi Pillai,Consumer,India,West Bengal,Howrah,686392,East
CUST-04428,Anjali Patel,Home Office,India,Telangana,Warangal,556475,South
CUST-04429,  anjali mishra  ,Home Office,India,Rajasthan,Jodhpur,159726,West
CUST-04430,Rahul Chatterjee,Consumer,India,Maharashtra,Mumbai,461518,West
CUST-04431,Meena Mishra,Corporate,India,Maharashtra,Pune,194970,West
CUST-04432,Pooja Sharma,Small Business,India,Goa,Margao,959214,West
CUST-04433,SANJAY GUPTA,Consumer,India,Jharkhand,Jamshedpur,439078,East
CUST-04434,Preethi Chatterjee,Corporate,India,Karnataka,Mysuru,512385,South
CUST-04435,Anjali Pillai,Small Business,India,Karnataka,Bengaluru,654056,South
CUST-04436,Naveen Reddy,Small Business,India,Odisha,Cuttack,472946,East
CUST-04437,Arun Sharma,Home Office,India,Tamil Nadu,Salem,446153,South
CUST-04438,Ashok Singh,Consumer,India,Goa,Panaji,941357,West
CUST-04439,Manoj Das,Consumer,India,Jharkhand,Jamshedpur,711150,East
CUST-04440,Sneha Gupta,Home Office,India,Haryana,Faridabad,951957,North
CUST-04441,Naveen Chatterjee,Home Office,India,Bihar,Patna,428214,East
CUST-04442,Radha Iyer,Consumer,India,West Bengal,Howrah,690378,East
CUST-04443,Arjun Rao,Home Office,India,Tamil Nadu,Salem,327200,South
CUST-04444,  swathi chatterjee  ,Corporate,India,Delhi,New Delhi,205295,North
CUST-04445,Preethi Kumar,Home Office,India,Uttar Pradesh,Noida,714592,North
CUST-04446,Arun Reddy,Corporate,India,Delhi,Dwarka,171911,North
CUST-04447,Divya Iyer,Consumer,India,Andhra Pradesh,Vijayawada,686087,South
CUST-04448,Lakshmi Singh,Consumer,India,Goa,Margao,695805,West
CUST-04449,Pooja Sharma,Consumer,India,Andhra Pradesh,Visakhapatnam,452366,South
CUST-04450,Ganesh Rao,Small Business,India,Rajasthan,Udaipur,531787,West
CUST-04451,Karthik Joshi,Consumer,India,Delhi,New Delhi,662317,North
CUST-04452,Preethi Menon,Home Office,India,Bihar,Gaya,270850,East
CUST-04453,Lakshmi Das,Corporate,India,Punjab,Jalandhar,261164,North
CUST-04454,Suresh Pillai,Consumer,India,Uttar Pradesh,Noida,241315,North
CUST-04455,Suresh Sharma,Corporate,India,Odisha,Bhubaneswar,154695,East
CUST-04456,Deepa Joshi,Home Office,India,Andhra Pradesh,Vijayawada,647514,South
CUST-04457,Arun Chatterjee,Consumer,India,Telangana,Hyderabad,211376,South
CUST-04458,Ashok Das,Consumer,India,Jharkhand,Jamshedpur,237686,East
CUST-04459,Ganesh Pillai,Home Office,India,Punjab,Amritsar,550181,North
CUST-04460,Neha Das,Consumer,India,Punjab,Ludhiana,971851,North
CUST-04461,Rohan Rao,Corporate,India,Odisha,Cuttack,744435,East
CUST-04462,Preethi Joshi,Corporate,India,Goa,Panaji,855649,West
CUST-04463,Shalini Singh,Small Business,India,Odisha,Bhubaneswar,457400,East
CUST-04464,Preethi Reddy,Small Business,India,Delhi,Dwarka,710980,North
CUST-04465,Neha Sharma,Consumer,India,Karnataka,Hubballi,476764,South
CUST-04466,Priya Menon,Consumer,India,Maharashtra,Mumbai,106171,West
CUST-04467,Ravi Kumar,Small Business,India,Karnataka,Bengaluru,367500,South
CUST-04468,Ravi Joshi,Consumer,India,Haryana,Gurugram,369121,North
CUST-04469,Kavya Verma,Home Office,India,Karnataka,Bengaluru,394114,South
CUST-04470,Shalini Verma,Small Business,India,Gujarat,Surat,136418,West
CUST-04471,Rahul Chatterjee,Corporate,India,Maharashtra,Mumbai,722981,West
CUST-04472,Pooja Sharma,Corporate,India,Gujarat,Ahmedabad,370418,West
CUST-04473,Swathi Kumar,Home Office,India,Karnataka,Hubballi,750429,South
CUST-04474,Radha Das,Corporate,India,Uttar Pradesh,Kanpur,431555,North
CUST-04475,Sanjay Chatterjee,Home Office,India,Goa,Margao,189732,West
CUST-04476,Meena Joshi,Small Business,India,Haryana,Panchkula,649911,North
CUST-04477,Sanjay Verma,Corporate,India,Goa,Panaji,115019,West
CUST-04478,Lakshmi Mishra,Consumer,India,Andhra Pradesh,Guntur,188921,South
CUST-04479,Neha Chatterjee,Corporate,India,Maharashtra,Mumbai,108260,West
CUST-04480,Sanjay Das,Consumer,India,Maharashtra,Nashik,782063,West
CUST-04481,Deepa Joshi,Consumer,India,Odisha,Cuttack,409699,East
CUST-04482,Deepa Nair,Corporate,India,Tamil Nadu,Salem,190950,South
CUST-04483,RAHUL NAIR,Small Business,India,Kerala,Kozhikode,968015,South
CUST-04484,Rahul Singh,Consumer,India,Goa,Margao,509446,West
CUST-04485,Priya Verma,Home Office,India,Uttar Pradesh,Lucknow,108655,North
CUST-04486,Vijay Iyer,Consumer,India,Tamil Nadu,Chennai,853917,South
CUST-04487,Rahul Rao,Corporate,India,Karnataka,Hubballi,796130,South
CUST-04488,Divya Kumar,Corporate,India,Goa,Margao,189335,West
CUST-04489,Ashok Rao,Home Office,India,Jharkhand,Ranchi,214297,East
CUST-04490,Preethi Kumar,Small Business,India,Rajasthan,Jaipur,928394,West
CUST-04491,Preethi Menon,Small Business,India,Odisha,Cuttack,983771,East
CUST-04492,Rohan Singh,Corporate,India,Delhi,Rohini,893064,North
CUST-04493,Rohan Rao,Small Business,India,Punjab,Jalandhar,327552,North
CUST-04494,Anita Iyer,Consumer,India,Gujarat,Surat,214346,West
CUST-04495,Rohan Singh,Home Office,India,Uttar Pradesh,Noida,528238,North
CUST-04496,Shalini Das,Home Office,India,Tamil Nadu,Salem,812279,South
CUST-04497,Vijay Pillai,Corporate,India,Haryana,Panchkula,537268,North
CUST-04498,Neha Nair,Small Business,India,Tamil Nadu,Chennai,885368,South
CUST-04499,Anita Gupta,Home Office,India,Haryana,Panchkula,770453,North
CUST-04500,Arjun Gupta,Home Office,India,Rajasthan,Jodhpur,126468,West
CUST-04501,,Corporate,India,Gujarat,Surat,594641,West
CUST-04502,  suresh mishra  ,Small Business,India,Telangana,Hyderabad,595782,South
CUST-04503,Rohan Joshi,Small Business,India,Kerala,Kochi,436543,South
CUST-04504,Deepa Verma,Corporate,India,Tamil Nadu,Salem,175765,South
CUST-04505,Vikram Reddy,Corporate,India,Andhra Pradesh,Vijayawada,914885,South
CUST-04506,  deepa singh  ,Home Office,India,Bihar,Gaya,186192,East
CUST-04507,Naveen Reddy,Small Business,India,Delhi,New Delhi,944386,North
CUST-04508,Ganesh Chatterjee,Small Business,India,Kerala,Kochi,469651,South
CUST-04509,Lakshmi Joshi,Consumer,India,Haryana,Gurugram,950158,North
CUST-04510,Anjali Patel,Corporate,India,Goa,Panaji,572827,West
CUST-04511,Karthik Kumar,Corporate,India,Delhi,Rohini,882564,North
CUST-04512,Lakshmi Joshi,Home Office,India,Andhra Pradesh,Vijayawada,874785,South
CUST-04513,Anita Iyer,Small Business,India,Maharashtra,Nashik,636593,West
CUST-04514,Ashok Nair,Corporate,India,Haryana,Faridabad,484152,North
CUST-04515,  radha rao  ,Small Business,India,Gujarat,Surat,233760,West
CUST-04516,Radha Menon,Corporate,India,Tamil Nadu,Salem,223233,South
CUST-04517,Suresh Sharma,Home Office,India,Maharashtra,Pune,114449,West
CUST-04518,Anita Menon,Small Business,India,Telangana,Hyderabad,682563,South
CUST-04519,Suresh Kumar,Corporate,India,Maharashtra,Nagpur,118873,West
CUST-04520,Vijay Pillai,Consumer,India,Telangana,Hyderabad,113129,South
CUST-04521,Rohan Gupta,Corporate,India,Rajasthan,Jodhpur,993910,West
CUST-04522,Kiran Nair,Corporate,India,Haryana,Faridabad,709252,North
CUST-04523,Neha Gupta,Home Office,India,Maharashtra,Nashik,682585,West
CUST-04524,Shalini Menon,Corporate,India,Goa,Margao,315996,West
CUST-04525,Pooja Das,Consumer,India,Rajasthan,Udaipur,274168,West
CUST-04526,Priya Patel,Corporate,India,Rajasthan,Jaipur,469428,West
CUST-04527,Suresh Menon,Home Office,India,Kerala,Kozhikode,646361,South
CUST-04528,Arjun Singh,Consumer,India,Maharashtra,Mumbai,468557,West
CUST-04529,Preethi Chatterjee,Small Business,India,Jharkhand,Jamshedpur,346456,East
CUST-04530,Arun Singh,Corporate,India,Rajasthan,Jodhpur,844825,West
CUST-04531,Divya Iyer,Home Office,India,Bihar,Patna,530723,East
CUST-04532,Naveen Pillai,Corporate,India,Rajasthan,Udaipur,370542,West
CUST-04533,Vikram Reddy,Small Business,India,Tamil Nadu,Salem,900128,South
CUST-04534,Deepa Gupta,Small Business,India,Gujarat,Ahmedabad,519167,West
CUST-04535,Ganesh Menon,Small Business,India,Andhra Pradesh,Vijayawada,926606,South
CUST-04536,Deepa Patel,Home Office,India,Goa,Margao,176518,West
CUST-04537,Neha Singh,Small Business,India,Uttar Pradesh,Kanpur,553355,North
CUST-04538,ARUN JOSHI,Home Office,India,Telangana,Hyderabad,220566,South
CUST-04539,  karthik iyer  ,Consumer,India,Tamil Nadu,Coimbatore,739410,South
CUST-04540,Meena Gupta,Small Business,India,Jharkhand,Jamshedpur,308467,East
CUST-04541,Karthik Patel,Consumer,India,Goa,Panaji,733034,West
CUST-04542,  sanjay reddy  ,Home Office,India,Andhra Pradesh,Guntur,915097,South
CUST-04543,Naveen Iyer,Corporate,India,Kerala,Kozhikode,604582,South
CUST-04544,  lakshmi chatterjee  ,Corporate,India,Maharashtra,Nagpur,798673,West
CUST-04545,Swathi Chatterjee,Corporate,India,Haryana,Faridabad,147243,North
CUST-04546,Anjali Gupta,Small Business,India,Punjab,Ludhiana,481506,North
CUST-04547,Suresh Pillai,Consumer,India,West Bengal,Kolkata,591753,East
CUST-04548,  radha mishra  ,Corporate,India,West Bengal,Kolkata,304964,East
CUST-04549,Divya Verma,Consumer,India,Kerala,Kochi,810755,South
CUST-04550,,Small Business,India,Jharkhand,Ranchi,977336,East
CUST-04551,Ganesh Das,Small Business,India,Gujarat,Surat,456863,West
CUST-04552,Swathi Das,Home Office,India,Punjab,Amritsar,136630,North
CUST-04553,Arjun Chatterjee,Home Office,India,Maharashtra,Nashik,970269,West
CUST-04554,Preethi Das,Small Business,India,Karnataka,Mysuru,384732,South
CUST-04555,Sanjay Joshi,Home Office,India,Odisha,Bhubaneswar,544907,East
CUST-04556,Anita Verma,Small Business,India,Gujarat,Vadodara,566039,West
CUST-04557,Suresh Mishra,Home Office,India,Jharkhand,Jamshedpur,182110,East
CUST-04558,  suresh mishra  ,Consumer,India,Karnataka,Bengaluru,435246,South
CUST-04559,POOJA RAO,Corporate,India,Maharashtra,Pune,619207,West
CUST-04560,Anita Patel,Small Business,India,Odisha,Cuttack,972152,East
CUST-04561,  rahul kumar  ,Home Office,India,Tamil Nadu,Madurai,562344,South
CUST-04562,Deepa Kumar,Corporate,India,Andhra Pradesh,Vijayawada,340723,South
CUST-04563,Ganesh Menon,Consumer,India,Uttar Pradesh,Kanpur,856668,North
CUST-04564,Anita Sharma,Consumer,India,Bihar,Patna,390137,East
CUST-04565,Shalini Patel,Consumer,India,Punjab,Jalandhar,468834,North
CUST-04566,Ravi Patel,Consumer,India,Delhi,Dwarka,429489,North
CUST-04567,Pooja Rao,Small Business,India,Rajasthan,Jaipur,573909,West
CUST-04568,Manoj Patel,Home Office,India,West Bengal,Siliguri,547785,East
CUST-04569,Sanjay Das,Corporate,India,Jharkhand,Jamshedpur,139156,East
CUST-04570,Deepa Menon,Small Business,India,Rajasthan,Udaipur,749415,West
CUST-04571,Priya Singh,Consumer,India,Punjab,Amritsar,155964,North
CUST-04572,Deepa Reddy,Home Office,India,Odisha,Cuttack,725291,East
CUST-04573,Ganesh Mishra,Small Business,India,Maharashtra,Nashik,693264,West
CUST-04574,Naveen Kumar,Home Office,India,Maharashtra,Mumbai,191430,West
CUST-04575,Kiran Pillai,Small Business,India,Karnataka,Mysuru,840100,South
CUST-04576,Shalini Pillai,Corporate,India,Odisha,Bhubaneswar,894192,East
CUST-04577,Anita Chatterjee,Home Office,India,Gujarat,Vadodara,593219,West
CUST-04578,Kiran Reddy,Corporate,India,Uttar Pradesh,Noida,728845,North
CUST-04579,Preethi Menon,Corporate,India,Rajasthan,Udaipur,215120,West
CUST-04580,Kiran Singh,Corporate,India,Odisha,Cuttack,207430,East
CUST-04581,  arjun mishra  ,Consumer,India,Delhi,New Delhi,450713,North
CUST-04582,Shalini Chatterjee,Consumer,India,West Bengal,Siliguri,481016,East
CUST-04583,Deepa Sharma,Corporate,India,Maharashtra,Nagpur,653344,West
CUST-04584,Arjun Patel,Consumer,India,Gujarat,Surat,305812,West
CUST-04585,MANOJ MENON,Home Office,India,Maharashtra,Mumbai,444523,West
CUST-04586,  meena patel  ,Small Business,India,West Bengal,Kolkata,235576,East
CUST-04587,Divya Mishra,Corporate,India,Rajasthan,Jodhpur,958959,West
CUST-04588,Suresh Rao,Small Business,India,Jharkhand,Jamshedpur,186724,East
CUST-04589,Arjun Patel,Consumer,India,Karnataka,Bengaluru,380128,South
CUST-04590,ANITA MENON,Corporate,India,Delhi,Dwarka,309613,North
CUST-04591,Kiran Pillai,Home Office,India,Maharashtra,Mumbai,105325,West
CUST-04592,Divya Pillai,Consumer,India,Uttar Pradesh,Noida,316764,North
CUST-04593,Lakshmi Chatterjee,Corporate,India,Andhra Pradesh,Guntur,305346,South
CUST-04594,Radha Rao,Small Business,India,Andhra Pradesh,Visakhapatnam,990960,South
CUST-04595,Arun Mishra,Consumer,India,Goa,Margao,773885,West
CUST-04596,PRIYA GUPTA,Corporate,India,Odisha,Cuttack,585397,East
CUST-04597,,Home Office,India,Tamil Nadu,Salem,197955,South
CUST-04598,Meena Nair,Corporate,India,Tamil Nadu,Chennai,182193,South
CUST-04599,SANJAY NAIR,Consumer,India,Punjab,Ludhiana,415575,North
CUST-04600,Anjali Sharma,Home Office,India,Andhra Pradesh,Visakhapatnam,411764,South
CUST-04601,Manoj Joshi,Corporate,India,Goa,Margao,568787,West
CUST-04602,Suresh Verma,Home Office,India,West Bengal,Howrah,812936,East
CUST-04603,Karthik Gupta,Corporate,India,Gujarat,Ahmedabad,252399,West
CUST-04604,Suresh Nair,Consumer,India,Goa,Panaji,472282,West
CUST-04605,  kiran mishra  ,Consumer,India,Odisha,Cuttack,539146,East
CUST-04606,Priya Reddy,Home Office,India,Rajasthan,Udaipur,543780,West
CUST-04607,Sanjay Reddy,Home Office,India,Odisha,Cuttack,938029,East
CUST-04608,Neha Singh,Consumer,India,Goa,Panaji,875370,West
CUST-04609,Arjun Nair,Home Office,India,West Bengal,Siliguri,367709,East
CUST-04610,Rahul Kumar,Small Business,India,Maharashtra,Pune,991996,West
CUST-04611,Lakshmi Menon,Consumer,India,Andhra Pradesh,Vijayawada,448799,South
CUST-04612,Swathi Nair,Home Office,India,Maharashtra,Pune,559946,West
CUST-04613,Deepa Joshi,Corporate,India,Karnataka,Mysuru,490179,South
CUST-04614,Vikram Mishra,Home Office,India,Uttar Pradesh,Lucknow,992889,North
CUST-04615,Lakshmi Joshi,Consumer,India,West Bengal,Kolkata,140409,East
CUST-04616,Ashok Pillai,Home Office,India,Goa,Margao,398014,West
CUST-04617,Suresh Reddy,Corporate,India,Maharashtra,Mumbai,547082,West
CUST-04618,Swathi Joshi,Home Office,India,Haryana,Faridabad,261520,North
CUST-04619,  radha gupta  ,Small Business,India,Maharashtra,Pune,551858,West
CUST-04620,Meena Reddy,Corporate,India,Uttar Pradesh,Lucknow,913493,North
CUST-04621,Vikram Iyer,Home Office,India,Karnataka,Hubballi,956724,South
CUST-04622,Divya Joshi,Consumer,India,West Bengal,Howrah,958913,East
CUST-04623,Neha Rao,Home Office,India,Karnataka,Hubballi,470348,South
CUST-04624,Radha Das,Small Business,India,Uttar Pradesh,Kanpur,229002,North
CUST-04625,Vikram Pillai,Small Business,India,Odisha,Bhubaneswar,607148,East
CUST-04626,Lakshmi Pillai,Consumer,India,Delhi,New Delhi,416168,North
CUST-04627,Meena Menon,Consumer,India,Punjab,Jalandhar,596657,North
CUST-04628,Rahul Gupta,Small Business,India,Punjab,Jalandhar,756143,North
CUST-04629,Ashok Sharma,Corporate,India,West Bengal,Kolkata,814761,East
CUST-04630,ARJUN PILLAI,Consumer,India,West Bengal,Siliguri,812210,East
CUST-04631,Pooja Menon,Consumer,India,Goa,Margao,182081,West
CUST-04632,Sneha Chatterjee,Consumer,India,Karnataka,Hubballi,150842,South
CUST-04633,ANJALI MENON,Corporate,India,Rajasthan,Udaipur,554483,West
CUST-04634,Radha Kumar,Corporate,India,Odisha,Bhubaneswar,801613,East
CUST-04635,Kiran Iyer,Corporate,India,Rajasthan,Jodhpur,658152,West
CUST-04636,Arjun Reddy,Small Business,India,Telangana,Warangal,910470,South
CUST-04637,Ashok Nair,Corporate,India,Jharkhand,Jamshedpur,108285,East
CUST-04638,Sneha Chatterjee,Small Business,India,Maharashtra,Mumbai,406291,West
CUST-04639,Suresh Kumar,Corporate,India,Karnataka,Bengaluru,585595,South
CUST-04640,Lakshmi Das,Small Business,India,Telangana,Warangal,351257,South
CUST-04641,Swathi Joshi,Home Office,India,Maharashtra,Pune,964853,West
CUST-04642,Arjun Mishra,Home Office,India,Odisha,Bhubaneswar,192601,East
CUST-04643,Vikram Verma,Home Office,India,Tamil Nadu,Madurai,196313,South
CUST-04644,Rohan Menon,Consumer,India,West Bengal,Kolkata,392708,East
CUST-04645,Ganesh Kumar,Small Business,India,Rajasthan,Jodhpur,692808,West
CUST-04646,Kavya Iyer,Corporate,India,Haryana,Faridabad,793410,North
CUST-04647,Anjali Nair,Small Business,India,Karnataka,Mysuru,502347,South
CUST-04648,Vikram Rao,Home Office,India,Gujarat,Ahmedabad,841345,West
CUST-04649,Vikram Das,Home Office,India,Gujarat,Ahmedabad,415413,West
CUST-04650,Shalini Verma,Small Business,India,Kerala,Thiruvananthapuram,712495,South
CUST-04651,Vijay Mishra,Home Office,India,Odisha,Bhubaneswar,518795,East
CUST-04652,Swathi Kumar,Home Office,India,Punjab,Ludhiana,469687,North
CUST-04653,Kiran Joshi,Home Office,India,West Bengal,Siliguri,544962,East
CUST-04654,Kavya Rao,Consumer,India,Uttar Pradesh,Noida,589571,North
CUST-04655,Pooja Menon,Home Office,India,Karnataka,Bengaluru,938479,South
CUST-04656,Swathi Das,Small Business,India,Maharashtra,Pune,362206,West
CUST-04657,Anjali Verma,Consumer,India,Punjab,Jalandhar,762251,North
CUST-04658,Swathi Kumar,Home Office,India,Kerala,Kozhikode,528708,South
CUST-04659,Preethi Verma,Consumer,India,Punjab,Ludhiana,669820,North
CUST-04660,Naveen Gupta,Small Business,India,Bihar,Gaya,689986,East
CUST-04661,Sneha Joshi,Consumer,India,Odisha,Bhubaneswar,719754,East
CUST-04662,  divya kumar  ,Consumer,India,Telangana,Hyderabad,142527,South
CUST-04663,Rohan Nair,Home Office,India,Goa,Margao,185481,West
CUST-04664,Naveen Singh,Small Business,India,Goa,Panaji,972292,West
CUST-04665,Rohan Joshi,Corporate,India,Delhi,Dwarka,837453,North
CUST-04666,  divya singh  ,Corporate,India,Tamil Nadu,Salem,431905,South
CUST-04667,DEEPA JOSHI,Home Office,India,Jharkhand,Ranchi,878056,East
CUST-04668,Karthik Kumar,Corporate,India,Goa,Margao,887659,West
CUST-04669,Neha Mishra,Corporate,India,Karnataka,Hubballi,455626,South
CUST-04670,Anjali Nair,Corporate,India,Delhi,Rohini,397185,North
CUST-04671,  shalini iyer  ,Small Business,India,Uttar Pradesh,Kanpur,533866,North
CUST-04672,  anjali menon  ,Small Business,India,Telangana,Hyderabad,190647,South
CUST-04673,Vijay Nair,Home Office,India,Karnataka,Bengaluru,575727,South
CUST-04674,Rohan Sharma,Small Business,India,Odisha,Cuttack,353707,East
CUST-04675,Manoj Verma,Consumer,India,Haryana,Faridabad,108091,North
CUST-04676,NAVEEN DAS,Consumer,India,Rajasthan,Jodhpur,611105,West
CUST-04677,Manoj Iyer,Consumer,India,Punjab,Amritsar,286469,North
CUST-04678,Preethi Menon,Home Office,India,Uttar Pradesh,Kanpur,352631,North
CUST-04679,Vijay Rao,Home Office,India,Delhi,Dwarka,760229,North
CUST-04680,Rahul Iyer,Small Business,India,Telangana,Warangal,446918,South
CUST-04681,Vikram Nair,Corporate,India,Haryana,Gurugram,840571,North
CUST-04682,Suresh Das,Home Office,India,Jharkhand,Jamshedpur,653984,East
CUST-04683,Ganesh Kumar,Consumer,India,Uttar Pradesh,Lucknow,855755,North
CUST-04684,Karthik Verma,Consumer,India,Bihar,Gaya,419586,East
CUST-04685,Vikram Singh,Home Office,India,Telangana,Hyderabad,912320,South
CUST-04686,Vijay Rao,Small Business,India,Delhi,New Delhi,431045,North
CUST-04687,Manoj Sharma,Home Office,India,Delhi,New Delhi,705698,North
CUST-04688,Manoj Mishra,Corporate,India,Delhi,Rohini,770865,North
CUST-04689,Anita Patel,Consumer,India,Maharashtra,Pune,164474,West
CUST-04690,Lakshmi Gupta,Corporate,India,Rajasthan,Jodhpur,812991,West
CUST-04691,Ganesh Joshi,Home Office,India,Punjab,Jalandhar,570895,North
CUST-04692,Manoj Pillai,Consumer,India,Delhi,Rohini,471831,North
CUST-04693,Vijay Rao,Consumer,India,Delhi,Dwarka,900560,North
CUST-04694,Ashok Iyer,Corporate,India,Andhra Pradesh,Guntur,736040,South
CUST-04695,Vikram Chatterjee,Small Business,India,Karnataka,Hubballi,774845,South
CUST-04696,Anita Singh,Home Office,India,Delhi,Rohini,504443,North
CUST-04697,Preethi Pillai,Home Office,India,Uttar Pradesh,Lucknow,875999,North
CUST-04698,Arun Joshi,Consumer,India,Andhra Pradesh,Guntur,486579,South
CUST-04699,Deepa Verma,Corporate,India,Maharashtra,Mumbai,254355,West
CUST-04700,Kavya Kumar,Small Business,India,Haryana,Panchkula,970522,North
CUST-04701,Neha Das,Consumer,India,Gujarat,Surat,120937,West
CUST-04702,  anjali das  ,Consumer,India,Delhi,New Delhi,716179,North
CUST-04703,Neha Iyer,Consumer,India,West Bengal,Siliguri,590055,East
CUST-04704,Ravi Chatterjee,Consumer,India,Odisha,Bhubaneswar,276253,East
CUST-04705,Ravi Mishra,Small Business,India,Maharashtra,Nagpur,963272,West
CUST-04706,Swathi Mishra,Small Business,India,Haryana,Panchkula,831550,North
CUST-04707,GANESH VERMA,Small Business,India,Maharashtra,Mumbai,778931,West
CUST-04708,Deepa Mishra,Home Office,India,Tamil Nadu,Chennai,766621,South
CUST-04709,Ganesh Reddy,Corporate,India,Goa,Panaji,957143,West
CUST-04710,Preethi Reddy,Small Business,India,Tamil Nadu,Salem,486290,South
CUST-04711,RADHA MISHRA,Corporate,India,Karnataka,Hubballi,866096,South
CUST-04712,Pooja Reddy,Home Office,India,Maharashtra,Mumbai,589659,West
CUST-04713,Deepa Menon,Consumer,India,Andhra Pradesh,Vijayawada,667636,South
CUST-04714,Deepa Patel,Home Office,India,Gujarat,Surat,571098,West
CUST-04715,Lakshmi Verma,Home Office,India,West Bengal,Siliguri,676786,East
CUST-04716,GANESH JOSHI,Home Office,India,Haryana,Faridabad,286063,North
CUST-04717,Karthik Menon,Small Business,India,Punjab,Ludhiana,830887,North
CUST-04718,Rohan Chatterjee,Consumer,India,Gujarat,Ahmedabad,217373,West
CUST-04719,Vikram Pillai,Consumer,India,Tamil Nadu,Madurai,811190,South
CUST-04720,Deepa Menon,Small Business,India,Delhi,Rohini,436526,North
CUST-04721,Shalini Joshi,Corporate,India,Andhra Pradesh,Vijayawada,343419,South
CUST-04722,Sneha Sharma,Home Office,India,Haryana,Panchkula,727282,North
CUST-04723,Arjun Reddy,Corporate,India,Haryana,Faridabad,295346,North
CUST-04724,Meena Pillai,Corporate,India,Haryana,Faridabad,574016,North
CUST-04725,Ganesh Rao,Small Business,India,Punjab,Jalandhar,561893,North
CUST-04726,Shalini Rao,Home Office,India,Rajasthan,Udaipur,782646,West
CUST-04727,Naveen Sharma,Small Business,India,Kerala,Thiruvananthapuram,441475,South
CUST-04728,Preethi Iyer,Corporate,India,Maharashtra,Nagpur,415260,West
CUST-04729,Meena Verma,Corporate,India,Tamil Nadu,Salem,466731,South
CUST-04730,Rahul Joshi,Corporate,India,Andhra Pradesh,Visakhapatnam,133195,South
CUST-04731,Suresh Sharma,Corporate,India,Jharkhand,Ranchi,925457,East
CUST-04732,Kiran Pillai,Home Office,India,Telangana,Warangal,295510,South
CUST-04733,Sanjay Mishra,Home Office,India,Delhi,New Delhi,945767,North
CUST-04734,  anjali patel  ,Consumer,India,Karnataka,Mysuru,940816,South
CUST-04735,Rohan Joshi,Small Business,India,Jharkhand,Jamshedpur,721810,East
CUST-04736,Ganesh Nair,Consumer,India,Haryana,Faridabad,101464,North
CUST-04737,Ashok Das,Consumer,India,West Bengal,Kolkata,752687,East
CUST-04738,Kiran Rao,Home Office,India,Andhra Pradesh,Vijayawada,570074,South
CUST-04739,KIRAN IYER,Home Office,India,Haryana,Gurugram,193483,North
CUST-04740,Vikram Singh,Small Business,India,Maharashtra,Nagpur,487376,West
CUST-04741,Kavya Singh,Small Business,India,Odisha,Cuttack,269210,East
CUST-04742,Rahul Singh,Consumer,India,Telangana,Warangal,270568,South
CUST-04743,Rahul Patel,Corporate,India,Andhra Pradesh,Guntur,753245,South
CUST-04744,Deepa Iyer,Home Office,India,Maharashtra,Pune,358075,West
CUST-04745,Radha Verma,Consumer,India,Karnataka,Bengaluru,595226,South
CUST-04746,Shalini Rao,Consumer,India,Rajasthan,Udaipur,651015,West
CUST-04747,Divya Chatterjee,Corporate,India,Tamil Nadu,Chennai,453681,South
CUST-04748,Anita Gupta,Corporate,India,Delhi,New Delhi,278737,North
CUST-04749,Karthik Chatterjee,Home Office,India,Gujarat,Surat,143626,West
CUST-04750,Anita Verma,Corporate,India,Karnataka,Mysuru,227765,South
CUST-04751,Anita Kumar,Home Office,India,Haryana,Panchkula,643045,North
CUST-04752,Rahul Das,Home Office,India,Bihar,Patna,895887,East
CUST-04753,Swathi Pillai,Corporate,India,Jharkhand,Ranchi,596441,East
CUST-04754,Shalini Singh,Corporate,India,Goa,Panaji,286941,West
CUST-04755,Swathi Reddy,Corporate,India,West Bengal,Siliguri,396894,East
CUST-04756,Divya Singh,Consumer,India,Haryana,Faridabad,398051,North
CUST-04757,Pooja Chatterjee,Corporate,India,Rajasthan,Udaipur,709307,West
CUST-04758,RAHUL NAIR,Corporate,India,Delhi,New Delhi,226569,North
CUST-04759,Manoj Singh,Consumer,India,Delhi,Rohini,259537,North
CUST-04760,Meena Das,Small Business,India,West Bengal,Kolkata,627639,East
CUST-04761,Ravi Nair,Consumer,India,Maharashtra,Nagpur,295682,West
CUST-04762,Rahul Reddy,Home Office,India,Telangana,Warangal,427335,South
CUST-04763,RAHUL MENON,Consumer,India,Uttar Pradesh,Lucknow,854264,North
CUST-04764,Divya Reddy,Home Office,India,Tamil Nadu,Chennai,164630,South
CUST-04765,Naveen Gupta,Corporate,India,Tamil Nadu,Madurai,403898,South
CUST-04766,Anita Nair,Home Office,India,Uttar Pradesh,Lucknow,861819,North
CUST-04767,Karthik Rao,Corporate,India,Uttar Pradesh,Noida,110514,North
CUST-04768,ASHOK PATEL,Small Business,India,Uttar Pradesh,Noida,353484,North
CUST-04769,Manoj Joshi,Home Office,India,Andhra Pradesh,Guntur,131077,South
CUST-04770,Kiran Joshi,Small Business,India,West Bengal,Howrah,840377,East
CUST-04771,Neha Joshi,Consumer,India,Gujarat,Ahmedabad,240607,West
CUST-04772,Meena Sharma,Corporate,India,Delhi,Dwarka,352813,North
CUST-04773,Karthik Kumar,Small Business,India,Bihar,Patna,805916,East
CUST-04774,Shalini Nair,Corporate,India,Andhra Pradesh,Visakhapatnam,389941,South
CUST-04775,Anita Menon,Small Business,India,Goa,Panaji,286522,West
CUST-04776,Vijay Rao,Home Office,India,Goa,Panaji,677668,West
CUST-04777,Shalini Gupta,Corporate,India,Gujarat,Surat,704565,West
CUST-04778,Kiran Gupta,Small Business,India,Maharashtra,Nagpur,675962,West
CUST-04779,Radha Sharma,Corporate,India,Karnataka,Mysuru,289420,South
CUST-04780,Anjali Iyer,Home Office,India,Gujarat,Vadodara,744031,West
CUST-04781,Kavya Gupta,Corporate,India,Odisha,Cuttack,184803,East
CUST-04782,  priya pillai  ,Small Business,India,Delhi,New Delhi,954689,North
CUST-04783,Deepa Pillai,Home Office,India,Delhi,New Delhi,858345,North
CUST-04784,Shalini Chatterjee,Home Office,India,Tamil Nadu,Chennai,920236,South
CUST-04785,Kavya Nair,Consumer,India,Punjab,Amritsar,349225,North
CUST-04786,Lakshmi Patel,Home Office,India,Rajasthan,Jodhpur,393049,West
CUST-04787,Ganesh Verma,Corporate,India,Kerala,Kozhikode,205719,South
CUST-04788,Anita Verma,Home Office,India,West Bengal,Kolkata,170591,East
CUST-04789,Ravi Pillai,Consumer,India,Haryana,Faridabad,883977,North
CUST-04790,  divya rao  ,Small Business,India,Maharashtra,Mumbai,340520,West
CUST-04791,Preethi Verma,Home Office,India,Jharkhand,Ranchi,131917,East
CUST-04792,Ashok Nair,Home Office,India,Uttar Pradesh,Lucknow,348782,North
CUST-04793,Arjun Mishra,Corporate,India,Delhi,Rohini,843828,North
CUST-04794,Kiran Reddy,Consumer,India,Haryana,Panchkula,641017,North
CUST-04795,Naveen Rao,Small Business,India,Andhra Pradesh,Visakhapatnam,422130,South
CUST-04796,Rohan Reddy,Small Business,India,Punjab,Amritsar,269063,North
CUST-04797,Vijay Joshi,Consumer,India,Tamil Nadu,Salem,173746,South
CUST-04798,Divya Kumar,Small Business,India,Rajasthan,Jaipur,628344,West
CUST-04799,Anita Verma,Consumer,India,Goa,Panaji,372017,West
CUST-04800,Arjun Kumar,Small Business,India,Tamil Nadu,Madurai,839229,South
CUST-04801,Swathi Sharma,Consumer,India,Delhi,Rohini,235254,North
CUST-04802,Arun Iyer,Corporate,India,Maharashtra,Pune,147753,West
CUST-04803,Kiran Joshi,Corporate,India,Rajasthan,Jaipur,567261,West
CUST-04804,Ganesh Joshi,Corporate,India,Delhi,New Delhi,319807,North
CUST-04805,  swathi joshi  ,Corporate,India,Karnataka,Bengaluru,323394,South
CUST-04806,Pooja Iyer,Consumer,India,Delhi,Rohini,943883,North
CUST-04807,Kiran Singh,Consumer,India,Haryana,Faridabad,308957,North
CUST-04808,Manoj Singh,Small Business,India,Haryana,Panchkula,149623,North
CUST-04809,Rohan Rao,Small Business,India,Goa,Margao,474698,West
CUST-04810,Swathi Iyer,Consumer,India,Gujarat,Ahmedabad,496123,West
CUST-04811,Vijay Joshi,Small Business,India,Bihar,Gaya,680623,East
CUST-04812,Pooja Iyer,Small Business,India,Tamil Nadu,Salem,624393,South
CUST-04813,Lakshmi Iyer,Corporate,India,Rajasthan,Jaipur,701631,West
CUST-04814,Priya Patel,Corporate,India,Gujarat,Surat,599700,West
CUST-04815,Rahul Verma,Small Business,India,Jharkhand,Jamshedpur,625642,East
CUST-04816,Anita Mishra,Home Office,India,Jharkhand,Ranchi,334195,East
CUST-04817,Deepa Chatterjee,Consumer,India,Kerala,Kochi,863273,South
CUST-04818,Ashok Joshi,Home Office,India,Kerala,Thiruvananthapuram,634772,South
CUST-04819,NEHA VERMA,Small Business,India,Tamil Nadu,Madurai,793816,South
CUST-04820,Ashok Patel,Corporate,India,Kerala,Kochi,730142,South
CUST-04821,Swathi Verma,Small Business,India,Karnataka,Bengaluru,132607,South
CUST-04822,Manoj Kumar,Small Business,India,Haryana,Panchkula,157192,North
CUST-04823,Manoj Patel,Home Office,India,Uttar Pradesh,Kanpur,157849,North
CUST-04824,  vijay rao  ,Home Office,India,Odisha,Cuttack,435135,East
CUST-04825,Vijay Das,Corporate,India,Maharashtra,Nagpur,590716,West
CUST-04826,Shalini Reddy,Consumer,India,Delhi,Rohini,876226,North
CUST-04827,Radha Patel,Home Office,India,Delhi,Dwarka,906384,North
CUST-04828,Shalini Gupta,Consumer,India,Karnataka,Hubballi,522085,South
CUST-04829,Ravi Kumar,Consumer,India,Karnataka,Mysuru,199382,South
CUST-04830,Kavya Joshi,Small Business,India,Punjab,Jalandhar,647164,North
CUST-04831,Rohan Singh,Small Business,India,Kerala,Kochi,963738,South
CUST-04832,Deepa Iyer,Consumer,India,Haryana,Faridabad,944318,North
CUST-04833,ARUN RAO,Home Office,India,Tamil Nadu,Madurai,264658,South
CUST-04834,Meena Singh,Consumer,India,Tamil Nadu,Coimbatore,924002,South
CUST-04835,Swathi Das,Small Business,India,Gujarat,Vadodara,693803,West
CUST-04836,Swathi Sharma,Consumer,India,Tamil Nadu,Salem,770131,South
CUST-04837,Divya Mishra,Corporate,India,Maharashtra,Pune,754654,West
CUST-04838,Manoj Kumar,Consumer,India,Karnataka,Hubballi,996609,South
CUST-04839,Karthik Das,Corporate,India,Karnataka,Hubballi,356965,South
CUST-04840,Ravi Chatterjee,Consumer,India,Andhra Pradesh,Vijayawada,201604,South
CUST-04841,Naveen Joshi,Corporate,India,Punjab,Ludhiana,122621,North
CUST-04842,Vikram Nair,Small Business,India,Andhra Pradesh,Visakhapatnam,499856,South
CUST-04843,Shalini Verma,Corporate,India,Tamil Nadu,Salem,498398,South
CUST-04844,Vikram Reddy,Home Office,India,Punjab,Amritsar,961529,North
CUST-04845,Naveen Kumar,Consumer,India,West Bengal,Howrah,244188,East
CUST-04846,Sanjay Menon,Consumer,India,Punjab,Ludhiana,922145,North
CUST-04847,Swathi Singh,Small Business,India,Karnataka,Bengaluru,271914,South
CUST-04848,Anjali Pillai,Home Office,India,Tamil Nadu,Chennai,687766,South
CUST-04849,Divya Das,Home Office,India,Haryana,Gurugram,818714,North
CUST-04850,Meena Patel,Small Business,India,Jharkhand,Jamshedpur,248550,East
CUST-04851,Naveen Verma,Small Business,India,Kerala,Thiruvananthapuram,319838,South
CUST-04852,Rohan Chatterjee,Home Office,India,Gujarat,Vadodara,233433,West
CUST-04853,Ganesh Singh,Corporate,India,Delhi,Rohini,291860,North
CUST-04854,Anjali Pillai,Corporate,India,Gujarat,Surat,158681,West
CUST-04855,Ashok Gupta,Consumer,India,Gujarat,Surat,643027,West
CUST-04856,Priya Joshi,Consumer,India,Bihar,Gaya,797987,East
CUST-04857,Manoj Menon,Home Office,India,Andhra Pradesh,Vijayawada,371840,South
CUST-04858,Ravi Joshi,Small Business,India,Gujarat,Ahmedabad,612393,West
CUST-04859,Sanjay Patel,Consumer,India,Goa,Panaji,357196,West
CUST-04860,Kavya Kumar,Corporate,India,Andhra Pradesh,Guntur,695905,South
CUST-04861,Anita Mishra,Home Office,India,Andhra Pradesh,Vijayawada,945390,South
CUST-04862,Shalini Pillai,Small Business,India,West Bengal,Siliguri,404352,East
CUST-04863,Ashok Patel,Corporate,India,Delhi,Dwarka,590511,North
CUST-04864,Anita Menon,Consumer,India,Goa,Margao,556197,West
CUST-04865,Lakshmi Rao,Home Office,India,Uttar Pradesh,Lucknow,983328,North
CUST-04866,Rohan Pillai,Consumer,India,Odisha,Bhubaneswar,932583,East
CUST-04867,Sanjay Sharma,Home Office,India,Tamil Nadu,Salem,238093,South
CUST-04868,Ravi Singh,Home Office,India,Tamil Nadu,Madurai,806726,South
CUST-04869,Ganesh Pillai,Corporate,India,Uttar Pradesh,Lucknow,818986,North
CUST-04870,Radha Patel,Home Office,India,Rajasthan,Udaipur,534256,West
CUST-04871,Anita Pillai,Home Office,India,Bihar,Gaya,753450,East
CUST-04872,Sneha Mishra,Consumer,India,Jharkhand,Ranchi,302423,East
CUST-04873,Preethi Nair,Consumer,India,Maharashtra,Pune,864776,West
CUST-04874,Swathi Patel,Corporate,India,Delhi,Dwarka,269241,North
CUST-04875,Radha Nair,Consumer,India,Maharashtra,Nashik,506284,West
CUST-04876,Arun Patel,Small Business,India,Delhi,Rohini,391677,North
CUST-04877,Neha Chatterjee,Consumer,India,Tamil Nadu,Coimbatore,629154,South
CUST-04878,Rohan Nair,Corporate,India,Rajasthan,Jaipur,853358,West
CUST-04879,Kiran Verma,Corporate,India,Goa,Panaji,473824,West
CUST-04880,Rohan Mishra,Small Business,India,Telangana,Warangal,614188,South
CUST-04881,Rahul Patel,Corporate,India,Tamil Nadu,Salem,888538,South
CUST-04882,Anita Nair,Corporate,India,Bihar,Gaya,561861,East
CUST-04883,KARTHIK PILLAI,Consumer,India,Haryana,Faridabad,143059,North
CUST-04884,Manoj Gupta,Corporate,India,Punjab,Amritsar,369966,North
CUST-04885,Ravi Chatterjee,Small Business,India,Rajasthan,Udaipur,798858,West
CUST-04886,  preethi joshi  ,Home Office,India,Punjab,Amritsar,478737,North
CUST-04887,  sneha kumar  ,Corporate,India,Rajasthan,Jodhpur,695375,West
CUST-04888,Shalini Pillai,Corporate,India,Punjab,Ludhiana,599446,North
CUST-04889,Ashok Rao,Small Business,India,Haryana,Gurugram,236502,North
CUST-04890,Karthik Singh,Consumer,India,Gujarat,Vadodara,456395,West
CUST-04891,Manoj Pillai,Consumer,India,Goa,Margao,769936,West
CUST-04892,Arun Sharma,Corporate,India,Maharashtra,Nashik,258065,West
CUST-04893,Preethi Gupta,Home Office,India,Haryana,Faridabad,647825,North
CUST-04894,Ravi Verma,Consumer,India,Rajasthan,Udaipur,533614,West
CUST-04895,  shalini mishra  ,Small Business,India,Andhra Pradesh,Visakhapatnam,220573,South
CUST-04896,Sneha Menon,Consumer,India,Delhi,New Delhi,958837,North
CUST-04897,Meena Iyer,Consumer,India,Maharashtra,Nagpur,452552,West
CUST-04898,Anjali Kumar,Small Business,India,Punjab,Ludhiana,565255,North
CUST-04899,DEEPA VERMA,Home Office,India,Kerala,Kozhikode,815938,South
CUST-04900,Rahul Reddy,Consumer,India,Kerala,Kochi,451543,South
CUST-04901,Ashok Rao,Home Office,India,Telangana,Hyderabad,532329,South
CUST-04902,  kavya verma  ,Consumer,India,Haryana,Gurugram,666416,North
CUST-04903,  shalini rao  ,Home Office,India,West Bengal,Siliguri,680326,East
CUST-04904,Ravi Patel,Consumer,India,Telangana,Hyderabad,253340,South
CUST-04905,Radha Singh,Home Office,India,Goa,Margao,310963,West
CUST-04906,Ravi Chatterjee,Consumer,India,Maharashtra,Pune,368865,West
CUST-04907,Ashok Das,Home Office,India,Rajasthan,Udaipur,635552,West
CUST-04908,Vijay Iyer,Small Business,India,Punjab,Ludhiana,514493,North
CUST-04909,Karthik Mishra,Small Business,India,West Bengal,Kolkata,347621,East
CUST-04910,Deepa Sharma,Home Office,India,Punjab,Amritsar,267885,North
CUST-04911,Anita Patel,Corporate,India,Andhra Pradesh,Visakhapatnam,808615,South
CUST-04912,Radha Mishra,Home Office,India,Rajasthan,Jaipur,115298,West
CUST-04913,Ganesh Menon,Consumer,India,Andhra Pradesh,Guntur,461297,South
CUST-04914,Shalini Gupta,Corporate,India,Maharashtra,Mumbai,831111,West
CUST-04915,Anjali Gupta,Home Office,India,Maharashtra,Nashik,318463,West
CUST-04916,ASHOK JOSHI,Corporate,India,Uttar Pradesh,Kanpur,175880,North
CUST-04917,Neha Verma,Home Office,India,Maharashtra,Nagpur,791778,West
CUST-04918,RAVI SINGH,Small Business,India,Uttar Pradesh,Kanpur,456955,North
CUST-04919,Neha Kumar,Corporate,India,Kerala,Kozhikode,614961,South
CUST-04920,Vikram Kumar,Consumer,India,Tamil Nadu,Chennai,381718,South
CUST-04921,Sanjay Verma,Corporate,India,West Bengal,Siliguri,298231,East
CUST-04922,Neha Patel,Small Business,India,West Bengal,Kolkata,812668,East
CUST-04923,Arun Joshi,Consumer,India,Delhi,Rohini,546892,North
CUST-04924,Naveen Patel,Small Business,India,Tamil Nadu,Madurai,359544,South
CUST-04925,Ganesh Iyer,Small Business,India,Jharkhand,Ranchi,792559,East
CUST-04926,Sanjay Mishra,Small Business,India,Punjab,Jalandhar,792393,North
CUST-04927,Sneha Iyer,Small Business,India,Andhra Pradesh,Visakhapatnam,601229,South
CUST-04928,Suresh Pillai,Small Business,India,Gujarat,Surat,558360,West
CUST-04929,Anita Joshi,Home Office,India,Kerala,Kochi,170326,South
CUST-04930,Kiran Iyer,Small Business,India,Karnataka,Bengaluru,214113,South
CUST-04931,Ganesh Gupta,Corporate,India,Punjab,Jalandhar,763741,North
CUST-04932,Ganesh Gupta,Consumer,India,Haryana,Faridabad,429298,North
CUST-04933,Preethi Nair,Consumer,India,Odisha,Bhubaneswar,829850,East
CUST-04934,Radha Pillai,Small Business,India,Telangana,Warangal,575402,South
CUST-04935,Divya Mishra,Small Business,India,West Bengal,Siliguri,829525,East
CUST-04936,Ganesh Rao,Consumer,India,Rajasthan,Udaipur,188624,West
CUST-04937,Manoj Chatterjee,Small Business,India,Gujarat,Ahmedabad,925135,West
CUST-04938,Deepa Das,Home Office,India,Andhra Pradesh,Guntur,520343,South
CUST-04939,Rohan Kumar,Home Office,India,Gujarat,Surat,803819,West
CUST-04940,Rahul Verma,Small Business,India,Uttar Pradesh,Kanpur,174039,North
CUST-04941,Arjun Joshi,Small Business,India,Gujarat,Vadodara,240886,West
CUST-04942,Suresh Nair,Small Business,India,Uttar Pradesh,Noida,105187,North
CUST-04943,Priya Das,Small Business,India,Goa,Margao,278433,West
CUST-04944,Shalini Patel,Small Business,India,Delhi,Rohini,164700,North
CUST-04945,Kavya Menon,Corporate,India,Goa,Panaji,139240,West
CUST-04946,Priya Menon,Corporate,India,Punjab,Jalandhar,670410,North
CUST-04947,Naveen Kumar,Consumer,India,Punjab,Jalandhar,213764,North
CUST-04948,Sanjay Pillai,Home Office,India,Karnataka,Bengaluru,626141,South
CUST-04949,Ravi Singh,Small Business,India,Andhra Pradesh,Visakhapatnam,260935,South
CUST-04950,Lakshmi Mishra,Small Business,India,Karnataka,Bengaluru,463270,South
CUST-04951,Radha Mishra,Corporate,India,Rajasthan,Udaipur,672739,West
CUST-04952,Swathi Rao,Small Business,India,Kerala,Kozhikode,466055,South
CUST-04953,Ashok Rao,Home Office,India,Odisha,Bhubaneswar,313210,East
CUST-04954,Suresh Iyer,Corporate,India,Maharashtra,Nagpur,785062,West
CUST-04955,Ravi Reddy,Consumer,India,Goa,Margao,744588,West
CUST-04956,Suresh Das,Small Business,India,Goa,Margao,421408,West
CUST-04957,Sanjay Singh,Home Office,India,Haryana,Panchkula,552580,North
CUST-04958,Vikram Das,Consumer,India,Maharashtra,Nashik,692014,West
CUST-04959,Radha Joshi,Consumer,India,Punjab,Amritsar,736189,North
CUST-04960,Anita Nair,Small Business,India,Delhi,New Delhi,296998,North
CUST-04961,Preethi Pillai,Consumer,India,West Bengal,Howrah,178885,East
CUST-04962,  sanjay gupta  ,Home Office,India,Kerala,Kochi,955123,South
CUST-04963,Sanjay Verma,Corporate,India,Maharashtra,Mumbai,527854,West
CUST-04964,Swathi Pillai,Corporate,India,Delhi,Rohini,647276,North
CUST-04965,RAHUL RAO,Consumer,India,Odisha,Cuttack,664616,East
CUST-04966,Priya Joshi,Home Office,India,Kerala,Thiruvananthapuram,428591,South
CUST-04967,Rohan Singh,Corporate,India,Gujarat,Vadodara,411978,West
CUST-04968,Pooja Kumar,Corporate,India,Jharkhand,Jamshedpur,729406,East
CUST-04969,Priya Mishra,Home Office,India,Delhi,Dwarka,246500,North
CUST-04970,Karthik Kumar,Small Business,India,West Bengal,Kolkata,112608,East
CUST-04971,Swathi Verma,Corporate,India,Bihar,Patna,822950,East
CUST-04972,Deepa Rao,Home Office,India,Gujarat,Ahmedabad,557352,West
CUST-04973,Rohan Mishra,Corporate,India,Andhra Pradesh,Visakhapatnam,598928,South
CUST-04974,Meena Mishra,Small Business,India,Haryana,Gurugram,288454,North
CUST-04975,Anjali Menon,Corporate,India,Rajasthan,Udaipur,881163,West
CUST-04976,Naveen Nair,Consumer,India,Punjab,Amritsar,462540,North
CUST-04977,Naveen Rao,Consumer,India,West Bengal,Howrah,361683,East
CUST-04978,Neha Verma,Home Office,India,Gujarat,Surat,289724,West
CUST-04979,Ashok Iyer,Consumer,India,Haryana,Panchkula,732313,North
CUST-04980,Divya Nair,Corporate,India,Maharashtra,Pune,463475,West
CUST-04981,Swathi Iyer,Corporate,India,Karnataka,Hubballi,941001,South
CUST-04982,Swathi Gupta,Small Business,India,Uttar Pradesh,Kanpur,135228,North
CUST-04983,Karthik Sharma,Home Office,India,Delhi,New Delhi,851977,North
CUST-04984,Vikram Chatterjee,Home Office,India,Karnataka,Mysuru,404193,South
CUST-04985,Shalini Das,Home Office,India,Goa,Panaji,197417,West
CUST-04986,Ravi Kumar,Small Business,India,West Bengal,Howrah,159112,East
CUST-04987,  manoj chatterjee  ,Corporate,India,Bihar,Gaya,624524,East
CUST-04988,Kiran Mishra,Small Business,India,Rajasthan,Jaipur,435132,West
CUST-04989,NEHA PILLAI,Consumer,India,Tamil Nadu,Salem,141410,South
CUST-04990,Priya Das,Corporate,India,Tamil Nadu,Salem,764940,South
CUST-04991,Deepa Mishra,Small Business,India,Kerala,Kozhikode,397466,South
CUST-04992,Neha Singh,Consumer,India,Maharashtra,Nagpur,786002,West
CUST-04993,Vikram Rao,Home Office,India,Uttar Pradesh,Kanpur,846311,North
CUST-04994,Vijay Das,Consumer,India,Gujarat,Vadodara,398892,West
CUST-04995,Rahul Reddy,Small Business,India,Maharashtra,Nagpur,427793,West
CUST-04996,Naveen Pillai,Small Business,India,Haryana,Gurugram,925866,North
CUST-04997,NAVEEN PILLAI,Home Office,India,Goa,Panaji,528225,West
CUST-04998,Shalini Rao,Small Business,India,Bihar,Gaya,329562,East
CUST-04999,Sanjay Patel,Corporate,India,Gujarat,Vadodara,368736,West
CUST-05000,Ashok Nair,Home Office,India,Kerala,Thiruvananthapuram,197078,South
CUST-05001,  pooja menon  ,Corporate,India,Maharashtra,Nagpur,772319,West
CUST-05002,Karthik Singh,Home Office,India,Uttar Pradesh,Lucknow,550514,North
CUST-05003,Priya Iyer,Small Business,India,Tamil Nadu,Coimbatore,928453,South
CUST-05004,Arun Menon,Corporate,India,Andhra Pradesh,Vijayawada,769383,South
CUST-05005,Rohan Gupta,Home Office,India,Goa,Margao,768950,West
CUST-05006,RADHA SINGH,Corporate,India,Rajasthan,Udaipur,513267,West
CUST-05007,Shalini Das,Home Office,India,Odisha,Cuttack,777811,East
CUST-05008,Neha Menon,Home Office,India,Odisha,Bhubaneswar,788150,East
CUST-05009,Arun Sharma,Corporate,India,Maharashtra,Pune,630348,West
CUST-05010,  sanjay singh  ,Corporate,India,Bihar,Patna,689308,East
CUST-05011,Ganesh Singh,Small Business,India,Tamil Nadu,Salem,643204,South
CUST-05012,Ashok Kumar,Home Office,India,Gujarat,Vadodara,442862,West
CUST-05013,Sneha Joshi,Small Business,India,Uttar Pradesh,Kanpur,495316,North
CUST-05014,Radha Nair,Corporate,India,Kerala,Thiruvananthapuram,569684,South
CUST-05015,Naveen Das,Corporate,India,Rajasthan,Jaipur,959871,West
CUST-05016,Manoj Gupta,Corporate,India,Tamil Nadu,Chennai,918893,South
CUST-05017,Kavya Das,Consumer,India,Telangana,Hyderabad,210472,South
CUST-05018,Anita Chatterjee,Consumer,India,Punjab,Jalandhar,673409,North
CUST-05019,Arjun Chatterjee,Small Business,India,Jharkhand,Jamshedpur,882457,East
CUST-05020,Suresh Patel,Corporate,India,Delhi,Dwarka,890533,North
CUST-05021,Radha Pillai,Small Business,India,Punjab,Jalandhar,645407,North
CUST-05022,Anjali Singh,Corporate,India,Karnataka,Mysuru,149335,South
CUST-05023,Anjali Kumar,Corporate,India,Haryana,Faridabad,514231,North
CUST-05024,Rohan Menon,Corporate,India,Gujarat,Ahmedabad,617823,West
CUST-05025,Karthik Gupta,Consumer,India,Uttar Pradesh,Noida,938649,North
CUST-05026,Pooja Gupta,Corporate,India,Delhi,Dwarka,106190,North
CUST-05027,Karthik Menon,Small Business,India,Tamil Nadu,Madurai,953214,South
CUST-05028,Meena Kumar,Corporate,India,Goa,Panaji,680190,West
CUST-05029,Divya Das,Consumer,India,Maharashtra,Nashik,296395,West
CUST-05030,Arun Rao,Small Business,India,Haryana,Gurugram,795296,North
CUST-05031,Ravi Kumar,Consumer,India,Delhi,New Delhi,833118,North
CUST-05032,Vijay Iyer,Home Office,India,Maharashtra,Nagpur,494493,West
CUST-05033,Sneha Singh,Corporate,India,Kerala,Kochi,655324,South
CUST-05034,Radha Joshi,Consumer,India,Haryana,Faridabad,490823,North
CUST-05035,Lakshmi Reddy,Consumer,India,Haryana,Faridabad,587793,North
CUST-05036,Rohan Joshi,Corporate,India,Uttar Pradesh,Lucknow,658931,North
CUST-05037,Lakshmi Rao,Consumer,India,Odisha,Bhubaneswar,868371,East
CUST-05038,Meena Reddy,Corporate,India,Uttar Pradesh,Kanpur,978051,North
CUST-05039,Arun Pillai,Corporate,India,Goa,Margao,844686,West
CUST-05040,Rohan Pillai,Small Business,India,Uttar Pradesh,Kanpur,845955,North
CUST-05041,Priya Gupta,Consumer,India,Punjab,Jalandhar,330941,North
CUST-05042,Meena Gupta,Corporate,India,Gujarat,Vadodara,881307,West
CUST-05043,Divya Iyer,Consumer,India,Telangana,Hyderabad,567595,South
CUST-05044,Shalini Das,Consumer,India,Jharkhand,Jamshedpur,242291,East
CUST-05045,SANJAY PATEL,Small Business,India,Uttar Pradesh,Noida,553310,North
CUST-05046,Sneha Sharma,Home Office,India,West Bengal,Kolkata,701224,East
CUST-05047,Rahul Menon,Consumer,India,West Bengal,Siliguri,998765,East
CUST-05048,Vikram Iyer,Home Office,India,Goa,Margao,647257,West
CUST-05049,Manoj Verma,Home Office,India,Kerala,Thiruvananthapuram,102756,South
CUST-05050,Radha Joshi,Corporate,India,Maharashtra,Pune,165310,West
CUST-05051,Lakshmi Joshi,Consumer,India,Punjab,Ludhiana,869483,North
CUST-05052,Kiran Mishra,Home Office,India,Telangana,Hyderabad,385843,South
CUST-05053,Rahul Verma,Consumer,India,Bihar,Gaya,108156,East
CUST-05054,Kiran Mishra,Corporate,India,Tamil Nadu,Madurai,860305,South
CUST-05055,Ravi Rao,Home Office,India,Haryana,Panchkula,111410,North
CUST-05056,Vikram Patel,Corporate,India,Delhi,Dwarka,547928,North
CUST-05057,Lakshmi Sharma,Corporate,India,Andhra Pradesh,Vijayawada,130901,South
CUST-05058,Swathi Joshi,Home Office,India,West Bengal,Howrah,847904,East
CUST-05059,Karthik Mishra,Small Business,India,Punjab,Ludhiana,800756,North
CUST-05060,Manoj Das,Small Business,India,Gujarat,Surat,683166,West
CUST-05061,Ashok Patel,Consumer,India,Punjab,Ludhiana,569584,North
CUST-05062,Anjali Reddy,Consumer,India,Rajasthan,Udaipur,165473,West
CUST-05063,Naveen Verma,Small Business,India,Bihar,Patna,526638,East
CUST-05064,  ashok iyer  ,Corporate,India,Goa,Panaji,454762,West
CUST-05065,Deepa Sharma,Consumer,India,Rajasthan,Udaipur,260724,West
CUST-05066,Ashok Joshi,Consumer,India,Maharashtra,Nagpur,895221,West
CUST-05067,Arun Patel,Corporate,India,Bihar,Gaya,467008,East
CUST-05068,Manoj Nair,Corporate,India,Kerala,Thiruvananthapuram,298806,South
CUST-05069,Kiran Gupta,Small Business,India,Rajasthan,Jaipur,380780,West
CUST-05070,Sneha Mishra,Corporate,India,Uttar Pradesh,Noida,749487,North
CUST-05071,Ashok Kumar,Home Office,India,Uttar Pradesh,Noida,834032,North
CUST-05072,Arjun Chatterjee,Corporate,India,Odisha,Bhubaneswar,544269,East
CUST-05073,Sanjay Singh,Home Office,India,Rajasthan,Jaipur,399890,West
CUST-05074,Anjali Verma,Small Business,India,Jharkhand,Ranchi,895655,East
CUST-05075,Lakshmi Iyer,Small Business,India,Rajasthan,Jodhpur,868650,West
CUST-05076,Rohan Joshi,Corporate,India,Tamil Nadu,Madurai,449689,South
CUST-05077,Sanjay Gupta,Consumer,India,Punjab,Ludhiana,993491,North
CUST-05078,Priya Reddy,Corporate,India,Karnataka,Bengaluru,824730,South
CUST-05079,Ashok Verma,Corporate,India,Uttar Pradesh,Kanpur,535790,North
CUST-05080,Kavya Gupta,Home Office,India,Tamil Nadu,Salem,304428,South
CUST-05081,Pooja Reddy,Home Office,India,Jharkhand,Jamshedpur,784096,East
CUST-05082,Karthik Iyer,Home Office,India,Haryana,Gurugram,589882,North
CUST-05083,Ganesh Verma,Home Office,India,Maharashtra,Nashik,772708,West
CUST-05084,Neha Singh,Home Office,India,Uttar Pradesh,Kanpur,997888,North
CUST-05085,Karthik Gupta,Consumer,India,West Bengal,Kolkata,216647,East
CUST-05086,Kiran Gupta,Small Business,India,Karnataka,Bengaluru,792718,South
CUST-05087,Manoj Gupta,Corporate,India,Karnataka,Bengaluru,562345,South
CUST-05088,Arjun Joshi,Consumer,India,Andhra Pradesh,Vijayawada,901818,South
CUST-05089,Rahul Reddy,Consumer,India,Karnataka,Bengaluru,486488,South
CUST-05090,Ashok Gupta,Consumer,India,Odisha,Cuttack,346004,East
CUST-05091,SNEHA PATEL,Corporate,India,Kerala,Thiruvananthapuram,876103,South
CUST-05092,Arjun Iyer,Small Business,India,Haryana,Panchkula,363186,North
CUST-05093,Deepa Chatterjee,Corporate,India,Uttar Pradesh,Noida,423526,North
CUST-05094,Radha Patel,Consumer,India,West Bengal,Howrah,535958,East
CUST-05095,Divya Kumar,Small Business,India,Andhra Pradesh,Guntur,948300,South
CUST-05096,  divya nair  ,Small Business,India,Punjab,Amritsar,644077,North
CUST-05097,  rahul kumar  ,Home Office,India,Maharashtra,Mumbai,181292,West
CUST-05098,Divya Gupta,Corporate,India,Kerala,Thiruvananthapuram,102333,South
CUST-05099,Arun Patel,Small Business,India,Punjab,Ludhiana,296342,North
CUST-05100,Kavya Rao,Consumer,India,West Bengal,Howrah,240157,East
CUST-05101,KARTHIK PATEL,Home Office,India,Jharkhand,Jamshedpur,836117,East
CUST-05102,  manoj chatterjee  ,Small Business,India,Andhra Pradesh,Guntur,747900,South
CUST-05103,Priya Iyer,Home Office,India,Karnataka,Hubballi,188895,South
CUST-05104,Kiran Joshi,Small Business,India,Tamil Nadu,Coimbatore,983098,South
CUST-05105,Kavya Iyer,Home Office,India,Bihar,Gaya,471159,East
CUST-05106,Anita Patel,Small Business,India,Maharashtra,Nagpur,439391,West
CUST-05107,Deepa Gupta,Consumer,India,Goa,Panaji,340776,West
CUST-05108,Swathi Menon,Small Business,India,Andhra Pradesh,Guntur,565125,South
CUST-05109,Priya Pillai,Home Office,India,Goa,Panaji,329028,West
CUST-05110,Vijay Patel,Consumer,India,Tamil Nadu,Coimbatore,697479,South
CUST-05111,Anita Kumar,Home Office,India,Haryana,Panchkula,656520,North
CUST-05112,Sanjay Das,Small Business,India,Bihar,Gaya,115810,East
CUST-05113,Radha Chatterjee,Home Office,India,Delhi,Dwarka,609785,North
CUST-05114,Karthik Singh,Corporate,India,Haryana,Panchkula,508336,North
CUST-05115,Meena Reddy,Corporate,India,Gujarat,Vadodara,124473,West
CUST-05116,Arjun Pillai,Corporate,India,Goa,Margao,763960,West
CUST-05117,Shalini Patel,Small Business,India,West Bengal,Siliguri,356032,East
CUST-05118,Rahul Sharma,Small Business,India,Maharashtra,Pune,857843,West
CUST-05119,Rahul Mishra,Home Office,India,Tamil Nadu,Coimbatore,609440,South
CUST-05120,Anita Nair,Corporate,India,Kerala,Kozhikode,179742,South
CUST-05121,Neha Singh,Consumer,India,Telangana,Warangal,580211,South
CUST-05122,Sneha Gupta,Corporate,India,Maharashtra,Nashik,717599,West
CUST-05123,Kavya Verma,Small Business,India,Uttar Pradesh,Noida,319179,North
CUST-05124,  radha sharma  ,Corporate,India,Uttar Pradesh,Lucknow,163145,North
CUST-05125,Arun Sharma,Consumer,India,Rajasthan,Jodhpur,374966,West
CUST-05126,Meena Nair,Home Office,India,Telangana,Warangal,691640,South
CUST-05127,Neha Verma,Corporate,India,Punjab,Amritsar,841517,North
CUST-05128,Ravi Rao,Home Office,India,Kerala,Kozhikode,268846,South
CUST-05129,Anita Gupta,Consumer,India,Delhi,Dwarka,384289,North
CUST-05130,Anjali Menon,Consumer,India,Karnataka,Bengaluru,527417,South
CUST-05131,Vikram Mishra,Corporate,India,Uttar Pradesh,Lucknow,646601,North
CUST-05132,Ashok Menon,Consumer,India,Odisha,Bhubaneswar,329126,East
CUST-05133,Deepa Iyer,Corporate,India,Andhra Pradesh,Guntur,150614,South
CUST-05134,Anjali Sharma,Home Office,India,Gujarat,Surat,954801,West
CUST-05135,  anjali das  ,Small Business,India,West Bengal,Siliguri,943411,East
CUST-05136,Lakshmi Menon,Small Business,India,Punjab,Jalandhar,333327,North
CUST-05137,Swathi Iyer,Corporate,India,Delhi,Rohini,708543,North
CUST-05138,Radha Das,Small Business,India,Gujarat,Ahmedabad,579917,West
CUST-05139,Manoj Chatterjee,Home Office,India,Kerala,Kochi,474426,South
CUST-05140,Suresh Reddy,Home Office,India,West Bengal,Kolkata,446893,East
CUST-05141,Divya Sharma,Corporate,India,Haryana,Panchkula,500365,North
CUST-05142,Priya Nair,Corporate,India,Tamil Nadu,Chennai,824720,South
CUST-05143,Pooja Iyer,Home Office,India,Kerala,Kochi,786634,South
CUST-05144,  rohan chatterjee  ,Small Business,India,Karnataka,Bengaluru,118207,South
CUST-05145,Manoj Singh,Home Office,India,Bihar,Gaya,211278,East
CUST-05146,Meena Joshi,Consumer,India,Maharashtra,Mumbai,264822,West
CUST-05147,Meena Rao,Corporate,India,Jharkhand,Jamshedpur,367361,East
CUST-05148,Manoj Rao,Home Office,India,Punjab,Ludhiana,282729,North
CUST-05149,Radha Gupta,Consumer,India,Andhra Pradesh,Visakhapatnam,275876,South
CUST-05150,Pooja Menon,Consumer,India,Maharashtra,Nagpur,584543,West
CUST-05151,Arjun Iyer,Home Office,India,Goa,Panaji,802437,West
CUST-05152,Swathi Verma,Consumer,India,West Bengal,Kolkata,710666,East
CUST-05153,Naveen Chatterjee,Home Office,India,Odisha,Bhubaneswar,407448,East
CUST-05154,Naveen Kumar,Consumer,India,Delhi,Dwarka,370351,North
CUST-05155,  ashok chatterjee  ,Home Office,India,Gujarat,Ahmedabad,664495,West
CUST-05156,Karthik Joshi,Home Office,India,Gujarat,Ahmedabad,728218,West
CUST-05157,Sanjay Mishra,Corporate,India,Delhi,Rohini,884974,North
CUST-05158,Rahul Sharma,Consumer,India,Jharkhand,Jamshedpur,234401,East
CUST-05159,Manoj Joshi,Small Business,India,Bihar,Gaya,134028,East
CUST-05160,Swathi Rao,Consumer,India,Haryana,Gurugram,533696,North
CUST-05161,Ganesh Nair,Consumer,India,Odisha,Cuttack,881981,East
CUST-05162,Naveen Gupta,Home Office,India,Gujarat,Ahmedabad,462084,West
CUST-05163,Swathi Menon,Small Business,India,Haryana,Panchkula,897212,North
CUST-05164,Karthik Pillai,Small Business,India,Odisha,Cuttack,154766,East
CUST-05165,Karthik Pillai,Small Business,India,Andhra Pradesh,Visakhapatnam,878793,South
CUST-05166,Swathi Das,Small Business,India,Punjab,Jalandhar,541836,North
CUST-05167,  priya rao  ,Corporate,India,Telangana,Warangal,882519,South
CUST-05168,Ganesh Pillai,Small Business,India,Kerala,Thiruvananthapuram,225219,South
CUST-05169,Ganesh Verma,Corporate,India,Telangana,Warangal,297006,South
CUST-05170,Arjun Nair,Small Business,India,Andhra Pradesh,Vijayawada,514110,South
CUST-05171,Kiran Das,Home Office,India,Rajasthan,Udaipur,572959,West
CUST-05172,Ganesh Joshi,Small Business,India,Rajasthan,Jodhpur,418948,West
CUST-05173,Kavya Menon,Small Business,India,Punjab,Jalandhar,699422,North
CUST-05174,Kiran Sharma,Corporate,India,Karnataka,Bengaluru,843043,South
CUST-05175,  sneha pillai  ,Consumer,India,Rajasthan,Udaipur,867321,West
CUST-05176,  divya nair  ,Small Business,India,Maharashtra,Nashik,395244,West
CUST-05177,Deepa Chatterjee,Consumer,India,Tamil Nadu,Salem,213161,South
CUST-05178,Manoj Kumar,Home Office,India,Gujarat,Vadodara,480445,West
CUST-05179,Rohan Gupta,Small Business,India,Tamil Nadu,Chennai,112657,South
CUST-05180,Anita Pillai,Home Office,India,Gujarat,Ahmedabad,576864,West
CUST-05181,Lakshmi Singh,Home Office,India,Punjab,Amritsar,101957,North
CUST-05182,Vikram Gupta,Consumer,India,Maharashtra,Nashik,313111,West
CUST-05183,Sneha Mishra,Small Business,India,Kerala,Kochi,828512,South
CUST-05184,Anita Rao,Small Business,India,Kerala,Kozhikode,979810,South
CUST-05185,Rohan Kumar,Consumer,India,Tamil Nadu,Madurai,975356,South
CUST-05186,Ravi Verma,Small Business,India,Gujarat,Surat,798557,West
CUST-05187,Vikram Iyer,Consumer,India,Bihar,Gaya,207976,East
CUST-05188,Manoj Joshi,Corporate,India,Goa,Margao,131478,West
CUST-05189,Sanjay Singh,Consumer,India,Maharashtra,Nashik,283696,West
CUST-05190,Rahul Patel,Corporate,India,Kerala,Kozhikode,110664,South
CUST-05191,RAVI GUPTA,Home Office,India,Odisha,Bhubaneswar,796276,East
CUST-05192,Anjali Joshi,Home Office,India,Andhra Pradesh,Vijayawada,329331,South
CUST-05193,Swathi Menon,Home Office,India,Uttar Pradesh,Lucknow,845006,North
CUST-05194,Ravi Verma,Consumer,India,Telangana,Warangal,573566,South
CUST-05195,Naveen Rao,Small Business,India,Punjab,Ludhiana,487085,North
CUST-05196,Karthik Nair,Small Business,India,Bihar,Patna,999807,East
CUST-05197,Meena Iyer,Corporate,India,Gujarat,Surat,472810,West
CUST-05198,Arjun Gupta,Consumer,India,Delhi,New Delhi,847678,North
CUST-05199,Deepa Das,Consumer,India,Karnataka,Mysuru,702243,South
CUST-05200,Pooja Mishra,Home Office,India,Telangana,Warangal,979907,South
CUST-05201,Rohan Chatterjee,Home Office,India,Haryana,Gurugram,980469,North
CUST-05202,Naveen Kumar,Home Office,India,Haryana,Panchkula,690058,North
CUST-05203,Vikram Patel,Small Business,India,Jharkhand,Jamshedpur,435376,East
CUST-05204,Sanjay Iyer,Small Business,India,Jharkhand,Ranchi,349260,East
CUST-05205,Ashok Sharma,Consumer,India,Bihar,Gaya,710921,East
CUST-05206,Anita Mishra,Corporate,India,Gujarat,Surat,296616,West
CUST-05207,ANITA PILLAI,Corporate,India,Goa,Panaji,893368,West
CUST-05208,Divya Singh,Small Business,India,Punjab,Jalandhar,261726,North
CUST-05209,Rahul Rao,Small Business,India,Telangana,Warangal,136005,South
CUST-05210,Arun Nair,Corporate,India,Delhi,Dwarka,999590,North
CUST-05211,Neha Reddy,Consumer,India,Punjab,Amritsar,265615,North
CUST-05212,PREETHI JOSHI,Small Business,India,Maharashtra,Mumbai,330518,West
CUST-05213,Kiran Mishra,Home Office,India,Tamil Nadu,Coimbatore,409579,South
CUST-05214,Kavya Joshi,Consumer,India,Delhi,New Delhi,582345,North
CUST-05215,Swathi Verma,Home Office,India,Gujarat,Ahmedabad,944658,West
CUST-05216,Deepa Joshi,Home Office,India,Delhi,Rohini,433076,North
CUST-05217,Karthik Chatterjee,Consumer,India,Karnataka,Bengaluru,861059,South
CUST-05218,Kavya Joshi,Consumer,India,Jharkhand,Jamshedpur,352797,East
CUST-05219,Neha Reddy,Corporate,India,Punjab,Ludhiana,991116,North
CUST-05220,Ganesh Gupta,Small Business,India,Maharashtra,Mumbai,979881,West
CUST-05221,Arjun Sharma,Home Office,India,Odisha,Cuttack,134252,East
CUST-05222,Vijay Singh,Home Office,India,Andhra Pradesh,Guntur,228083,South
CUST-05223,Priya Kumar,Consumer,India,Punjab,Amritsar,708076,North
CUST-05224,Arjun Verma,Small Business,India,Karnataka,Bengaluru,511553,South
CUST-05225,Anita Joshi,Small Business,India,Karnataka,Hubballi,355864,South
CUST-05226,Priya Patel,Consumer,India,Haryana,Gurugram,320901,North
CUST-05227,Deepa Iyer,Corporate,India,Gujarat,Vadodara,329674,West
CUST-05228,Rohan Patel,Corporate,India,West Bengal,Siliguri,931468,East
CUST-05229,  ashok sharma  ,Home Office,India,Tamil Nadu,Chennai,892404,South
CUST-05230,Meena Gupta,Home Office,India,Odisha,Bhubaneswar,705461,East
CUST-05231,Lakshmi Sharma,Corporate,India,Jharkhand,Ranchi,816430,East
CUST-05232,Ravi Mishra,Small Business,India,Odisha,Cuttack,539078,East
CUST-05233,Sanjay Gupta,Home Office,India,Jharkhand,Ranchi,649022,East
CUST-05234,Vijay Singh,Corporate,India,Delhi,Dwarka,779126,North
CUST-05235,Vikram Mishra,Corporate,India,Karnataka,Hubballi,404293,South
CUST-05236,Anjali Gupta,Corporate,India,Bihar,Patna,892961,East
CUST-05237,  ravi kumar  ,Small Business,India,Uttar Pradesh,Kanpur,503521,North
CUST-05238,Divya Pillai,Consumer,India,Kerala,Kochi,686406,South
CUST-05239,Preethi Reddy,Small Business,India,Punjab,Amritsar,952186,North
CUST-05240,Manoj Chatterjee,Consumer,India,Maharashtra,Pune,617255,West
CUST-05241,Naveen Nair,Consumer,India,Delhi,Rohini,338728,North
CUST-05242,Manoj Verma,Consumer,India,Maharashtra,Pune,382922,West
CUST-05243,Anjali Kumar,Consumer,India,Tamil Nadu,Salem,537933,South
CUST-05244,Lakshmi Gupta,Small Business,India,Karnataka,Mysuru,896522,South
CUST-05245,Vijay Mishra,Small Business,India,Punjab,Amritsar,298540,North
CUST-05246,Suresh Pillai,Home Office,India,Haryana,Gurugram,828114,North
CUST-05247,Pooja Mishra,Home Office,India,Jharkhand,Ranchi,415042,East
CUST-05248,Rohan Verma,Small Business,India,Haryana,Panchkula,855290,North
CUST-05249,Priya Reddy,Consumer,India,Gujarat,Vadodara,483045,West
CUST-05250,Anita Das,Corporate,India,Maharashtra,Nashik,361783,West
CUST-05251,Kavya Singh,Small Business,India,Jharkhand,Jamshedpur,540884,East
CUST-05252,Kavya Kumar,Corporate,India,Goa,Margao,671050,West
CUST-05253,Ganesh Rao,Home Office,India,Karnataka,Bengaluru,554995,South
CUST-05254,Arjun Das,Home Office,India,Punjab,Ludhiana,360701,North
CUST-05255,Ravi Rao,Corporate,India,Tamil Nadu,Salem,915189,South
CUST-05256,Rohan Patel,Consumer,India,Kerala,Thiruvananthapuram,574030,South
CUST-05257,  rahul joshi  ,Corporate,India,Gujarat,Vadodara,768957,West
CUST-05258,Kiran Menon,Corporate,India,Uttar Pradesh,Noida,382427,North
CUST-05259,Anita Chatterjee,Small Business,India,Uttar Pradesh,Noida,850000,North
CUST-05260,Deepa Das,Corporate,India,Jharkhand,Ranchi,944557,East
CUST-05261,Arun Menon,Home Office,India,Odisha,Cuttack,683542,East
CUST-05262,Manoj Gupta,Consumer,India,Telangana,Warangal,652190,South
CUST-05263,Shalini Nair,Home Office,India,Uttar Pradesh,Kanpur,859068,North
CUST-05264,Radha Rao,Consumer,India,Haryana,Panchkula,635223,North
CUST-05265,Sneha Pillai,Home Office,India,Tamil Nadu,Madurai,818487,South
CUST-05266,Suresh Verma,Consumer,India,Andhra Pradesh,Vijayawada,391718,South
CUST-05267,Ashok Rao,Consumer,India,Punjab,Jalandhar,373970,North
CUST-05268,Arun Menon,Corporate,India,Uttar Pradesh,Noida,629621,North
CUST-05269,Preethi Kumar,Small Business,India,Kerala,Kochi,568479,South
CUST-05270,Arjun Das,Consumer,India,West Bengal,Siliguri,246047,East
CUST-05271,Priya Das,Small Business,India,Uttar Pradesh,Kanpur,991744,North
CUST-05272,Kiran Menon,Small Business,India,Kerala,Kochi,559542,South
CUST-05273,Neha Gupta,Corporate,India,Tamil Nadu,Salem,121270,South
CUST-05274,Lakshmi Singh,Corporate,India,Telangana,Hyderabad,589507,South
CUST-05275,Arun Singh,Consumer,India,Andhra Pradesh,Guntur,143914,South
CUST-05276,ROHAN KUMAR,Small Business,India,Tamil Nadu,Madurai,317563,South
CUST-05277,Naveen Singh,Home Office,India,Odisha,Bhubaneswar,623878,East
CUST-05278,Anjali Patel,Corporate,India,West Bengal,Siliguri,841725,East
CUST-05279,Divya Sharma,Consumer,India,Bihar,Gaya,823175,East
CUST-05280,Sneha Nair,Home Office,India,Gujarat,Vadodara,387437,West
CUST-05281,Arun Verma,Small Business,India,Maharashtra,Nagpur,745211,West
CUST-05282,Vijay Reddy,Home Office,India,West Bengal,Howrah,101921,East
CUST-05283,  vijay das  ,Consumer,India,Jharkhand,Jamshedpur,145885,East
CUST-05284,Kavya Kumar,Small Business,India,West Bengal,Howrah,208951,East
CUST-05285,Naveen Reddy,Corporate,India,Jharkhand,Ranchi,498180,East
CUST-05286,Kavya Chatterjee,Home Office,India,West Bengal,Howrah,615486,East
CUST-05287,Preethi Nair,Home Office,India,Punjab,Amritsar,551489,North
CUST-05288,Rohan Menon,Corporate,India,Gujarat,Vadodara,700032,West
CUST-05289,ARUN MISHRA,Consumer,India,Punjab,Amritsar,939125,North
CUST-05290,Manoj Gupta,Home Office,India,West Bengal,Kolkata,640865,East
CUST-05291,Pooja Kumar,Small Business,India,Maharashtra,Mumbai,554789,West
CUST-05292,Anjali Menon,Consumer,India,Haryana,Faridabad,623885,North
CUST-05293,Suresh Iyer,Corporate,India,Uttar Pradesh,Noida,690250,North
CUST-05294,  arun gupta  ,Consumer,India,Gujarat,Surat,804091,West
CUST-05295,Ganesh Pillai,Small Business,India,Haryana,Panchkula,216038,North
CUST-05296,Naveen Gupta,Small Business,India,Telangana,Warangal,736776,South
CUST-05297,Vijay Sharma,Corporate,India,Maharashtra,Nashik,872454,West
CUST-05298,Lakshmi Iyer,Home Office,India,Tamil Nadu,Coimbatore,729968,South
CUST-05299,Vijay Gupta,Corporate,India,Andhra Pradesh,Vijayawada,148053,South
CUST-05300,Shalini Rao,Home Office,India,Rajasthan,Jodhpur,341543,West
CUST-05301,Swathi Rao,Small Business,India,Maharashtra,Nashik,773561,West
CUST-05302,SURESH NAIR,Home Office,India,Jharkhand,Ranchi,689448,East
CUST-05303,Anjali Kumar,Home Office,India,Gujarat,Vadodara,530846,West
CUST-05304,Anjali Nair,Consumer,India,Goa,Panaji,780368,West
CUST-05305,  priya patel  ,Small Business,India,Odisha,Bhubaneswar,635987,East
CUST-05306,Rahul Reddy,Corporate,India,Rajasthan,Jodhpur,231341,West
CUST-05307,Priya Joshi,Home Office,India,Karnataka,Bengaluru,402975,South
CUST-05308,  ravi iyer  ,Small Business,India,Maharashtra,Nashik,230940,West
CUST-05309,Vikram Patel,Home Office,India,Andhra Pradesh,Visakhapatnam,513647,South
CUST-05310,Radha Joshi,Home Office,India,Tamil Nadu,Salem,602124,South
CUST-05311,Arun Mishra,Small Business,India,Haryana,Panchkula,329765,North
CUST-05312,,Corporate,India,Karnataka,Bengaluru,208566,South
CUST-05313,Divya Kumar,Corporate,India,Tamil Nadu,Chennai,557552,South
CUST-05314,Rohan Singh,Corporate,India,Delhi,New Delhi,421007,North
CUST-05315,Arun Nair,Home Office,India,Telangana,Hyderabad,737220,South
CUST-05316,Radha Das,Home Office,India,Telangana,Warangal,687872,South
CUST-05317,Anita Reddy,Small Business,India,Maharashtra,Mumbai,305833,West
CUST-05318,Suresh Iyer,Corporate,India,Tamil Nadu,Madurai,454736,South
CUST-05319,Naveen Rao,Consumer,India,West Bengal,Kolkata,330910,East
CUST-05320,Anjali Pillai,Small Business,India,Haryana,Panchkula,876467,North
CUST-05321,Vikram Gupta,Small Business,India,Goa,Margao,944936,West
CUST-05322,Karthik Iyer,Small Business,India,Karnataka,Bengaluru,749489,South
CUST-05323,SURESH JOSHI,Small Business,India,Tamil Nadu,Chennai,804603,South
CUST-05324,Vijay Sharma,Small Business,India,Rajasthan,Udaipur,537267,West
CUST-05325,Shalini Chatterjee,Small Business,India,Kerala,Kozhikode,702893,South
CUST-05326,Vijay Sharma,Home Office,India,Odisha,Bhubaneswar,310313,East
CUST-05327,Sanjay Reddy,Consumer,India,Punjab,Ludhiana,644094,North
CUST-05328,ASHOK VERMA,Home Office,India,Maharashtra,Mumbai,755254,West
CUST-05329,Preethi Gupta,Small Business,India,Haryana,Gurugram,817963,North
CUST-05330,Kavya Reddy,Small Business,India,Andhra Pradesh,Guntur,435832,South
CUST-05331,Karthik Reddy,Home Office,India,Delhi,Rohini,376499,North
CUST-05332,Manoj Reddy,Home Office,India,Uttar Pradesh,Lucknow,503738,North
CUST-05333,Karthik Nair,Consumer,India,Goa,Panaji,980873,West
CUST-05334,Kiran Pillai,Home Office,India,West Bengal,Siliguri,272600,East
CUST-05335,Ashok Chatterjee,Home Office,India,Delhi,Dwarka,769175,North
CUST-05336,Neha Verma,Small Business,India,Andhra Pradesh,Vijayawada,302690,South
CUST-05337,Vikram Mishra,Consumer,India,Telangana,Warangal,313072,South
CUST-05338,Deepa Kumar,Consumer,India,Gujarat,Ahmedabad,961489,West
CUST-05339,,Home Office,India,Karnataka,Mysuru,886153,South
CUST-05340,PRIYA PATEL,Small Business,India,Delhi,Rohini,922444,North
CUST-05341,Anjali Reddy,Small Business,India,Punjab,Ludhiana,861879,North
CUST-05342,Lakshmi Joshi,Small Business,India,Uttar Pradesh,Noida,712695,North
CUST-05343,Arjun Verma,Home Office,India,Jharkhand,Jamshedpur,930502,East
CUST-05344,Suresh Joshi,Corporate,India,Rajasthan,Udaipur,962803,West
CUST-05345,Kiran Joshi,Small Business,India,Bihar,Patna,304373,East
CUST-05346,Suresh Mishra,Small Business,India,Jharkhand,Ranchi,484014,East
CUST-05347,Anita Rao,Consumer,India,Odisha,Bhubaneswar,607841,East
CUST-05348,Ganesh Nair,Consumer,India,Andhra Pradesh,Visakhapatnam,779015,South
CUST-05349,,Small Business,India,Tamil Nadu,Chennai,849433,South
CUST-05350,Kiran Reddy,Corporate,India,Maharashtra,Nashik,403537,West
CUST-05351,Sneha Pillai,Consumer,India,Andhra Pradesh,Guntur,931801,South
CUST-05352,  kavya chatterjee  ,Home Office,India,Gujarat,Ahmedabad,587428,West
CUST-05353,Divya Nair,Small Business,India,Maharashtra,Pune,703616,West
CUST-05354,Rahul Kumar,Home Office,India,Telangana,Warangal,935460,South
CUST-05355,Anita Kumar,Corporate,India,Bihar,Patna,408396,East
CUST-05356,Anita Das,Corporate,India,Maharashtra,Nagpur,516955,West
CUST-05357,Priya Nair,Home Office,India,Jharkhand,Jamshedpur,464632,East
CUST-05358,Anjali Iyer,Home Office,India,Kerala,Thiruvananthapuram,635062,South
CUST-05359,Rahul Das,Home Office,India,Punjab,Ludhiana,966292,North
CUST-05360,Sneha Sharma,Small Business,India,Odisha,Cuttack,314081,East
CUST-05361,Rahul Pillai,Corporate,India,Delhi,Rohini,795335,North
CUST-05362,Ravi Joshi,Corporate,India,Tamil Nadu,Coimbatore,198143,South
CUST-05363,Naveen Das,Small Business,India,Andhra Pradesh,Guntur,560380,South
CUST-05364,Rahul Rao,Corporate,India,Jharkhand,Jamshedpur,765766,East
CUST-05365,Ravi Das,Corporate,India,Rajasthan,Udaipur,391022,West
CUST-05366,Arjun Das,Consumer,India,Punjab,Amritsar,589015,North
CUST-05367,Arjun Sharma,Corporate,India,Kerala,Kozhikode,575093,South
CUST-05368,Manoj Chatterjee,Home Office,India,Karnataka,Hubballi,474234,South
CUST-05369,  divya kumar  ,Home Office,India,Maharashtra,Pune,111675,West
CUST-05370,Sneha Pillai,Small Business,India,Delhi,Rohini,689435,North
CUST-05371,Karthik Nair,Small Business,India,Tamil Nadu,Chennai,460367,South
CUST-05372,SANJAY NAIR,Home Office,India,Telangana,Hyderabad,358483,South
CUST-05373,Kiran Gupta,Home Office,India,Kerala,Kozhikode,797839,South
CUST-05374,Ganesh Mishra,Consumer,India,Bihar,Patna,480875,East
CUST-05375,Suresh Verma,Corporate,India,Tamil Nadu,Salem,170167,South
CUST-05376,Suresh Verma,Consumer,India,Gujarat,Vadodara,777763,West
CUST-05377,Ravi Gupta,Home Office,India,Haryana,Faridabad,306946,North
CUST-05378,Sanjay Iyer,Small Business,India,Kerala,Thiruvananthapuram,255920,South
CUST-05379,ROHAN PATEL,Consumer,India,Maharashtra,Pune,141026,West
CUST-05380,Suresh Reddy,Small Business,India,Uttar Pradesh,Noida,711171,North
CUST-05381,Vijay Patel,Home Office,India,Tamil Nadu,Madurai,569171,South
CUST-05382,Anita Reddy,Consumer,India,Haryana,Panchkula,521370,North
CUST-05383,Anita Kumar,Consumer,India,Gujarat,Vadodara,993048,West
CUST-05384,Preethi Kumar,Consumer,India,Kerala,Kozhikode,994187,South
CUST-05385,Meena Kumar,Consumer,India,Kerala,Kozhikode,134950,South
CUST-05386,  ravi rao  ,Small Business,India,Kerala,Kozhikode,772737,South
CUST-05387,Sneha Reddy,Consumer,India,Tamil Nadu,Madurai,171814,South
CUST-05388,Arun Nair,Corporate,India,West Bengal,Howrah,178733,East
CUST-05389,Manoj Das,Consumer,India,Karnataka,Bengaluru,251190,South
CUST-05390,Ganesh Menon,Corporate,India,Telangana,Hyderabad,915085,South
CUST-05391,Arjun Patel,Home Office,India,Goa,Panaji,823771,West
CUST-05392,Preethi Nair,Corporate,India,Delhi,New Delhi,356577,North
CUST-05393,Pooja Das,Small Business,India,Odisha,Cuttack,471145,East
CUST-05394,Sanjay Pillai,Consumer,India,Gujarat,Ahmedabad,991940,West
CUST-05395,Pooja Sharma,Small Business,India,Kerala,Kochi,346542,South
CUST-05396,Priya Chatterjee,Home Office,India,Uttar Pradesh,Lucknow,859284,North
CUST-05397,Preethi Rao,Corporate,India,Delhi,Dwarka,594680,North
CUST-05398,Neha Joshi,Consumer,India,Andhra Pradesh,Guntur,367044,South
CUST-05399,Swathi Pillai,Home Office,India,Andhra Pradesh,Vijayawada,613810,South
CUST-05400,Arun Verma,Corporate,India,Gujarat,Surat,309796,West
CUST-05401,Pooja Patel,Home Office,India,West Bengal,Howrah,955196,East
CUST-05402,ARJUN PILLAI,Consumer,India,Rajasthan,Udaipur,672234,West
CUST-05403,Lakshmi Chatterjee,Corporate,India,Andhra Pradesh,Vijayawada,499392,South
CUST-05404,Shalini Nair,Corporate,India,Maharashtra,Nagpur,556750,West
CUST-05405,Shalini Gupta,Corporate,India,Maharashtra,Nashik,456994,West
CUST-05406,Anita Pillai,Small Business,India,Kerala,Kozhikode,765615,South
CUST-05407,Priya Gupta,Consumer,India,Haryana,Panchkula,638886,North
CUST-05408,Arun Das,Home Office,India,Haryana,Panchkula,691426,North
CUST-05409,Sanjay Singh,Corporate,India,Karnataka,Mysuru,576925,South
CUST-05410,Ashok Singh,Consumer,India,Bihar,Patna,358692,East
CUST-05411,Anita Reddy,Small Business,India,Gujarat,Vadodara,552128,West
CUST-05412,Ashok Das,Small Business,India,Maharashtra,Mumbai,770806,West
CUST-05413,Kiran Nair,Consumer,India,Punjab,Ludhiana,847037,North
CUST-05414,Neha Rao,Corporate,India,Gujarat,Surat,362482,West
CUST-05415,Arun Iyer,Small Business,India,West Bengal,Siliguri,672792,East
CUST-05416,Pooja Rao,Home Office,India,Tamil Nadu,Chennai,883260,South
CUST-05417,Lakshmi Nair,Corporate,India,Haryana,Panchkula,376486,North
CUST-05418,  vijay gupta  ,Home Office,India,Maharashtra,Nagpur,578347,West
CUST-05419,Divya Pillai,Consumer,India,Uttar Pradesh,Kanpur,197763,North
CUST-05420,Priya Rao,Corporate,India,Bihar,Gaya,496845,East
CUST-05421,Vijay Joshi,Home Office,India,Rajasthan,Jaipur,972609,West
CUST-05422,Shalini Singh,Corporate,India,Maharashtra,Nagpur,447315,West
CUST-05423,Manoj Joshi,Corporate,India,Punjab,Ludhiana,501938,North
CUST-05424,Rohan Sharma,Home Office,India,Uttar Pradesh,Lucknow,432642,North
CUST-05425,Ravi Joshi,Small Business,India,Goa,Panaji,403889,West
CUST-05426,Swathi Iyer,Small Business,India,Gujarat,Vadodara,898715,West
CUST-05427,Preethi Rao,Home Office,India,Rajasthan,Udaipur,441382,West
CUST-05428,Rohan Iyer,Home Office,India,Haryana,Faridabad,846944,North
CUST-05429,Rahul Sharma,Home Office,India,Punjab,Jalandhar,748830,North
CUST-05430,Rohan Chatterjee,Small Business,India,Odisha,Cuttack,306257,East
CUST-05431,Ganesh Joshi,Consumer,India,Odisha,Cuttack,587342,East
CUST-05432,SHALINI NAIR,Consumer,India,Delhi,Dwarka,146129,North
CUST-05433,Anita Patel,Small Business,India,Uttar Pradesh,Kanpur,629121,North
CUST-05434,Rahul Iyer,Home Office,India,Kerala,Thiruvananthapuram,612169,South
CUST-05435,Vijay Sharma,Small Business,India,Rajasthan,Udaipur,833253,West
CUST-05436,,Consumer,India,Odisha,Bhubaneswar,636087,East
CUST-05437,Suresh Pillai,Small Business,India,Gujarat,Surat,828376,West
CUST-05438,Deepa Singh,Small Business,India,Jharkhand,Ranchi,825891,East
CUST-05439,Meena Menon,Consumer,India,Delhi,Rohini,462106,North
CUST-05440,Rahul Iyer,Corporate,India,Uttar Pradesh,Kanpur,784232,North
CUST-05441,Anjali Verma,Small Business,India,Tamil Nadu,Coimbatore,553005,South
CUST-05442,Manoj Menon,Corporate,India,Karnataka,Bengaluru,857265,South
CUST-05443,PREETHI JOSHI,Corporate,India,Kerala,Thiruvananthapuram,150424,South
CUST-05444,,Home Office,India,Goa,Margao,196626,West
CUST-05445,RADHA JOSHI,Corporate,India,Punjab,Amritsar,760129,North
CUST-05446,Shalini Das,Consumer,India,Punjab,Jalandhar,792439,North
CUST-05447,Ashok Das,Small Business,India,Goa,Margao,900006,West
CUST-05448,Preethi Iyer,Corporate,India,Maharashtra,Nagpur,225521,West
CUST-05449,Arjun Rao,Corporate,India,Jharkhand,Jamshedpur,152866,East
CUST-05450,Preethi Pillai,Home Office,India,Bihar,Gaya,251422,East
CUST-05451,Sanjay Joshi,Consumer,India,Tamil Nadu,Salem,435728,South
CUST-05452,Priya Joshi,Corporate,India,Uttar Pradesh,Kanpur,647977,North
CUST-05453,Sanjay Patel,Consumer,India,Jharkhand,Ranchi,535367,East
CUST-05454,Ravi Menon,Corporate,India,Odisha,Bhubaneswar,524551,East
CUST-05455,Radha Mishra,Home Office,India,Kerala,Kozhikode,513624,South
CUST-05456,Ganesh Verma,Home Office,India,Punjab,Amritsar,760128,North
CUST-05457,Arun Sharma,Corporate,India,West Bengal,Siliguri,512998,East
CUST-05458,Priya Pillai,Small Business,India,Odisha,Cuttack,180971,East
CUST-05459,Anita Sharma,Consumer,India,Kerala,Kochi,980044,South
CUST-05460,Preethi Menon,Small Business,India,Bihar,Patna,864904,East
CUST-05461,Lakshmi Das,Small Business,India,Andhra Pradesh,Vijayawada,267868,South
CUST-05462,Lakshmi Verma,Small Business,India,Goa,Panaji,885697,West
CUST-05463,Pooja Singh,Consumer,India,Gujarat,Vadodara,721516,West
CUST-05464,Radha Chatterjee,Consumer,India,Goa,Margao,902767,West
CUST-05465,Naveen Joshi,Corporate,India,Delhi,New Delhi,152036,North
CUST-05466,  divya menon  ,Corporate,India,Haryana,Panchkula,510092,North
CUST-05467,Karthik Rao,Home Office,India,Maharashtra,Mumbai,894657,West
CUST-05468,Rohan Iyer,Corporate,India,Gujarat,Vadodara,378829,West
CUST-05469,Ganesh Pillai,Consumer,India,Telangana,Warangal,889460,South
CUST-05470,Rahul Gupta,Home Office,India,Uttar Pradesh,Lucknow,330806,North
CUST-05471,Neha Joshi,Small Business,India,Odisha,Bhubaneswar,127086,East
CUST-05472,Rohan Gupta,Corporate,India,Goa,Margao,333619,West
CUST-05473,Arjun Joshi,Corporate,India,Haryana,Gurugram,492759,North
CUST-05474,Meena Joshi,Home Office,India,Uttar Pradesh,Noida,530480,North
CUST-05475,Swathi Pillai,Small Business,India,Kerala,Thiruvananthapuram,135471,South
CUST-05476,VIJAY KUMAR,Home Office,India,Haryana,Faridabad,677375,North
CUST-05477,Neha Sharma,Home Office,India,Rajasthan,Jaipur,603508,West
CUST-05478,Pooja Kumar,Home Office,India,Jharkhand,Jamshedpur,810566,East
CUST-05479,Arun Reddy,Small Business,India,Delhi,New Delhi,689312,North
CUST-05480,Suresh Joshi,Corporate,India,Maharashtra,Mumbai,183235,West
CUST-05481,Kavya Chatterjee,Small Business,India,Tamil Nadu,Chennai,970397,South
CUST-05482,Anjali Rao,Small Business,India,Tamil Nadu,Coimbatore,414938,South
CUST-05483,Anjali Menon,Corporate,India,Maharashtra,Nashik,705193,West
CUST-05484,Radha Gupta,Consumer,India,Gujarat,Surat,220002,West
CUST-05485,Vikram Joshi,Home Office,India,Tamil Nadu,Madurai,402303,South
CUST-05486,Meena Kumar,Consumer,India,Kerala,Thiruvananthapuram,764162,South
CUST-05487,Lakshmi Joshi,Small Business,India,West Bengal,Siliguri,691053,East
CUST-05488,Ganesh Joshi,Small Business,India,Maharashtra,Pune,347718,West
CUST-05489,Radha Verma,Consumer,India,Goa,Panaji,220430,West
CUST-05490,Anjali Chatterjee,Corporate,India,Maharashtra,Mumbai,482561,West
CUST-05491,Arjun Mishra,Home Office,India,Kerala,Kochi,630542,South
CUST-05492,Anjali Reddy,Home Office,India,West Bengal,Howrah,741806,East
CUST-05493,Lakshmi Chatterjee,Corporate,India,Punjab,Amritsar,556278,North
CUST-05494,Suresh Joshi,Home Office,India,Maharashtra,Nashik,606852,West
CUST-05495,Anjali Patel,Small Business,India,Gujarat,Surat,577209,West
CUST-05496,Preethi Iyer,Small Business,India,Rajasthan,Jodhpur,892675,West
CUST-05497,NEHA RAO,Corporate,India,Haryana,Panchkula,865954,North
CUST-05498,Vijay Kumar,Consumer,India,Punjab,Ludhiana,439410,North
CUST-05499,Anjali Chatterjee,Home Office,India,Kerala,Thiruvananthapuram,677271,South
CUST-05500,Ganesh Rao,Corporate,India,Karnataka,Mysuru,417631,South
CUST-05501,Preethi Joshi,Corporate,India,Haryana,Gurugram,241275,North
CUST-05502,Priya Das,Corporate,India,Kerala,Kozhikode,348245,South
CUST-05503,Pooja Joshi,Consumer,India,Kerala,Thiruvananthapuram,961047,South
CUST-05504,Sneha Reddy,Consumer,India,Goa,Margao,522931,West
CUST-05505,Rahul Joshi,Corporate,India,Gujarat,Surat,783294,West
CUST-05506,Manoj Das,Small Business,India,Tamil Nadu,Madurai,149704,South
CUST-05507,Anita Rao,Small Business,India,Maharashtra,Mumbai,986616,West
CUST-05508,Deepa Verma,Consumer,India,Kerala,Kozhikode,111676,South
CUST-05509,Swathi Sharma,Corporate,India,Maharashtra,Pune,838466,West
CUST-05510,Anita Kumar,Consumer,India,Odisha,Cuttack,185658,East
CUST-05511,Ravi Nair,Corporate,India,Telangana,Hyderabad,472970,South
CUST-05512,Anjali Kumar,Home Office,India,Kerala,Kozhikode,751325,South
CUST-05513,Divya Iyer,Home Office,India,Maharashtra,Nagpur,563551,West
CUST-05514,Anita Mishra,Home Office,India,Uttar Pradesh,Noida,391463,North
CUST-05515,,Home Office,India,Odisha,Bhubaneswar,135965,East
CUST-05516,Rahul Verma,Consumer,India,Tamil Nadu,Chennai,824233,South
CUST-05517,  kiran joshi  ,Corporate,India,Uttar Pradesh,Lucknow,558624,North
CUST-05518,Manoj Kumar,Corporate,India,Andhra Pradesh,Visakhapatnam,186057,South
CUST-05519,Sneha Iyer,Consumer,India,Haryana,Panchkula,660704,North
CUST-05520,Shalini Kumar,Home Office,India,Uttar Pradesh,Kanpur,606991,North
CUST-05521,Vijay Nair,Corporate,India,Haryana,Faridabad,402813,North
CUST-05522,Anjali Kumar,Corporate,India,Maharashtra,Mumbai,821933,West
CUST-05523,Arjun Menon,Home Office,India,Delhi,Rohini,527815,North
CUST-05524,Kavya Reddy,Corporate,India,Maharashtra,Mumbai,564566,West
CUST-05525,Kavya Sharma,Small Business,India,Telangana,Hyderabad,597867,South
CUST-05526,Manoj Rao,Home Office,India,Jharkhand,Jamshedpur,890001,East
CUST-05527,ANITA MISHRA,Corporate,India,Maharashtra,Nashik,790948,West
CUST-05528,Priya Gupta,Consumer,India,Kerala,Kozhikode,821887,South
CUST-05529,Rahul Mishra,Home Office,India,Uttar Pradesh,Lucknow,321490,North
CUST-05530,  deepa nair  ,Consumer,India,Delhi,Rohini,651965,North
CUST-05531,Meena Iyer,Small Business,India,Andhra Pradesh,Vijayawada,162146,South
CUST-05532,Anjali Reddy,Consumer,India,Telangana,Hyderabad,497384,South
CUST-05533,Naveen Reddy,Home Office,India,Punjab,Jalandhar,459951,North
CUST-05534,  kiran singh  ,Home Office,India,Delhi,Dwarka,838856,North
CUST-05535,Priya Singh,Home Office,India,Kerala,Kozhikode,678809,South
CUST-05536,Rohan Joshi,Consumer,India,Delhi,Dwarka,525866,North
CUST-05537,Meena Rao,Home Office,India,Kerala,Kozhikode,558327,South
CUST-05538,Arjun Sharma,Small Business,India,Odisha,Cuttack,336206,East
CUST-05539,Rohan Gupta,Home Office,India,Kerala,Kochi,480444,South
CUST-05540,Priya Rao,Consumer,India,Tamil Nadu,Madurai,466454,South
CUST-05541,Swathi Gupta,Small Business,India,Karnataka,Bengaluru,385366,South
CUST-05542,Vijay Sharma,Home Office,India,Jharkhand,Ranchi,136559,East
CUST-05543,Neha Kumar,Small Business,India,Karnataka,Mysuru,835550,South
CUST-05544,Meena Kumar,Small Business,India,Odisha,Cuttack,703301,East
CUST-05545,Arjun Mishra,Small Business,India,Tamil Nadu,Salem,177087,South
CUST-05546,DIVYA CHATTERJEE,Consumer,India,Telangana,Warangal,659209,South
CUST-05547,Preethi Singh,Consumer,India,Andhra Pradesh,Guntur,732016,South
CUST-05548,Divya Chatterjee,Home Office,India,Karnataka,Bengaluru,441327,South
CUST-05549,Manoj Rao,Home Office,India,Haryana,Faridabad,262306,North
CUST-05550,Ganesh Mishra,Corporate,India,Telangana,Hyderabad,280580,South
CUST-05551,Radha Joshi,Home Office,India,Jharkhand,Jamshedpur,769909,East
CUST-05552,Kiran Mishra,Corporate,India,Haryana,Faridabad,588895,North
CUST-05553,Deepa Reddy,Home Office,India,Maharashtra,Mumbai,138611,West
CUST-05554,Suresh Patel,Small Business,India,Maharashtra,Pune,191816,West
CUST-05555,Divya Pillai,Home Office,India,Uttar Pradesh,Kanpur,551034,North
CUST-05556,Anita Nair,Small Business,India,Goa,Margao,930002,West
CUST-05557,Suresh Iyer,Consumer,India,Odisha,Bhubaneswar,805866,East
CUST-05558,Neha Sharma,Small Business,India,Karnataka,Bengaluru,723836,South
CUST-05559,Shalini Menon,Small Business,India,Maharashtra,Pune,358505,West
CUST-05560,Sneha Joshi,Consumer,India,Odisha,Bhubaneswar,537146,East
CUST-05561,,Home Office,India,Maharashtra,Mumbai,374233,West
CUST-05562,Sneha Das,Corporate,India,Bihar,Patna,229996,East
CUST-05563,Rahul Chatterjee,Corporate,India,Punjab,Jalandhar,684042,North
CUST-05564,Naveen Iyer,Home Office,India,Tamil Nadu,Salem,659271,South
CUST-05565,Karthik Kumar,Home Office,India,Rajasthan,Udaipur,799414,West
CUST-05566,Pooja Nair,Consumer,India,Maharashtra,Nashik,455748,West
CUST-05567,Priya Patel,Corporate,India,West Bengal,Siliguri,651122,East
CUST-05568,Rohan Chatterjee,Home Office,India,Tamil Nadu,Chennai,315505,South
CUST-05569,Vikram Joshi,Corporate,India,Gujarat,Vadodara,210436,West
CUST-05570,Anjali Nair,Small Business,India,Telangana,Warangal,231464,South
CUST-05571,Kavya Verma,Consumer,India,Gujarat,Surat,932037,West
CUST-05572,Neha Mishra,Small Business,India,West Bengal,Howrah,840695,East
CUST-05573,Ganesh Singh,Corporate,India,Karnataka,Mysuru,736587,South
CUST-05574,Kiran Joshi,Small Business,India,Uttar Pradesh,Noida,969535,North
CUST-05575,Ashok Kumar,Corporate,India,Odisha,Cuttack,446380,East
CUST-05576,Arjun Menon,Corporate,India,Uttar Pradesh,Kanpur,133290,North
CUST-05577,Vijay Menon,Small Business,India,Haryana,Gurugram,607157,North
CUST-05578,Radha Menon,Corporate,India,Rajasthan,Jodhpur,813648,West
CUST-05579,Swathi Reddy,Consumer,India,Gujarat,Surat,116487,West
CUST-05580,Sneha Rao,Consumer,India,Maharashtra,Mumbai,241738,West
CUST-05581,Arjun Pillai,Consumer,India,Tamil Nadu,Chennai,175458,South
CUST-05582,Anjali Joshi,Home Office,India,Rajasthan,Jaipur,198825,West
CUST-05583,RAHUL IYER,Small Business,India,Delhi,Dwarka,806478,North
CUST-05584,  kavya gupta  ,Small Business,India,Tamil Nadu,Madurai,850491,South
CUST-05585,Rohan Das,Corporate,India,West Bengal,Siliguri,283070,East
CUST-05586,Lakshmi Nair,Consumer,India,Uttar Pradesh,Lucknow,453255,North
CUST-05587,Preethi Das,Corporate,India,West Bengal,Siliguri,204122,East
CUST-05588,Priya Singh,Home Office,India,Delhi,Rohini,181145,North
CUST-05589,Deepa Kumar,Consumer,India,Telangana,Hyderabad,242551,South
CUST-05590,Pooja Gupta,Small Business,India,Maharashtra,Mumbai,656767,West
CUST-05591,Vikram Das,Small Business,India,Rajasthan,Jodhpur,197457,West
CUST-05592,Divya Singh,Corporate,India,Delhi,Rohini,564020,North
CUST-05593,  manoj iyer  ,Corporate,India,Karnataka,Mysuru,891075,South
CUST-05594,Ashok Nair,Home Office,India,Delhi,Dwarka,154577,North
CUST-05595,Sanjay Sharma,Corporate,India,Maharashtra,Nashik,107625,West
CUST-05596,Arjun Verma,Corporate,India,West Bengal,Siliguri,570688,East
CUST-05597,Divya Verma,Corporate,India,Uttar Pradesh,Kanpur,260092,North
CUST-05598,Sneha Verma,Consumer,India,Karnataka,Bengaluru,138978,South
CUST-05599,Neha Singh,Home Office,India,Gujarat,Ahmedabad,908300,West
CUST-05600,Sanjay Singh,Home Office,India,Andhra Pradesh,Vijayawada,729307,South
CUST-05601,Kiran Gupta,Small Business,India,Jharkhand,Jamshedpur,382692,East
CUST-05602,Arjun Rao,Home Office,India,Maharashtra,Nashik,983184,West
CUST-05603,  arun patel  ,Corporate,India,Kerala,Kozhikode,670587,South
CUST-05604,Anita Joshi,Consumer,India,Jharkhand,Jamshedpur,587350,East
CUST-05605,Manoj Nair,Consumer,India,Haryana,Gurugram,760759,North
CUST-05606,Ravi Kumar,Corporate,India,Karnataka,Hubballi,302318,South
CUST-05607,  kavya das  ,Consumer,India,Karnataka,Bengaluru,119279,South
CUST-05608,,Corporate,India,Tamil Nadu,Salem,442754,South
CUST-05609,Radha Das,Small Business,India,Uttar Pradesh,Noida,282608,North
CUST-05610,Sanjay Patel,Small Business,India,Haryana,Panchkula,897476,North
CUST-05611,SANJAY REDDY,Corporate,India,Karnataka,Hubballi,155034,South
CUST-05612,Deepa Iyer,Consumer,India,Bihar,Patna,570682,East
CUST-05613,Radha Patel,Consumer,India,Delhi,Rohini,450695,North
CUST-05614,,Consumer,India,Goa,Margao,844228,West
CUST-05615,Naveen Verma,Small Business,India,Telangana,Warangal,908822,South
CUST-05616,Shalini Das,Home Office,India,Tamil Nadu,Coimbatore,482522,South
CUST-05617,Sneha Patel,Consumer,India,Haryana,Faridabad,351457,North
CUST-05618,Arjun Chatterjee,Consumer,India,Maharashtra,Nashik,202566,West
CUST-05619,Sneha Singh,Corporate,India,Goa,Panaji,275751,West
CUST-05620,Karthik Singh,Home Office,India,Goa,Panaji,145974,West
CUST-05621,Rohan Joshi,Small Business,India,Odisha,Cuttack,754358,East
CUST-05622,Sanjay Reddy,Small Business,India,Kerala,Thiruvananthapuram,652519,South
CUST-05623,Preethi Reddy,Corporate,India,Telangana,Hyderabad,955293,South
CUST-05624,Divya Iyer,Corporate,India,Punjab,Amritsar,370593,North
CUST-05625,Shalini Singh,Small Business,India,Andhra Pradesh,Vijayawada,420186,South
CUST-05626,Vikram Mishra,Small Business,India,Punjab,Amritsar,877070,North
CUST-05627,Ganesh Kumar,Small Business,India,Odisha,Cuttack,529776,East
CUST-05628,KIRAN SHARMA,Small Business,India,Rajasthan,Jaipur,468976,West
CUST-05629,Suresh Kumar,Consumer,India,Haryana,Faridabad,781080,North
CUST-05630,MANOJ KUMAR,Corporate,India,Andhra Pradesh,Guntur,209330,South
CUST-05631,Divya Nair,Corporate,India,Maharashtra,Pune,323574,West
CUST-05632,Naveen Iyer,Consumer,India,Maharashtra,Nagpur,270218,West
CUST-05633,Sanjay Pillai,Consumer,India,Maharashtra,Mumbai,372135,West
CUST-05634,Preethi Verma,Corporate,India,Karnataka,Hubballi,997358,South
CUST-05635,Preethi Mishra,Corporate,India,Rajasthan,Jodhpur,959732,West
CUST-05636,Suresh Menon,Corporate,India,Karnataka,Mysuru,899331,South
CUST-05637,Karthik Reddy,Home Office,India,Karnataka,Bengaluru,596004,South
CUST-05638,Rohan Patel,Corporate,India,Gujarat,Vadodara,252940,West
CUST-05639,Ashok Singh,Consumer,India,Haryana,Panchkula,878403,North
CUST-05640,Sanjay Sharma,Home Office,India,Tamil Nadu,Coimbatore,643707,South
CUST-05641,Anjali Patel,Small Business,India,Bihar,Patna,543096,East
CUST-05642,Meena Das,Corporate,India,Karnataka,Bengaluru,440526,South
CUST-05643,,Home Office,India,Goa,Panaji,931007,West
CUST-05644,Priya Verma,Home Office,India,West Bengal,Siliguri,961433,East
CUST-05645,Radha Reddy,Home Office,India,Tamil Nadu,Coimbatore,773039,South
CUST-05646,  kiran reddy  ,Small Business,India,Odisha,Cuttack,112458,East
CUST-05647,Deepa Das,Home Office,India,Rajasthan,Udaipur,976201,West
CUST-05648,Shalini Rao,Consumer,India,Delhi,New Delhi,387613,North
CUST-05649,Suresh Singh,Small Business,India,Gujarat,Ahmedabad,421327,West
CUST-05650,Kiran Joshi,Small Business,India,Tamil Nadu,Madurai,553004,South
CUST-05651,Pooja Nair,Corporate,India,Andhra Pradesh,Vijayawada,977325,South
CUST-05652,  shalini verma  ,Consumer,India,Punjab,Ludhiana,366456,North
CUST-05653,Radha Reddy,Small Business,India,Gujarat,Vadodara,443381,West
CUST-05654,Arun Pillai,Consumer,India,Uttar Pradesh,Noida,692088,North
CUST-05655,Priya Pillai,Corporate,India,Maharashtra,Nashik,698230,West
CUST-05656,Rohan Chatterjee,Consumer,India,Telangana,Hyderabad,629873,South
CUST-05657,Lakshmi Gupta,Small Business,India,Karnataka,Hubballi,180703,South
CUST-05658,Preethi Patel,Small Business,India,Delhi,Rohini,951965,North
CUST-05659,Ashok Kumar,Consumer,India,Gujarat,Surat,658619,West
CUST-05660,Divya Nair,Consumer,India,Odisha,Bhubaneswar,961593,East
CUST-05661,Ashok Nair,Corporate,India,Uttar Pradesh,Noida,319852,North
CUST-05662,Deepa Nair,Corporate,India,Andhra Pradesh,Visakhapatnam,102421,South
CUST-05663,Kavya Reddy,Small Business,India,Maharashtra,Mumbai,283357,West
CUST-05664,Vikram Patel,Small Business,India,Uttar Pradesh,Kanpur,620937,North
CUST-05665,Anjali Joshi,Consumer,India,Karnataka,Bengaluru,288636,South
CUST-05666,Lakshmi Patel,Small Business,India,Uttar Pradesh,Kanpur,136371,North
CUST-05667,Pooja Mishra,Home Office,India,Punjab,Amritsar,747614,North
CUST-05668,Rahul Nair,Home Office,India,Odisha,Bhubaneswar,988054,East
CUST-05669,Radha Kumar,Home Office,India,Rajasthan,Udaipur,481824,West
CUST-05670,Deepa Rao,Corporate,India,Telangana,Hyderabad,409731,South
CUST-05671,Rohan Rao,Consumer,India,Gujarat,Vadodara,856715,West
CUST-05672,Rohan Nair,Home Office,India,Punjab,Jalandhar,350980,North
CUST-05673,Anjali Menon,Consumer,India,Punjab,Ludhiana,212097,North
CUST-05674,Swathi Sharma,Small Business,India,Uttar Pradesh,Kanpur,372770,North
CUST-05675,Vijay Singh,Consumer,India,Bihar,Gaya,867243,East
CUST-05676,Sneha Rao,Small Business,India,Uttar Pradesh,Noida,135001,North
CUST-05677,Ravi Joshi,Home Office,India,Punjab,Ludhiana,905448,North
CUST-05678,Deepa Kumar,Small Business,India,Gujarat,Vadodara,470418,West
CUST-05679,Divya Rao,Corporate,India,Haryana,Faridabad,544859,North
CUST-05680,Lakshmi Menon,Home Office,India,Maharashtra,Pune,170890,West
CUST-05681,Naveen Singh,Corporate,India,Karnataka,Mysuru,849070,South
CUST-05682,Kiran Mishra,Corporate,India,Jharkhand,Jamshedpur,943001,East
CUST-05683,Manoj Sharma,Home Office,India,Odisha,Bhubaneswar,362361,East
CUST-05684,MEENA KUMAR,Small Business,India,Maharashtra,Pune,997918,West
CUST-05685,Rahul Rao,Corporate,India,Andhra Pradesh,Visakhapatnam,437546,South
CUST-05686,Divya Reddy,Corporate,India,Gujarat,Surat,128766,West
CUST-05687,Rahul Sharma,Home Office,India,Haryana,Panchkula,864579,North
CUST-05688,Sneha Verma,Home Office,India,Gujarat,Surat,609951,West
CUST-05689,VIJAY SINGH,Corporate,India,Haryana,Gurugram,436726,North
CUST-05690,Vijay Kumar,Small Business,India,Andhra Pradesh,Guntur,530928,South
CUST-05691,Swathi Chatterjee,Corporate,India,Tamil Nadu,Salem,902737,South
CUST-05692,Ravi Das,Consumer,India,Bihar,Patna,197830,East
CUST-05693,Anjali Kumar,Small Business,India,Goa,Margao,356799,West
CUST-05694,  swathi sharma  ,Small Business,India,Tamil Nadu,Coimbatore,611354,South
CUST-05695,Vikram Joshi,Corporate,India,Rajasthan,Udaipur,761677,West
CUST-05696,ROHAN SHARMA,Home Office,India,Delhi,New Delhi,400727,North
CUST-05697,Rohan Reddy,Home Office,India,Telangana,Hyderabad,291377,South
CUST-05698,Kavya Patel,Corporate,India,Maharashtra,Nashik,355678,West
CUST-05699,Vijay Das,Corporate,India,Kerala,Kozhikode,975013,South
CUST-05700,  ashok rao  ,Small Business,India,Andhra Pradesh,Guntur,946272,South
CUST-05701,Manoj Gupta,Consumer,India,Jharkhand,Jamshedpur,863633,East
CUST-05702,Lakshmi Kumar,Home Office,India,Tamil Nadu,Coimbatore,429018,South
CUST-05703,Lakshmi Das,Home Office,India,Rajasthan,Jaipur,939628,West
CUST-05704,Manoj Iyer,Home Office,India,Jharkhand,Ranchi,568988,East
CUST-05705,Suresh Sharma,Consumer,India,West Bengal,Howrah,479126,East
CUST-05706,,Home Office,India,Telangana,Warangal,607872,South
CUST-05707,Shalini Gupta,Small Business,India,Punjab,Ludhiana,222728,North
CUST-05708,Lakshmi Rao,Consumer,India,Delhi,Rohini,125204,North
CUST-05709,Meena Sharma,Consumer,India,Andhra Pradesh,Visakhapatnam,873562,South
CUST-05710,Naveen Patel,Home Office,India,Karnataka,Mysuru,554445,South
CUST-05711,Arun Sharma,Consumer,India,Karnataka,Hubballi,139227,South
CUST-05712,Suresh Mishra,Corporate,India,Andhra Pradesh,Guntur,654091,South
CUST-05713,Pooja Gupta,Consumer,India,Andhra Pradesh,Vijayawada,526023,South
CUST-05714,Rohan Singh,Corporate,India,Telangana,Hyderabad,545643,South
CUST-05715,Vikram Sharma,Home Office,India,Bihar,Patna,593368,East
CUST-05716,Sneha Reddy,Corporate,India,Andhra Pradesh,Guntur,470046,South
CUST-05717,Divya Pillai,Consumer,India,Rajasthan,Udaipur,445926,West
CUST-05718,Manoj Iyer,Consumer,India,Gujarat,Ahmedabad,369193,West
CUST-05719,Shalini Joshi,Small Business,India,Jharkhand,Ranchi,793427,East
CUST-05720,Divya Sharma,Corporate,India,Bihar,Patna,339808,East
CUST-05721,Deepa Sharma,Home Office,India,Uttar Pradesh,Noida,479816,North
CUST-05722,Radha Singh,Small Business,India,Karnataka,Mysuru,498169,South
CUST-05723,Lakshmi Gupta,Home Office,India,Karnataka,Bengaluru,816370,South
CUST-05724,Arjun Iyer,Corporate,India,Punjab,Jalandhar,997765,North
CUST-05725,Anita Patel,Corporate,India,Gujarat,Ahmedabad,846985,West
CUST-05726,Ganesh Iyer,Home Office,India,Bihar,Gaya,379083,East
CUST-05727,Meena Kumar,Home Office,India,Delhi,New Delhi,702336,North
CUST-05728,Suresh Chatterjee,Corporate,India,Tamil Nadu,Madurai,934202,South
CUST-05729,Shalini Joshi,Small Business,India,Rajasthan,Jodhpur,119172,West
CUST-05730,Swathi Joshi,Home Office,India,Telangana,Warangal,941803,South
CUST-05731,Arjun Sharma,Home Office,India,Kerala,Thiruvananthapuram,360289,South
CUST-05732,Preethi Mishra,Corporate,India,Haryana,Faridabad,544024,North
CUST-05733,Kavya Mishra,Small Business,India,Maharashtra,Mumbai,545752,West
CUST-05734,Divya Menon,Small Business,India,Andhra Pradesh,Vijayawada,271632,South
CUST-05735,Kiran Menon,Small Business,India,Haryana,Faridabad,570102,North
CUST-05736,Arun Pillai,Small Business,India,Telangana,Warangal,888555,South
CUST-05737,Preethi Das,Corporate,India,Jharkhand,Ranchi,924426,East
CUST-05738,Naveen Das,Home Office,India,Gujarat,Ahmedabad,148662,West
CUST-05739,Deepa Reddy,Home Office,India,Karnataka,Mysuru,135703,South
CUST-05740,Radha Sharma,Consumer,India,Haryana,Panchkula,482929,North
CUST-05741,Suresh Singh,Home Office,India,Delhi,Rohini,770983,North
CUST-05742,Kiran Menon,Home Office,India,Gujarat,Ahmedabad,370885,West
CUST-05743,Anita Verma,Small Business,India,Bihar,Gaya,801606,East
CUST-05744,  kavya menon  ,Home Office,India,Tamil Nadu,Madurai,968300,South
CUST-05745,Ashok Verma,Home Office,India,Delhi,Dwarka,692752,North
CUST-05746,Sneha Joshi,Corporate,India,Jharkhand,Ranchi,592987,East
CUST-05747,Deepa Chatterjee,Small Business,India,Rajasthan,Udaipur,442868,West
CUST-05748,SURESH GUPTA,Small Business,India,Jharkhand,Jamshedpur,776451,East
CUST-05749,Kavya Das,Consumer,India,West Bengal,Kolkata,666552,East
CUST-05750,Swathi Singh,Corporate,India,Karnataka,Bengaluru,667234,South
CUST-05751,Shalini Singh,Home Office,India,Tamil Nadu,Chennai,825576,South
CUST-05752,Sanjay Reddy,Corporate,India,Maharashtra,Mumbai,472126,West
CUST-05753,Arjun Patel,Small Business,India,Haryana,Panchkula,391707,North
CUST-05754,KARTHIK REDDY,Small Business,India,Andhra Pradesh,Guntur,302422,South
CUST-05755,Naveen Joshi,Corporate,India,Uttar Pradesh,Kanpur,459774,North
CUST-05756,Pooja Das,Consumer,India,West Bengal,Kolkata,599575,East
CUST-05757,Deepa Sharma,Consumer,India,Delhi,Dwarka,649334,North
CUST-05758,Naveen Kumar,Small Business,India,Uttar Pradesh,Lucknow,318628,North
CUST-05759,GANESH GUPTA,Home Office,India,Karnataka,Mysuru,753805,South
CUST-05760,Ravi Chatterjee,Home Office,India,Odisha,Cuttack,705257,East
CUST-05761,Ravi Gupta,Home Office,India,Rajasthan,Udaipur,988196,West
CUST-05762,Divya Nair,Consumer,India,Rajasthan,Jodhpur,584596,West
CUST-05763,Divya Iyer,Consumer,India,West Bengal,Siliguri,252132,East
CUST-05764,Ashok Sharma,Small Business,India,Andhra Pradesh,Vijayawada,732016,South
CUST-05765,Suresh Nair,Home Office,India,Tamil Nadu,Salem,701838,South
CUST-05766,Deepa Pillai,Home Office,India,Odisha,Cuttack,882082,East
CUST-05767,Anjali Joshi,Corporate,India,Jharkhand,Ranchi,602625,East
CUST-05768,Priya Rao,Corporate,India,Delhi,New Delhi,955946,North
CUST-05769,Shalini Iyer,Corporate,India,Maharashtra,Nagpur,703408,West
CUST-05770,Naveen Verma,Corporate,India,Andhra Pradesh,Visakhapatnam,307479,South
CUST-05771,Preethi Singh,Corporate,India,Odisha,Cuttack,911624,East
CUST-05772,Ravi Mishra,Corporate,India,Bihar,Gaya,611092,East
CUST-05773,Naveen Patel,Corporate,India,Goa,Margao,183108,West
CUST-05774,Arjun Joshi,Small Business,India,Maharashtra,Nashik,369600,West
CUST-05775,Priya Singh,Small Business,India,Delhi,Dwarka,564638,North
CUST-05776,Sanjay Chatterjee,Home Office,India,Kerala,Thiruvananthapuram,291512,South
CUST-05777,Swathi Sharma,Home Office,India,Uttar Pradesh,Lucknow,119136,North
CUST-05778,Manoj Reddy,Corporate,India,Rajasthan,Udaipur,172416,West
CUST-05779,Ravi Rao,Corporate,India,Maharashtra,Nagpur,158960,West
CUST-05780,Meena Chatterjee,Home Office,India,Tamil Nadu,Coimbatore,939242,South
CUST-05781,Vikram Iyer,Consumer,India,Odisha,Bhubaneswar,183319,East
CUST-05782,Pooja Chatterjee,Corporate,India,Maharashtra,Pune,984310,West
CUST-05783,Priya Sharma,Consumer,India,Jharkhand,Ranchi,831227,East
CUST-05784,Vikram Iyer,Small Business,India,Maharashtra,Pune,476921,West
CUST-05785,Arun Gupta,Small Business,India,Haryana,Gurugram,839920,North
CUST-05786,Deepa Sharma,Consumer,India,Punjab,Jalandhar,982334,North
CUST-05787,Sneha Das,Corporate,India,Uttar Pradesh,Noida,180477,North
CUST-05788,Ashok Patel,Small Business,India,Delhi,New Delhi,100090,North
CUST-05789,Preethi Das,Corporate,India,Telangana,Hyderabad,155577,South
CUST-05790,Suresh Rao,Consumer,India,Kerala,Kozhikode,668837,South
CUST-05791,Naveen Kumar,Home Office,India,Delhi,Rohini,417543,North
CUST-05792,Radha Iyer,Home Office,India,Bihar,Gaya,217970,East
CUST-05793,Naveen Das,Corporate,India,Punjab,Ludhiana,970872,North
CUST-05794,Ashok Patel,Small Business,India,Gujarat,Ahmedabad,608281,West
CUST-05795,ARJUN VERMA,Home Office,India,Andhra Pradesh,Guntur,256939,South
CUST-05796,Suresh Gupta,Small Business,India,Uttar Pradesh,Kanpur,424655,North
CUST-05797,Ashok Patel,Small Business,India,Odisha,Bhubaneswar,882407,East
CUST-05798,Rahul Patel,Corporate,India,Haryana,Gurugram,874614,North
CUST-05799,MEENA REDDY,Home Office,India,Andhra Pradesh,Guntur,158213,South
CUST-05800,Karthik Joshi,Home Office,India,Odisha,Bhubaneswar,923839,East
CUST-05801,  sanjay joshi  ,Small Business,India,Jharkhand,Jamshedpur,675041,East
CUST-05802,Suresh Singh,Home Office,India,Punjab,Jalandhar,413522,North
CUST-05803,VIJAY NAIR,Small Business,India,Jharkhand,Jamshedpur,524048,East
CUST-05804,Neha Sharma,Consumer,India,Bihar,Patna,463382,East
CUST-05805,Swathi Das,Home Office,India,Uttar Pradesh,Kanpur,530657,North
CUST-05806,Meena Nair,Small Business,India,Karnataka,Bengaluru,165817,South
CUST-05807,ROHAN KUMAR,Consumer,India,Maharashtra,Pune,500715,West
CUST-05808,Kavya Iyer,Small Business,India,Karnataka,Bengaluru,330648,South
CUST-05809,Anjali Mishra,Consumer,India,Telangana,Hyderabad,531086,South
CUST-05810,Manoj Iyer,Consumer,India,Kerala,Thiruvananthapuram,139592,South
CUST-05811,  naveen mishra  ,Consumer,India,Andhra Pradesh,Visakhapatnam,894582,South
CUST-05812,Ashok Mishra,Home Office,India,Maharashtra,Nashik,680488,West
CUST-05813,  manoj das  ,Small Business,India,Haryana,Gurugram,655193,North
CUST-05814,Kavya Joshi,Consumer,India,Haryana,Panchkula,821482,North
CUST-05815,NEHA RAO,Consumer,India,Kerala,Kochi,714669,South
CUST-05816,Kiran Nair,Corporate,India,Haryana,Faridabad,479983,North
CUST-05817,Deepa Rao,Small Business,India,Tamil Nadu,Chennai,543363,South
CUST-05818,Ashok Reddy,Consumer,India,Uttar Pradesh,Noida,820344,North
CUST-05819,Meena Mishra,Small Business,India,West Bengal,Howrah,910814,East
CUST-05820,Neha Kumar,Corporate,India,Punjab,Jalandhar,284933,North
CUST-05821,Neha Menon,Consumer,India,Telangana,Warangal,200701,South
CUST-05822,  deepa sharma  ,Small Business,India,Punjab,Amritsar,991187,North
CUST-05823,Kiran Chatterjee,Small Business,India,Bihar,Gaya,352662,East
CUST-05824,Lakshmi Pillai,Home Office,India,West Bengal,Kolkata,210738,East
CUST-05825,Karthik Das,Corporate,India,Bihar,Gaya,533429,East
CUST-05826,Pooja Chatterjee,Small Business,India,Jharkhand,Jamshedpur,302230,East
CUST-05827,Anjali Chatterjee,Corporate,India,Gujarat,Surat,611890,West
CUST-05828,Sneha Verma,Consumer,India,Karnataka,Mysuru,477054,South
CUST-05829,Sanjay Patel,Small Business,India,Delhi,Dwarka,742286,North
CUST-05830,Naveen Joshi,Corporate,India,Haryana,Gurugram,956921,North
CUST-05831,Priya Sharma,Small Business,India,West Bengal,Howrah,104682,East
CUST-05832,Anjali Rao,Consumer,India,Delhi,Dwarka,893213,North
CUST-05833,Rahul Das,Small Business,India,Delhi,New Delhi,843356,North
CUST-05834,Preethi Rao,Consumer,India,Maharashtra,Nashik,491080,West
CUST-05835,Priya Verma,Corporate,India,Jharkhand,Jamshedpur,681383,East
CUST-05836,Kiran Kumar,Small Business,India,Uttar Pradesh,Noida,989991,North
CUST-05837,Arun Sharma,Consumer,India,Kerala,Thiruvananthapuram,761208,South
CUST-05838,Radha Verma,Home Office,India,Gujarat,Ahmedabad,444355,West
CUST-05839,Arun Singh,Home Office,India,Uttar Pradesh,Kanpur,608260,North
CUST-05840,Rahul Kumar,Home Office,India,Maharashtra,Pune,271753,West
CUST-05841,Rohan Pillai,Home Office,India,Punjab,Amritsar,435127,North
CUST-05842,Suresh Mishra,Small Business,India,Punjab,Jalandhar,196333,North
CUST-05843,Vijay Pillai,Home Office,India,Delhi,New Delhi,854506,North
CUST-05844,RAVI REDDY,Home Office,India,Gujarat,Vadodara,765953,West
CUST-05845,Anita Iyer,Corporate,India,Karnataka,Hubballi,206774,South
CUST-05846,Deepa Patel,Home Office,India,West Bengal,Howrah,143740,East
CUST-05847,Ganesh Menon,Corporate,India,Tamil Nadu,Salem,941186,South
CUST-05848,Vijay Chatterjee,Home Office,India,Rajasthan,Jodhpur,699518,West
CUST-05849,  vikram sharma  ,Home Office,India,Rajasthan,Udaipur,258181,West
CUST-05850,Priya Pillai,Small Business,India,Telangana,Warangal,308346,South
CUST-05851,Naveen Reddy,Corporate,India,Tamil Nadu,Salem,600361,South
CUST-05852,Kiran Verma,Consumer,India,Rajasthan,Jaipur,953647,West
CUST-05853,Meena Menon,Corporate,India,Maharashtra,Mumbai,411930,West
CUST-05854,Karthik Singh,Home Office,India,Jharkhand,Jamshedpur,430424,East
CUST-05855,Pooja Sharma,Home Office,India,Rajasthan,Jaipur,712011,West
CUST-05856,Anjali Reddy,Small Business,India,Rajasthan,Jaipur,569496,West
CUST-05857,Swathi Sharma,Consumer,India,Haryana,Panchkula,308116,North
CUST-05858,  naveen rao  ,Corporate,India,Bihar,Patna,643315,East
CUST-05859,  rohan verma  ,Corporate,India,Delhi,Dwarka,740241,North
CUST-05860,  meena rao  ,Small Business,India,Rajasthan,Jaipur,556672,West
CUST-05861,Deepa Nair,Corporate,India,Andhra Pradesh,Guntur,144904,South
CUST-05862,Kavya Das,Consumer,India,Tamil Nadu,Chennai,533403,South
CUST-05863,  arjun sharma  ,Corporate,India,Rajasthan,Jodhpur,912257,West
CUST-05864,Manoj Kumar,Corporate,India,Punjab,Jalandhar,738274,North
CUST-05865,MANOJ PILLAI,Small Business,India,Haryana,Gurugram,649074,North
CUST-05866,Arjun Das,Small Business,India,Tamil Nadu,Chennai,523378,South
CUST-05867,Kiran Iyer,Small Business,India,Maharashtra,Mumbai,670889,West
CUST-05868,Sanjay Iyer,Consumer,India,Uttar Pradesh,Noida,609968,North
CUST-05869,Neha Patel,Consumer,India,Andhra Pradesh,Guntur,438192,South
CUST-05870,Lakshmi Nair,Home Office,India,Uttar Pradesh,Noida,761961,North
CUST-05871,Lakshmi Mishra,Consumer,India,Delhi,New Delhi,327482,North
CUST-05872,Neha Kumar,Home Office,India,West Bengal,Kolkata,672594,East
CUST-05873,Manoj Sharma,Corporate,India,Karnataka,Mysuru,659922,South
CUST-05874,Neha Chatterjee,Corporate,India,Bihar,Patna,580110,East
CUST-05875,Swathi Kumar,Small Business,India,Maharashtra,Mumbai,837392,West
CUST-05876,RADHA JOSHI,Home Office,India,West Bengal,Howrah,816965,East
CUST-05877,Deepa Kumar,Small Business,India,Bihar,Patna,321928,East
CUST-05878,Rahul Rao,Corporate,India,Maharashtra,Pune,212108,West
CUST-05879,Deepa Kumar,Home Office,India,Karnataka,Hubballi,184196,South
CUST-05880,Kiran Reddy,Small Business,India,Tamil Nadu,Madurai,762427,South
CUST-05881,Divya Joshi,Small Business,India,Odisha,Bhubaneswar,454650,East
CUST-05882,Suresh Patel,Consumer,India,Tamil Nadu,Madurai,305933,South
CUST-05883,Anita Sharma,Small Business,India,Andhra Pradesh,Visakhapatnam,780819,South
CUST-05884,Naveen Kumar,Home Office,India,Maharashtra,Pune,646154,West
CUST-05885,Vijay Reddy,Small Business,India,Kerala,Kozhikode,563699,South
CUST-05886,Lakshmi Joshi,Home Office,India,Gujarat,Surat,794371,West
CUST-05887,Ashok Verma,Home Office,India,Odisha,Bhubaneswar,995522,East
CUST-05888,Sanjay Mishra,Corporate,India,Uttar Pradesh,Kanpur,739770,North
CUST-05889,Rohan Das,Home Office,India,Maharashtra,Nashik,745809,West
CUST-05890,Vijay Patel,Corporate,India,Haryana,Gurugram,338723,North
CUST-05891,Kavya Menon,Corporate,India,Tamil Nadu,Madurai,746078,South
CUST-05892,Lakshmi Chatterjee,Home Office,India,Haryana,Panchkula,262671,North
CUST-05893,Anita Das,Small Business,India,Uttar Pradesh,Kanpur,690344,North
CUST-05894,Pooja Chatterjee,Home Office,India,Andhra Pradesh,Vijayawada,621391,South
CUST-05895,Vikram Joshi,Home Office,India,West Bengal,Siliguri,183049,East
CUST-05896,DEEPA RAO,Consumer,India,West Bengal,Howrah,483393,East
CUST-05897,Anita Iyer,Small Business,India,Uttar Pradesh,Lucknow,961848,North
CUST-05898,  naveen sharma  ,Small Business,India,Goa,Panaji,938207,West
CUST-05899,Radha Iyer,Consumer,India,Delhi,New Delhi,149237,North
CUST-05900,Preethi Verma,Home Office,India,Kerala,Kochi,456325,South
CUST-05901,Deepa Patel,Small Business,India,Telangana,Hyderabad,236622,South
CUST-05902,Sneha Kumar,Corporate,India,West Bengal,Siliguri,430082,East
CUST-05903,Neha Mishra,Corporate,India,Odisha,Cuttack,964582,East
CUST-05904,Divya Das,Small Business,India,Telangana,Hyderabad,491660,South
CUST-05905,Priya Chatterjee,Small Business,India,Punjab,Amritsar,223674,North
CUST-05906,Kiran Nair,Consumer,India,Andhra Pradesh,Visakhapatnam,135153,South
CUST-05907,Kavya Patel,Home Office,India,Tamil Nadu,Madurai,425175,South
CUST-05908,Kavya Pillai,Home Office,India,Punjab,Ludhiana,988528,North
CUST-05909,Swathi Patel,Small Business,India,Punjab,Jalandhar,185662,North
CUST-05910,Ashok Pillai,Small Business,India,Tamil Nadu,Chennai,851880,South
CUST-05911,Deepa Verma,Corporate,India,Rajasthan,Udaipur,874662,West
CUST-05912,ASHOK VERMA,Corporate,India,Uttar Pradesh,Noida,927707,North
CUST-05913,Preethi Reddy,Corporate,India,Telangana,Hyderabad,387078,South
CUST-05914,Rohan Joshi,Home Office,India,Maharashtra,Nagpur,839149,West
CUST-05915,Vijay Nair,Home Office,India,Goa,Panaji,836334,West
CUST-05916,Radha Joshi,Home Office,India,Bihar,Patna,774814,East
CUST-05917,Ashok Joshi,Home Office,India,Maharashtra,Nagpur,235768,West
CUST-05918,Radha Joshi,Corporate,India,Uttar Pradesh,Lucknow,925331,North
CUST-05919,Arun Das,Consumer,India,Maharashtra,Pune,758315,West
CUST-05920,Meena Singh,Corporate,India,Uttar Pradesh,Kanpur,743415,North
CUST-05921,Suresh Nair,Corporate,India,Haryana,Faridabad,234927,North
CUST-05922,,Consumer,India,Uttar Pradesh,Kanpur,397990,North
CUST-05923,Kiran Pillai,Consumer,India,Maharashtra,Nashik,691138,West
CUST-05924,Suresh Rao,Home Office,India,Karnataka,Bengaluru,811507,South
CUST-05925,Rohan Rao,Home Office,India,Karnataka,Hubballi,314512,South
CUST-05926,Arun Kumar,Corporate,India,Telangana,Warangal,994769,South
CUST-05927,Lakshmi Singh,Small Business,India,Tamil Nadu,Madurai,438352,South
CUST-05928,Preethi Verma,Small Business,India,West Bengal,Kolkata,121548,East
CUST-05929,Rohan Gupta,Consumer,India,Punjab,Amritsar,768126,North
CUST-05930,Rohan Reddy,Consumer,India,Odisha,Bhubaneswar,635681,East
CUST-05931,Neha Menon,Small Business,India,Maharashtra,Nagpur,766524,West
CUST-05932,Manoj Kumar,Consumer,India,West Bengal,Kolkata,489049,East
CUST-05933,Vikram Gupta,Corporate,India,Maharashtra,Pune,524321,West
CUST-05934,ASHOK MENON,Home Office,India,Haryana,Panchkula,548174,North
CUST-05935,Vijay Joshi,Consumer,India,Goa,Margao,650791,West
CUST-05936,Lakshmi Rao,Small Business,India,Maharashtra,Pune,733618,West
CUST-05937,Kiran Menon,Small Business,India,West Bengal,Kolkata,717524,East
CUST-05938,Divya Singh,Home Office,India,Andhra Pradesh,Vijayawada,390571,South
CUST-05939,Swathi Rao,Small Business,India,Gujarat,Surat,479922,West
CUST-05940,Sneha Chatterjee,Consumer,India,Uttar Pradesh,Lucknow,878427,North
CUST-05941,Rahul Verma,Home Office,India,Uttar Pradesh,Noida,605071,North
CUST-05942,Deepa Reddy,Home Office,India,Andhra Pradesh,Vijayawada,774004,South
CUST-05943,Kiran Mishra,Corporate,India,Rajasthan,Udaipur,911663,West
CUST-05944,Naveen Joshi,Consumer,India,Kerala,Kozhikode,501523,South
CUST-05945,Manoj Chatterjee,Consumer,India,Andhra Pradesh,Vijayawada,761072,South
CUST-05946,Shalini Sharma,Small Business,India,Uttar Pradesh,Noida,622937,North
CUST-05947,Ashok Mishra,Consumer,India,Punjab,Ludhiana,905778,North
CUST-05948,  anjali sharma  ,Small Business,India,West Bengal,Siliguri,923734,East
CUST-05949,Ashok Menon,Small Business,India,Gujarat,Ahmedabad,975230,West
CUST-05950,Manoj Gupta,Home Office,India,Bihar,Gaya,622127,East
CUST-05951,Sneha Chatterjee,Small Business,India,Gujarat,Surat,809177,West
CUST-05952,Pooja Gupta,Corporate,India,Odisha,Bhubaneswar,372784,East
CUST-05953,Manoj Verma,Corporate,India,Maharashtra,Pune,731863,West
CUST-05954,Suresh Patel,Small Business,India,Haryana,Faridabad,722555,North
CUST-05955,  vijay chatterjee  ,Home Office,India,Uttar Pradesh,Kanpur,763743,North
CUST-05956,Ganesh Nair,Consumer,India,Gujarat,Ahmedabad,568457,West
CUST-05957,Swathi Das,Consumer,India,Gujarat,Vadodara,447511,West
CUST-05958,Ashok Nair,Consumer,India,Andhra Pradesh,Visakhapatnam,192980,South
CUST-05959,Neha Das,Consumer,India,Maharashtra,Pune,236923,West
CUST-05960,Naveen Pillai,Consumer,India,Telangana,Warangal,550504,South
CUST-05961,Swathi Chatterjee,Home Office,India,Delhi,New Delhi,196725,North
CUST-05962,Arun Iyer,Small Business,India,Delhi,New Delhi,294373,North
CUST-05963,Meena Mishra,Small Business,India,Andhra Pradesh,Vijayawada,539618,South
CUST-05964,Rohan Joshi,Consumer,India,Maharashtra,Nashik,415475,West
CUST-05965,Rahul Kumar,Corporate,India,Jharkhand,Ranchi,259269,East
CUST-05966,  preethi das  ,Consumer,India,Bihar,Patna,294845,East
CUST-05967,Kavya Reddy,Home Office,India,Andhra Pradesh,Guntur,973562,South
CUST-05968,Naveen Kumar,Home Office,India,Kerala,Thiruvananthapuram,313741,South
CUST-05969,Ravi Iyer,Small Business,India,West Bengal,Howrah,972560,East
CUST-05970,Shalini Chatterjee,Consumer,India,Haryana,Faridabad,468697,North
CUST-05971,Sanjay Reddy,Consumer,India,Telangana,Hyderabad,733235,South
CUST-05972,Rahul Sharma,Consumer,India,Karnataka,Mysuru,224165,South
CUST-05973,Swathi Joshi,Small Business,India,Maharashtra,Pune,738353,West
CUST-05974,Meena Das,Small Business,India,Maharashtra,Pune,133847,West
CUST-05975,Kavya Iyer,Corporate,India,Uttar Pradesh,Lucknow,256840,North
CUST-05976,Arjun Singh,Small Business,India,Bihar,Gaya,591877,East
CUST-05977,Rohan Patel,Home Office,India,Tamil Nadu,Salem,577384,South
CUST-05978,Neha Das,Home Office,India,Uttar Pradesh,Kanpur,568704,North
CUST-05979,Arun Sharma,Small Business,India,Rajasthan,Udaipur,847665,West
CUST-05980,Rahul Pillai,Corporate,India,Delhi,Dwarka,221279,North
CUST-05981,Manoj Nair,Consumer,India,Jharkhand,Ranchi,789824,East
CUST-05982,Anita Iyer,Corporate,India,Karnataka,Mysuru,118626,South
CUST-05983,Naveen Chatterjee,Consumer,India,Kerala,Kochi,738715,South
CUST-05984,Rahul Sharma,Corporate,India,Rajasthan,Udaipur,392086,West
CUST-05985,Pooja Das,Small Business,India,West Bengal,Howrah,347264,East
CUST-05986,Ashok Iyer,Consumer,India,Andhra Pradesh,Vijayawada,211367,South
CUST-05987,Arun Kumar,Consumer,India,Karnataka,Mysuru,561476,South
CUST-05988,Suresh Sharma,Consumer,India,Andhra Pradesh,Visakhapatnam,815499,South
CUST-05989,Suresh Nair,Consumer,India,Gujarat,Ahmedabad,686913,West
CUST-05990,Lakshmi Gupta,Consumer,India,Maharashtra,Mumbai,927962,West
CUST-05991,Swathi Sharma,Consumer,India,West Bengal,Howrah,543281,East
CUST-05992,Karthik Das,Small Business,India,West Bengal,Howrah,547365,East
CUST-05993,Rohan Patel,Small Business,India,Uttar Pradesh,Noida,102053,North
CUST-05994,Arun Verma,Home Office,India,Jharkhand,Jamshedpur,644083,East
CUST-05995,Suresh Joshi,Home Office,India,Gujarat,Ahmedabad,846259,West
CUST-05996,Priya Rao,Consumer,India,Punjab,Ludhiana,306879,North
CUST-05997,Kavya Iyer,Small Business,India,Maharashtra,Pune,464431,West
CUST-05998,Meena Mishra,Consumer,India,Telangana,Warangal,376790,South
CUST-05999,PREETHI MENON,Consumer,India,Uttar Pradesh,Kanpur,480524,North
CUST-06000,Arun Nair,Corporate,India,Telangana,Hyderabad,343694,South
CUST-01484,Vikram Menon,Small Business,India,Karnataka,Bengaluru,614958,South
CUST-02186,  lakshmi sharma  ,Small Business,India,Kerala,Thiruvananthapuram,497877,South
CUST-02521,Rahul Sharma,Small Business,India,Maharashtra,Pune,955957,West
CUST-03722,Vikram Chatterjee,Corporate,India,Kerala,Thiruvananthapuram,535110,South
CUST-03728,Manoj Verma,Small Business,India,Bihar,Patna,143138,East
CUST-04525,Pooja Das,Consumer,India,Rajasthan,Udaipur,274168,West
CUST-00235,Vijay Das,Corporate,India,Rajasthan,Udaipur,177333,West
CUST-04736,Ganesh Nair,Consumer,India,Haryana,Faridabad,101464,North
CUST-05840,Rahul Kumar,Home Office,India,Maharashtra,Pune,271753,West
CUST-02940,Vijay Chatterjee,Home Office,India,Uttar Pradesh,Lucknow,897504,North
CUST-03054,Ravi Iyer,Corporate,India,Maharashtra,Mumbai,414227,West
CUST-00868,Karthik Reddy,Consumer,India,Uttar Pradesh,Noida,389346,North
CUST-00277,Anita Mishra,Corporate,India,West Bengal,Siliguri,369761,East
CUST-05799,MEENA REDDY,Home Office,India,Andhra Pradesh,Guntur,158213,South
CUST-03513,Vikram Singh,Small Business,India,Odisha,Cuttack,404367,East
CUST-05790,Suresh Rao,Consumer,India,Kerala,Kozhikode,668837,South
CUST-03199,Preethi Chatterjee,Consumer,India,Karnataka,Hubballi,371661,South
CUST-05909,Swathi Patel,Small Business,India,Punjab,Jalandhar,185662,North
CUST-05719,Shalini Joshi,Small Business,India,Jharkhand,Ranchi,793427,East
CUST-02688,Vikram Menon,Corporate,India,Haryana,Panchkula,645588,North
CUST-00251,Anita Pillai,Consumer,India,Telangana,Hyderabad,483713,South
CUST-05462,Lakshmi Verma,Small Business,India,Goa,Panaji,885697,West
CUST-03053,Preethi Menon,Consumer,India,Telangana,Warangal,220236,South
CUST-02712,Meena Singh,Consumer,India,Kerala,Kochi,564328,South
